kernel,start,objective,converged,evaluations,boundary_hit,param_0,param_1,param_2,test_year,best_for_fold,param_3,param_4
se,0,47530.35207347639,True,121,False,1.5558740485382827,1.373890709194695,-1.9798566121980155,2001,True,,
se,1,47530.50837565698,True,196,False,1.5522517641632845,1.372396244993012,-1.9798566121980166,2001,True,,
se,2,47530.72763312614,True,109,False,1.5540235559766724,1.3730397968709602,-1.976465082765175,2001,True,,
se,3,47530.34382312336,True,121,False,1.555617111389241,1.3744139125519996,-1.9875820422820234,2001,True,,
se,4,47530.4760099851,True,121,False,1.5482225805407386,1.371643767787431,-1.9842833724897906,2001,True,,
se,5,47530.45493839858,True,115,False,1.5574114918962758,1.374314260112809,-1.9781160194317564,2001,True,,
se,6,47530.55529115259,True,127,False,1.5508010501885623,1.3720954160608174,-1.989802940258629,2001,True,,
se,7,47530.31398701392,True,133,False,1.5517143454171196,1.3763273857806373,-1.9815276995993834,2001,True,,
se,8,47530.7869008665,True,109,False,1.563018131542075,1.3757344522183435,-1.9906499068079018,2001,False,,
se,9,47530.99443132774,True,103,False,1.555874048538282,1.3807953517352851,-1.9745235579290135,2001,False,,
se,10,47531.050899648624,True,91,False,1.563242996839828,1.377437360023752,-1.9910336677210363,2001,False,,
se,11,47581.685239407416,False,240,False,1.5533975508876654,1.3693150790279307,-2.0705357230637977,2001,False,,
se,12,47531.383237421185,True,109,False,1.546870340253657,1.3704095151703959,-1.99590663021902,2001,False,,
se,13,47603.19470628917,False,240,False,1.5346414611333423,1.3211665640370354,-2.0705357230637977,2001,False,,
se,14,47530.28543523847,True,115,False,1.5533769144955116,1.373014554711093,-1.9847990988791284,2001,True,,
se,15,47530.414924810844,True,133,False,1.5506139842615136,1.3757901755133621,-1.9856567839304389,2001,True,,
se,16,47531.20764981807,True,109,False,1.5625503491571824,1.3768786676020561,-1.9710881594464948,2001,False,,
se,17,47531.09358315978,True,115,False,1.5567057195529248,1.3766350494155029,-1.992475603184856,2001,False,,
se,18,47530.3547754662,True,133,False,1.5570252030075529,1.3773764046757686,-1.9787322753574972,2001,True,,
se,19,47530.311809216364,True,138,False,1.555874048538282,1.3729040787312528,-1.9853744735125858,2001,True,,
matern32,0,44538.46114346543,True,115,False,1.6997856168504102,2.0639369767733413,-2.3425730556611213,2001,False,,
matern32,1,44538.04603556796,True,115,False,1.7111034560370941,2.0655419063057763,-2.347133781337653,2001,True,,
matern32,2,44538.609727314266,True,133,False,1.732548397796397,2.075006363387059,-2.3591256599178627,2001,False,,
matern32,3,44538.491086477676,True,177,False,1.6983369629517346,2.0640683457602886,-2.342573055661122,2001,False,,
matern32,4,44538.051017276484,True,163,False,1.703400009118926,2.0656759900921293,-2.345950567072246,2001,True,,
matern32,5,44537.94159416862,True,139,False,1.7009876896688716,2.064248766617061,-2.350091473746241,2001,True,,
matern32,6,44538.016144307774,True,127,False,1.7161974030731126,2.069090952950265,-2.360768543224088,2001,True,,
matern32,7,44538.65912033472,True,127,False,1.7246317865675178,2.0754039385880656,-2.340060684952915,2001,False,,
matern32,8,44537.8750650491,True,103,False,1.7075444697265338,2.064218428285203,-2.350551790086811,2001,True,,
matern32,9,44538.39585864376,True,155,False,1.7232885605027504,2.0734073507949224,-2.3425730556611177,2001,False,,
matern32,10,44538.73156506146,True,132,False,1.6934975193000985,2.0639735357715088,-2.3425730556611195,2001,False,,
matern32,11,44538.371709679646,True,120,False,1.700868288591009,2.06643642978322,-2.3425730556611195,2001,False,,
matern32,12,44538.3169214064,True,190,False,1.7029216616734393,2.0678001415747542,-2.342573055661122,2001,False,,
matern32,13,44537.83701747198,True,127,False,1.716332127173899,2.071397930682485,-2.3494981857555506,2001,True,,
matern32,14,44537.81590391732,True,115,False,1.7141720800854527,2.0664092581154336,-2.3526815811610597,2001,True,,
matern32,15,44537.90027118927,True,156,False,1.7177745628894252,2.0677979823601187,-2.351428576082482,2001,True,,
matern32,16,44538.48746983865,True,121,False,1.7065361225415538,2.0590149874978314,-2.364593575477387,2001,False,,
matern32,17,44537.98467656897,True,115,False,1.7084355348969362,2.0706245130260137,-2.351505578874731,2001,True,,
matern32,18,44538.451704556675,True,149,False,1.7026600657637714,2.063814335055328,-2.3425730556611186,2001,False,,
matern32,19,44537.93025505702,True,97,False,1.7206098718288774,2.0727634192981204,-2.3541462039868937,2001,True,,
matern52,0,45317.03913741107,True,115,False,1.6458187787333625,1.7764176986155717,-2.1838846116460124,2001,True,,
matern52,1,45317.30493753025,True,127,False,1.638967766359626,1.7771988000923666,-2.191666696889221,2001,True,,
matern52,2,45317.0641592183,True,109,False,1.64781892008742,1.778928865733489,-2.1789570951381254,2001,True,,
matern52,3,45317.0018529489,True,121,False,1.6491013985458631,1.782944703327822,-2.1848232580389424,2001,True,,
matern52,4,45317.27898011556,True,115,False,1.6545813138653895,1.7823390958294025,-2.190520054393381,2001,True,,
matern52,5,45317.089735794885,True,109,False,1.6470355554947853,1.7759794901338573,-2.186659940539531,2001,True,,
matern52,6,45317.06317356814,True,121,False,1.6563444897571677,1.780893888846084,-2.1835131356454602,2001,True,,
matern52,7,45317.43410035418,True,103,False,1.644379352059293,1.7845213344993622,-2.1749953040664223,2001,False,,
matern52,8,45317.940260400654,True,97,False,1.6351084410240884,1.7711432002088703,-2.195619725645406,2001,False,,
matern52,9,45317.187246952,True,121,False,1.641471562676515,1.7742539920714593,-2.1859098122937617,2001,True,,
matern52,10,45317.302812404196,True,133,False,1.636606965174619,1.7758916576960733,-2.178984296550122,2001,True,,
matern52,11,45317.43755260065,True,121,False,1.6404238152256123,1.7755953953761139,-2.177629185265367,2001,False,,
matern52,12,45318.48171218827,True,115,False,1.6692296035156837,1.786756681967145,-2.192984681419121,2001,False,,
matern52,13,45316.98411949952,True,144,False,1.6458187787333622,1.7804177850013445,-2.1876638976966096,2001,True,,
matern52,14,45317.42264848304,True,127,False,1.6620259226296066,1.783984702660806,-2.188047543931084,2001,False,,
matern52,15,45316.885434094846,True,161,False,1.6476013324425605,1.7814350095077183,-2.1838846116460098,2001,True,,
matern52,16,45316.93248527135,True,121,False,1.651628572135608,1.781811349761887,-2.1806425695636458,2001,True,,
matern52,17,45317.932416153584,True,103,False,1.6638319460599351,1.7881124655546479,-2.173087731434668,2001,False,,
matern52,18,45316.89674058836,True,207,False,1.6517924915364035,1.7807200959742904,-2.1838846116460138,2001,True,,
matern52,19,45317.033725224064,True,97,False,1.6497471262995083,1.7802383360422727,-2.178671026132107,2001,True,,
periodic,0,51952.641776404205,True,115,False,1.6278298326943466,0.10073809781848975,-1.5944703910184659,2001,True,,
periodic,1,51952.658906133045,True,225,False,1.6283486811177843,0.10029666658178327,-1.5944703910184668,2001,True,,
periodic,2,52031.009020830206,False,240,False,1.6006807336676605,0.0815599245188193,-1.7078192796006921,2001,False,,
periodic,3,51952.999035851295,True,145,False,1.6352383250191191,0.09855498118104769,-1.6089373141331158,2001,False,,
periodic,4,51952.611459631786,True,127,False,1.6300799708207718,0.10583609471451036,-1.5970374879645013,2001,True,,
periodic,5,51952.955595523876,True,97,False,1.6505569092238688,0.1106331817217307,-1.59528414863496,2001,False,,
periodic,6,51953.0830171018,True,121,False,1.6264780541060584,0.10046123212131058,-1.608019249569126,2001,False,,
periodic,7,51953.067274150104,True,151,False,1.6335737849986076,0.10877408832668689,-1.5888953478436576,2001,False,,
periodic,8,51952.48143477907,False,240,False,1.6330698789962552,0.10372872058117022,-1.594470391018469,2001,True,,
periodic,9,51952.41953218194,True,139,False,1.6339875685334093,0.10098977394361369,-1.5979002399057143,2001,True,,
periodic,10,51952.62893269924,True,127,False,1.6319054827623631,0.10018329684071126,-1.594738069041598,2001,True,,
periodic,11,51952.90780303459,True,133,False,1.6410863383047989,0.10716125081633004,-1.5892679436223247,2001,True,,
periodic,12,52046.85560653452,False,240,False,1.5454324778402473,0.07658605789836181,-1.7078192796006921,2001,False,,
periodic,13,51952.688905300514,True,139,False,1.6261748536431453,0.10076043215195682,-1.5943490407032666,2001,True,,
periodic,14,51952.441393637826,True,127,False,1.6398830577805972,0.10442188763825999,-1.595758139482235,2001,True,,
periodic,15,51952.59703672948,True,218,False,1.627829832694346,0.10311655666555884,-1.594470391018467,2001,True,,
periodic,16,51952.4273325962,True,139,False,1.630176214295534,0.10259210615403211,-1.5988253450505363,2001,True,,
periodic,17,51952.47176597028,True,127,False,1.6407964796198549,0.10339020651388578,-1.6015972461485233,2001,True,,
periodic,18,51952.46579074336,True,115,False,1.6315111783281209,0.10079007135154568,-1.602313580156126,2001,True,,
periodic,19,51952.54071927926,True,145,False,1.6386493479249933,0.09998373037091901,-1.6018252200553769,2001,True,,
locally_periodic,0,44553.4916654742,True,164,True,1.6997856168504104,2.302585092994046,2.072151813292135,2001,True,-2.3425730556611213,
locally_periodic,1,44554.14548026536,True,208,True,1.7245814486529405,2.302585092994046,2.085013990886297,2001,False,-2.3426488302429553,
locally_periodic,2,44576.43389646671,False,240,False,1.7730247015982807,2.2879126546717683,2.0680675982889634,2001,False,-2.4009519633609426,
locally_periodic,3,44553.8145219476,True,157,True,1.6897711235062038,2.302585092994046,2.0671167840131335,2001,True,-2.344396077694723,
locally_periodic,4,44553.61688592971,True,218,True,1.695665896571283,2.302585092994046,2.0654852954016336,2001,True,-2.348281428820414,
locally_periodic,5,52826.2271777913,False,240,False,1.2784743577428195,-0.5613378049451281,3.422821073914778,2001,False,-2.4332521665269033,
locally_periodic,6,44565.822470424624,False,240,True,1.6658459872250884,2.302585092994046,2.0310776306981677,2001,False,-2.356286279608131,
locally_periodic,7,44591.802862000965,False,240,False,1.7489223498155348,2.1939924476277826,2.096796322848515,2001,False,-2.2614394238432967,
locally_periodic,8,44553.63472748799,True,172,True,1.7041975773386224,2.302585092994046,2.073466528148281,2001,True,-2.35667483490456,
locally_periodic,9,44554.170025584724,True,196,True,1.6849288543671799,2.302585092994046,2.0617302801419264,2001,False,-2.355515653740003,
locally_periodic,10,44553.601679748856,True,198,True,1.6970395075971352,2.302585092994046,2.0722285279204793,2001,True,-2.3425730556611186,
locally_periodic,11,44553.39350190827,True,177,True,1.7136920331650571,2.302585092994046,2.072970098955359,2001,True,-2.352419162631879,
locally_periodic,12,44553.65784706621,True,190,True,1.703578562058142,2.302585092994046,2.0708726265360604,2001,True,-2.3591269609257357,
locally_periodic,13,44576.10460097823,False,240,True,1.7557891069279623,2.302585092994046,2.0764278002517393,2001,False,-2.3016274118559874,
locally_periodic,14,44553.3715723411,True,129,True,1.7091842624040268,2.302585092994046,2.0720151241816698,2001,True,-2.3460736838339478,
locally_periodic,15,44553.60472250273,True,135,True,1.6948477056780653,2.302585092994046,2.070926439935258,2001,True,-2.3440705922914535,
locally_periodic,16,44553.51190124321,True,183,True,1.7130136865405925,2.302585092994046,2.072151813292134,2001,True,-2.3561670098647625,
locally_periodic,17,44596.444217364944,False,240,False,1.6803197648721535,2.0476265650845207,2.031077630698167,2001,False,-2.4332521665268985,
locally_periodic,18,44553.83607181767,True,171,True,1.7077798685493726,2.302585092994046,2.079069946340016,2001,False,-2.338736101668946,
locally_periodic,19,45009.18564305794,False,240,False,1.742819931982703,0.8152704934005977,2.162515014998862,2001,False,-2.4332521665268985,
additive,0,44495.32449327785,False,240,False,-0.06313109497315594,-0.40295239127395777,1.5198961564602504,2001,False,2.6225458600512934,-2.2518939447953445
additive,1,44002.46765448118,False,240,False,1.6511295771499852,1.1799033121147986,0.4576588818397325,2001,False,1.5056954500375344,-2.445017709373454
additive,2,44249.80132843538,False,240,False,-1.3861205992947243,-0.7915136257167036,1.7263667425616522,2001,False,2.3637566469840112,-2.387210686492214
additive,3,44464.99251944722,False,240,False,-1.9499134085811773,-1.8762982174271365,1.7490164126670416,2001,False,2.1826763457116996,-7.740619573982878
additive,4,43997.73172137151,False,240,False,1.331662434688967,1.5254626241085556,0.9742662102527193,2001,False,1.7330466662039856,-2.3940392720947585
additive,5,43977.81992574699,False,240,False,1.519896156460251,1.2088571738218743,0.6657909021091499,2001,False,1.5850513640340147,-2.433252166526895
additive,6,44104.99789835345,False,240,False,1.2320730198359964,1.7845034470703858,1.1250593653599457,2001,False,1.8495778088852652,-2.2783064165695324
additive,7,44494.81659146899,False,240,False,1.6859861908368812,0.858568392247456,-0.2859192411235483,2001,False,1.2049099819315932,-2.4332521665268985
additive,8,44428.21402382266,True,177,False,-2.495778293795232,-1.7845034470703853,1.7325914994006764,2001,False,2.1568887587218475,-3.063764620544309
additive,9,44426.56895968029,False,240,False,-0.48104174854070686,-0.5107801272259556,1.7106154017200887,2001,False,2.5409198398206994,-2.210617734798334
additive,10,43980.34985725636,False,240,False,1.553234340300011,1.1957013663900784,0.5898029612503728,2001,False,1.5778985084586412,-2.4268311081042513
additive,11,43993.452238484446,False,240,False,1.6137311980261857,1.1323053000646617,0.516741817016849,2001,False,1.5372680239007686,-2.457059524409446
additive,12,43989.511579485676,False,240,False,1.569735221393475,1.2088571738218745,0.5882943778280445,2001,False,1.559287073773017,-2.493806738582551
additive,13,44427.438771485526,True,240,False,-2.5386859252860448,-1.7666770575177928,1.7406474275859634,2001,False,2.1614827064729294,-2.9890479009239876
additive,14,44246.51386231891,False,240,False,-1.5034004298133417,-0.8149864506662347,1.7096704343641107,2001,False,2.3432414184123163,-2.3764762036940765
additive,15,44429.76978016072,True,236,False,-2.453628806643323,-1.8132857607328106,1.7404454354990366,2001,False,2.1623228865702018,-3.158685053453107
additive,16,44426.68965116199,True,201,False,-2.5658527813648937,-1.7817010636756925,1.713104861134718,2001,False,2.145449610684929,-2.995623808576281
additive,17,43974.71048760791,False,240,False,1.4527654426644896,1.3714352058334993,0.782002443966371,2001,True,1.6365866348102314,-2.458468979858881
additive,18,44248.0466610671,False,240,False,-1.394313101860338,-0.7886203999304702,1.6907540994622703,2001,False,2.3432414184123167,-2.37451159123029
additive,19,44439.29298271926,False,240,False,-2.0489749239093675,-1.9507794663768314,1.7616723405730725,2001,False,2.1820774707309845,-10.957088587909873
se,0,48270.31250891826,True,139,False,1.5652395026669976,1.373890709194695,-1.9931609357857443,2002,True,,
se,1,48270.704889462635,True,121,False,1.5679786163053506,1.3829733501422166,-1.979314332036606,2002,False,,
se,2,48270.055820004294,True,133,False,1.5600297965781236,1.3756232469288046,-1.9888548908272936,2002,True,,
se,3,48272.207826813574,False,240,False,1.5590598229974733,1.3757861337966462,-1.9704911580693074,2002,False,,
se,4,48270.50839010213,True,127,False,1.5535359734546437,1.3733238152772869,-1.9927896797690179,2002,True,,
se,5,48270.58886427194,True,127,False,1.5582951638475757,1.3731997706331773,-1.9832928213320122,2002,False,,
se,6,48270.8503197698,True,133,False,1.5728044505587775,1.376830962391515,-1.9972879924237181,2002,False,,
se,7,49566.71550292994,False,240,False,1.2656626282603405,1.1210975342321452,-2.0611702689350837,2002,False,,
se,8,48270.280130149215,True,115,False,1.5664639120313348,1.3787037536141922,-1.9918177699460897,2002,True,,
se,9,48270.341970329864,True,133,False,1.5707840759394804,1.3805352328178733,-1.980956419642387,2002,True,,
se,10,48270.532257409475,True,127,False,1.5725426476370163,1.3758306672340572,-1.9946017738268444,2002,True,,
se,11,48270.1288181682,True,103,False,1.56243655014126,1.3759800477725994,-1.9918757581501745,2002,True,,
se,12,48270.90992705568,True,145,False,1.5628160322763696,1.3770178687870818,-1.9982482274052902,2002,False,,
se,13,48270.58682666725,True,109,False,1.5708756849978254,1.3762546695733706,-1.9806301911102737,2002,False,,
se,14,48270.26836150071,True,109,False,1.5637183956570642,1.3798430451985848,-1.9889210820876329,2002,True,,
se,15,48270.27363808739,True,127,False,1.5717558434542227,1.3756733031069892,-1.9903817398315193,2002,True,,
se,16,48270.46183446435,True,109,False,1.5598053010025419,1.3808851465817051,-1.9857840782045142,2002,True,,
se,17,48270.33962840833,True,115,False,1.5671682252023154,1.3736800590313223,-1.9918387870490433,2002,True,,
se,18,48270.28117246887,True,103,False,1.5658210052003487,1.3737609231584222,-1.9881602051857312,2002,True,,
se,19,48270.12922835584,True,127,False,1.562050163418802,1.3793101678358317,-1.9861119703522876,2002,True,,
matern32,0,45200.48906141124,True,127,False,1.727140017018141,2.0721518132921353,-2.3558773792488497,2002,True,,
matern32,1,45200.58936205653,True,187,False,1.7341309133667036,2.07668300912618,-2.3632473191290684,2002,True,,
matern32,2,45200.81582721711,True,145,False,1.7343502826740296,2.0815427180992603,-2.3567461817363276,2002,False,,
matern32,3,45200.47508375016,True,109,False,1.7092731619884298,2.0692977176614122,-2.3587637278748037,2002,True,,
matern32,4,45201.16356548798,True,121,False,1.7128023257606717,2.073151636335577,-2.345306386531228,2002,False,,
matern32,5,45201.07104816254,True,155,False,1.7427983043548547,2.081515592944623,-2.355877379248848,2002,False,,
matern32,6,45200.46623612396,True,139,False,1.721916753108394,2.0765297119948265,-2.3560270860436896,2002,True,,
matern32,7,45200.80808849663,True,115,False,1.7320185646168098,2.0773955402750133,-2.3668331887661727,2002,False,,
matern32,8,45200.792951585,True,133,False,1.714920238600041,2.0679084236441176,-2.3512555213408373,2002,True,,
matern32,9,45200.48929688721,True,138,False,1.715417944759683,2.0676020462119427,-2.3558773792488514,2002,True,,
matern32,10,45200.54996032914,True,202,False,1.7190956952884664,2.076140509813722,-2.3558773792488523,2002,True,,
matern32,11,45200.71034128236,True,133,False,1.718604591325555,2.069164043273272,-2.3707138249152178,2002,True,,
matern32,12,45200.65600250043,True,133,False,1.725194415410749,2.0736349925739335,-2.3685368601052623,2002,True,,
matern32,13,45200.40872228339,True,136,False,1.7236690887564328,2.0711578646149063,-2.355877379248848,2002,True,,
matern32,14,45200.45302964588,True,133,False,1.7259751075016716,2.077333683327154,-2.35861560629586,2002,True,,
matern32,15,45200.79469845373,True,151,False,1.7288123261926702,2.075435001016699,-2.3687404145834146,2002,True,,
matern32,16,45200.86395930701,True,154,False,1.7382439537346601,2.0815767797560403,-2.355877379248848,2002,False,,
matern32,17,45200.71596055949,True,133,False,1.7211736057596736,2.0670675393913958,-2.3695594903917025,2002,True,,
matern32,18,45200.73768425707,True,109,False,1.7273040253024017,2.071199900719162,-2.370062728625397,2002,True,,
matern32,19,45200.34545323734,True,133,False,1.7286652475652486,2.075207526406753,-2.3574012434351914,2002,True,,
matern52,0,46001.74165115011,True,115,False,1.6551842328620772,1.7846325351343655,-2.1971889352337404,2002,True,,
matern52,1,46001.816631229696,True,103,False,1.6687222413888017,1.7909803546343197,-2.1827638350730223,2002,True,,
matern52,2,46001.74900545481,True,185,False,1.666734852079708,1.7836378757344784,-2.197188935233739,2002,True,,
matern52,3,46001.41007571209,True,115,False,1.6540814309017096,1.783117923178804,-2.1824104319082767,2002,True,,
matern52,4,46001.49065421079,True,121,False,1.6618938341478666,1.7849286151911323,-2.1953187379620838,2002,True,,
matern52,5,46002.4318246544,True,127,False,1.6532166239464159,1.7888973565063664,-2.17425745153927,2002,False,,
matern52,6,46001.65409647297,True,139,False,1.649156817293778,1.781699113586123,-2.1808155528689706,2002,True,,
matern52,7,46002.12247214305,True,97,False,1.6732515408995983,1.7889586416100356,-2.1953167562233453,2002,False,,
matern52,8,46001.83644449173,True,127,False,1.6563127849573194,1.7831655055699396,-2.1784931466117854,2002,True,,
matern52,9,46001.55670340539,True,206,False,1.6594508212392554,1.7807848050702886,-2.197188935233744,2002,True,,
matern52,10,46002.38044937502,True,167,False,1.6362571022869323,1.7733265191743797,-2.1971889352337386,2002,False,,
matern52,11,46001.43282873687,True,121,False,1.6479992764299072,1.7822892093045086,-2.183842935835582,2002,True,,
matern52,12,46001.59699793665,True,161,False,1.6593609514387406,1.7801052401739708,-2.1971889352337386,2002,True,,
matern52,13,46001.50642379305,True,145,False,1.6619393119138894,1.780962387531609,-2.194606923456136,2002,True,,
matern52,14,46001.57779995048,True,121,False,1.6626090460300946,1.789589584755676,-2.184990856910337,2002,True,,
matern52,15,46001.502229052734,True,144,False,1.6551842328620767,1.780217024310108,-2.1971889352337395,2002,True,,
matern52,16,46001.46319287666,True,103,False,1.667837313866121,1.7866705880959617,-2.18638845925615,2002,True,,
matern52,17,46002.00021404025,True,195,False,1.6711323045360054,1.7861630709510374,-2.197188935233743,2002,False,,
matern52,18,46002.264310995706,True,121,False,1.6533051231293814,1.7894783558795315,-2.1765473510705298,2002,False,,
matern52,19,46001.56417527515,True,138,False,1.6559726897366898,1.7792475285166995,-2.1971889352337395,2002,True,,
periodic,0,52735.54247476975,True,103,False,1.6371952868230615,0.10073809781848975,-1.6077747146061947,2002,True,,
periodic,1,52735.43321779947,True,109,False,1.6505531000806242,0.10585686816552581,-1.6058703425129484,2002,True,,
periodic,2,52735.62325883632,True,109,False,1.637168169177253,0.10677504044713221,-1.6079744924865913,2002,True,,
periodic,3,52735.628982523165,True,127,False,1.6480877039291213,0.11256033038731716,-1.5969920556351966,2002,True,,
periodic,4,52736.30313213237,True,133,False,1.6275328844986237,0.10200183709400264,-1.5949378601166915,2002,False,,
periodic,5,52735.41829052806,True,133,False,1.6515999127989132,0.10759394320411711,-1.6050243780315312,2002,True,,
periodic,6,52735.52603935587,True,133,False,1.6362307487862628,0.10726948073262862,-1.605478633809029,2002,True,,
periodic,7,52735.391307878715,True,139,False,1.6371952868230608,0.10508450871213618,-1.606224338313781,2002,True,,
periodic,8,52736.39197877793,True,103,False,1.6349173957915522,0.10016947540063709,-1.616212455534524,2002,False,,
periodic,9,52735.72415800466,True,121,False,1.642366502743003,0.10253054664116196,-1.6117231722919465,2002,True,,
periodic,10,52735.31137901291,True,133,False,1.6444249612505266,0.10818448192288674,-1.5996425237916787,2002,True,,
periodic,11,52735.552559284886,True,133,False,1.655184232862077,0.1107893086336182,-1.6003639231551234,2002,True,,
periodic,12,52735.40757891992,True,109,False,1.6447557168527442,0.1042275962868833,-1.6077174084302361,2002,True,,
periodic,13,52736.58460251935,True,145,False,1.6557792399278368,0.11589002510453877,-1.589671458504136,2002,False,,
periodic,14,52735.858199680966,True,121,False,1.6332404225444421,0.10282607972547214,-1.6113793959927956,2002,False,,
periodic,15,52872.85653772423,False,240,False,1.5693243892171713,-0.013835351340702073,-1.698453825471978,2002,False,,
periodic,16,52735.86787369907,True,133,False,1.6489833537426355,0.10246887101254423,-1.611568217592965,2002,False,,
periodic,17,52735.55206967506,True,133,False,1.6471654104605409,0.10499859407670731,-1.5986021009395235,2002,True,,
periodic,18,52736.12129654008,True,133,False,1.6333198639387476,0.10746718089048554,-1.5924724306922544,2002,False,,
periodic,19,52735.605590987994,True,139,False,1.6408500347953545,0.10454354452212983,-1.596967426631904,2002,True,,
locally_periodic,0,45217.45206313272,True,231,True,1.6911621249401092,2.302585092994046,2.0639369767733418,2002,False,-2.3558773792488497,
locally_periodic,1,45217.18604452822,True,234,True,1.698292275093613,2.302585092994046,2.0736592481571785,2002,False,-2.3448746003733394,
locally_periodic,2,45216.22973985537,True,204,True,1.7210303568922536,2.302585092994046,2.07852961710746,2002,True,-2.355877379248848,
locally_periodic,3,45216.53440873055,True,160,True,1.7165017413998054,2.302585092994046,2.0749616134447417,2002,True,-2.3498595541171006,
locally_periodic,4,45216.22282146307,True,129,True,1.7200180770539626,2.302585092994046,2.077717012259269,2002,True,-2.3564810670945233,
locally_periodic,5,45216.37807383071,True,179,True,1.7115222519266455,2.302585092994046,2.0722006262149426,2002,True,-2.3558773792488483,
locally_periodic,6,45216.35309249637,True,240,True,1.7252723845060987,2.302585092994046,2.0817366978761798,2002,True,-2.3558773792488523,
locally_periodic,7,45236.867570592716,False,240,True,1.8163476831575454,2.302585092994046,2.111966481681818,2002,False,-2.385760336513938,
locally_periodic,8,45218.48369626893,False,240,True,1.7202512496717677,2.302585092994046,2.0698398460946414,2002,False,-2.378547156965296,
locally_periodic,9,45217.69131466881,True,168,True,1.74127664387231,2.302585092994046,2.0867476572826402,2002,False,-2.364441243258106,
locally_periodic,10,45216.71642724739,True,157,True,1.7128871365181062,2.302585092994046,2.075606925529387,2002,False,-2.3455726134447454,
locally_periodic,11,45217.22250570245,True,135,True,1.7364951769092978,2.302585092994046,2.0869997942437917,2002,False,-2.3457183622690074,
locally_periodic,12,45216.46166221899,True,177,True,1.7040027343332922,2.302585092994046,2.0742482787481817,2002,True,-2.355877379248848,
locally_periodic,13,45216.88931921488,True,192,True,1.7321278848603394,2.302585092994046,2.0871755732213884,2002,False,-2.355877379248848,
locally_periodic,14,45220.740012570364,False,240,True,1.6685733569851116,2.302585092994046,2.0646548692516173,2002,False,-2.3436107693857293,
locally_periodic,15,45257.19400642188,False,240,False,1.6707209354355286,2.2450204656691954,2.013750037813327,2002,False,-2.4327628181788223,
locally_periodic,16,45216.65781092889,True,166,True,1.716352516702601,2.302585092994046,2.082916875589838,2002,True,-2.3473385007222523,
locally_periodic,17,45217.54157092872,True,156,True,1.6911621249401083,2.302585092994046,2.0666572603153157,2002,False,-2.348937954839934,
locally_periodic,18,45216.33575400949,True,168,True,1.7227069236842074,2.302585092994046,2.081736740935558,2002,True,-2.355877379248848,
locally_periodic,19,45230.53546500015,False,240,True,1.7043820634570492,2.302585092994046,2.0704836442252916,2002,False,-2.303676210178216,
additive,0,44610.55439024205,False,240,False,1.5472505566279817,1.2448350658999063,0.6478032546771825,2002,False,1.5874764586833237,-2.446556490114626
additive,1,44753.02931379352,False,240,False,1.6973499328123518,1.0463038153825057,0.19171540577567137,2002,False,1.4396701870356556,-2.42388671239818
additive,2,44904.30212846072,False,240,False,-1.339481313312781,-0.7707905816439999,1.7148810967875925,2002,False,2.3733547220013467,-2.3811639823107194
additive,3,45091.36336941246,False,240,False,-2.145404761345075,-1.9193954550600194,1.727961368210673,2002,False,2.1552358109945264,-4.4566720089265415
additive,4,44608.647603226374,False,240,False,1.5185679855600323,1.3120096894646085,0.7046114540368256,2002,True,1.607842364053449,-2.449338901330265
additive,5,44655.814293188116,False,240,False,1.3853500422768381,1.7269388197455346,0.9855900209551651,2002,False,1.696635543160881,-2.42388671239818
additive,6,44751.8097774201,False,240,False,1.5726432043810252,1.0254861485590856,0.23405749577981516,2002,False,1.3748136830567217,-2.5716903546771963
additive,7,45154.10515595191,False,240,True,-1.9977976409001983,-1.9378117104685064,1.8933499968268277,2002,False,2.2632727096407135,-11.85451424243892
additive,8,44622.362380333376,False,240,False,1.53830940176415,1.2664218011467252,0.6035930921113258,2002,False,1.5561540245886234,-2.42388671239818
additive,9,44615.479641190155,False,240,False,1.5262864707510433,1.2549990970759899,0.6395070725827255,2002,False,1.5816625277093397,-2.482797729951083
additive,10,44635.82089814391,False,240,False,1.6012173947450303,1.151292546497023,0.4637241067701443,2002,False,1.5140974720768068,-2.4449909932156824
additive,11,45057.361916792084,False,240,False,-2.750244323579031,-1.5010610915472524,1.7725783613243389,2002,False,2.194690785108201,-2.5999972794946915
additive,12,44650.95519454722,False,240,False,1.6506081010144025,1.1029367902766336,0.4230548485894505,2002,False,1.4836755209621322,-2.441093142648179
additive,13,44657.207640159715,False,240,False,1.3853500422768383,2.129891211019492,0.9524827227873163,2002,False,1.678707146867125,-2.4603185306285345
additive,14,44624.72696336791,False,240,False,1.6336822595436278,1.2664218011467256,0.5609534069225681,2002,False,1.5345120945563673,-2.484199071459509
additive,15,44892.407174617365,False,240,False,1.8067029978064102,0.9540167480352395,-0.04997852206226927,2002,False,1.265259195283895,-2.484782598247582
additive,16,44922.36923303401,False,240,False,-1.1324054218227475,-0.685136545000928,1.7069363970304636,2002,False,2.39621118726618,-2.3684570189001275
additive,17,44688.83114190078,False,240,False,1.6731731789010929,1.0126643654868814,0.3775876219182732,2002,False,1.5189157364860835,-2.399292093093365
additive,18,44645.638574446515,False,240,False,1.6404073463093436,1.1247897036786052,0.45177921718039515,2002,False,1.4918171776388884,-2.498586166543362
additive,19,44626.1412476497,False,240,False,1.5734243107693613,1.1861764060425986,0.5321139756935741,2002,False,1.5220050957753404,-2.4658688571603657
se,0,49016.520664321,True,139,False,1.5657017018108372,1.3738907091946948,-1.9926987366419047,2003,True,,
se,1,49017.00590565346,True,115,False,1.5617984322665395,1.381627546860867,-1.9814381261280631,2003,False,,
se,2,49016.65435771848,True,103,False,1.5650316708433865,1.3763472416929856,-1.996862559661928,2003,True,,
se,3,49017.10730959968,True,115,False,1.5539989333734474,1.3753664595344293,-1.9818167021102115,2003,False,,
se,4,49018.129999841665,True,127,False,1.5730769585984286,1.3847044450571997,-1.9743666332546796,2003,False,,
se,5,49017.04630923557,True,133,False,1.5601165405696311,1.3786000203771385,-1.9966097341189333,2003,False,,
se,6,49016.98462463812,True,97,False,1.55405401131456,1.3743042259967728,-1.9840658806774436,2003,False,,
se,7,49016.39865520285,True,133,False,1.5620339804696994,1.37796202655713,-1.9906460721952008,2003,True,,
se,8,49016.5300538272,True,127,False,1.5623746619444612,1.373491753457137,-1.9925653568418586,2003,True,,
se,9,49016.50885949141,True,103,False,1.5623415658227664,1.3787194175240676,-1.9843313366494548,2003,True,,
se,10,49016.51441723391,True,227,False,1.5722361555516653,1.3771172898177593,-1.9926987366419069,2003,True,,
se,11,49016.918021175756,True,144,False,1.5762538332344351,1.3803675890102605,-1.992698736641903,2003,False,,
se,12,49016.94302808981,True,127,False,1.566254938022462,1.3781203089181664,-1.9978147012991803,2003,False,,
se,13,49016.60778924897,True,121,False,1.5750657810414979,1.379334398687343,-1.988245302840363,2003,True,,
se,14,49091.32669899672,False,240,False,1.6736353780449327,1.3941218377215068,-2.060708069791244,2003,False,,
se,15,49016.777439435595,True,213,False,1.5623488158271674,1.3798129041760785,-1.9926987366419069,2003,True,,
se,16,49016.621064903375,True,127,False,1.5718236104606265,1.3757703217309598,-1.9874322335535997,2003,True,,
se,17,49016.436884615425,True,183,False,1.5657017018108368,1.3779921285932568,-1.9926987366419024,2003,True,,
se,18,74610.6101305846,False,240,False,1.3995999658028602,0.1556733799380447,-5.506514282690727,2003,False,,
se,19,49016.5987497576,True,127,False,1.571983834285344,1.3758232110769357,-1.9941385591920857,2003,True,,
matern32,0,45886.66373990859,True,103,False,1.709613270122965,2.0639369767733418,-2.3780849578214536,2003,False,,
matern32,1,45886.70757899353,True,160,False,1.7084744532118563,2.063429661724831,-2.378084957821452,2003,False,,
matern32,2,45885.97816078743,True,121,False,1.7176885475076191,2.069226859901904,-2.3590794416458003,2003,True,,
matern32,3,45886.34485796206,True,160,False,1.719027597866651,2.076120463534581,-2.355415180105008,2003,False,,
matern32,4,45886.45910653594,True,189,False,1.7210731444337422,2.0681403795061053,-2.3780849578214562,2003,False,,
matern32,5,45885.99047791568,True,115,False,1.710962695926271,2.0688943153928867,-2.365178076270045,2003,True,,
matern32,6,45886.57936639918,True,103,False,1.7357432317132981,2.0739184242060325,-2.3754274577602668,2003,False,,
matern32,7,45886.18838380634,True,109,False,1.7124909605918737,2.0646628405230705,-2.3618203578241648,2003,True,,
matern32,8,45885.791810158065,True,145,False,1.7188478325036294,2.0712240384693654,-2.3652508290759546,2003,True,,
matern32,9,45886.43075795576,True,145,False,1.7106332459824278,2.0719075362675086,-2.3554151801050107,2003,False,,
matern32,10,45886.08493778245,True,109,False,1.7310649949423615,2.0734539411100097,-2.3602653652674226,2003,True,,
matern32,11,45886.65678398838,True,154,False,1.7172420067994105,2.0631971937522025,-2.378084957821452,2003,False,,
matern32,12,45886.024638011266,True,115,False,1.7231508498885926,2.0760937278065796,-2.359793200784547,2003,True,,
matern32,13,45886.202703555115,True,138,False,1.721790824567693,2.0711758541294607,-2.3554151801050085,2003,True,,
matern32,14,45886.56638861011,True,161,False,1.7206369794894123,2.065185639651934,-2.3780849578214522,2003,False,,
matern32,15,45885.879951095645,True,145,False,1.7218941103554646,2.0710577864291233,-2.360115780441127,2003,True,,
matern32,16,45886.35718151214,True,127,False,1.7104505671183436,2.069879741898043,-2.355118055350229,2003,False,,
matern32,17,45886.72827251694,True,103,False,1.7306279876810553,2.070392254415889,-2.378911553985085,2003,False,,
matern32,18,45886.10146628556,True,145,False,1.7097530289437775,2.0696716213685713,-2.362764016438159,2003,True,,
matern32,19,45886.15386700035,True,109,False,1.7363313596417678,2.075851475292725,-2.3667241893005593,2003,True,,
matern52,0,46703.32350825309,True,121,False,1.6556464320059172,1.7846325351343653,-2.1967267360899005,2003,True,,
matern52,1,46703.24128094749,True,114,False,1.6556464320059168,1.7783995567260007,-2.1969608901422624,2003,True,,
matern52,2,46703.19068800392,True,133,False,1.6550416449987322,1.7790367681570511,-2.1933161105742704,2003,True,,
matern52,3,46704.39576667272,True,115,False,1.6738145851685353,1.787911498917756,-2.203094568555531,2003,False,,
matern52,4,46703.42112000099,True,109,False,1.6546524144832884,1.7864435965676881,-2.1881643774345063,2003,True,,
matern52,5,46703.92455927232,True,121,False,1.6505293479043122,1.7792871579581553,-2.2058664518851536,2003,False,,
matern52,6,46704.01316962588,True,127,False,1.6544760227731994,1.7871811682164496,-2.1804847081788785,2003,False,,
matern52,7,46703.318148478385,True,154,False,1.6664363699737543,1.7850415945452223,-2.196726736089899,2003,True,,
matern52,8,46703.25889722994,True,139,False,1.6561816764762285,1.7788505658458986,-2.1989092372606396,2003,True,,
matern52,9,46703.21574341117,True,173,False,1.6640656176577602,1.7829297082888633,-2.196726736089899,2003,True,,
matern52,10,46703.20979353724,True,185,False,1.656807623782083,1.7789895320703295,-2.196726736089899,2003,True,,
matern52,11,46703.37571961942,True,139,False,1.6502862676158399,1.7815430699063142,-2.199089262202532,2003,True,,
matern52,12,46703.15037548955,True,127,False,1.6500928108332273,1.779998058319388,-2.1959881048337437,2003,True,,
matern52,13,46703.28021699078,True,121,False,1.6611975792766578,1.7828080679966867,-2.1881604356020974,2003,True,,
matern52,14,46703.47916090203,True,121,False,1.6574114976863525,1.7807976716004004,-2.1865678272983957,2003,True,,
matern52,15,46703.2326222149,True,121,False,1.6532284297622173,1.7809998614865763,-2.1990477496742513,2003,True,,
matern52,16,46703.38064591866,True,144,False,1.6639374199202024,1.7863437923031256,-2.1967267360898997,2003,True,,
matern52,17,46704.36748428119,True,91,False,1.6398115943577802,1.7713654336431526,-2.2030764425309277,2003,False,,
matern52,18,46703.58855320884,True,103,False,1.6594093294385277,1.7773621550176304,-2.2000664661938645,2003,True,,
matern52,19,46703.40235396848,True,121,False,1.6532576777998005,1.7844903898362168,-2.196581413918196,2003,True,,
periodic,0,53512.962730908584,True,109,False,1.6376574859669013,0.10793367623409614,-1.6073125154623549,2003,True,,
periodic,1,53513.62842124538,True,157,False,1.6371826019930806,0.10281900822451776,-1.6184048309966272,2003,False,,
periodic,2,53512.81629980352,True,121,False,1.6434107889166945,0.10774602135692535,-1.6075145348810604,2003,True,,
periodic,3,53512.96142711288,True,115,False,1.6405599771840778,0.10939241131005932,-1.606346116676281,2003,True,,
periodic,4,53512.86304361713,True,127,False,1.6438904830302563,0.10425178885404718,-1.6075983343349047,2003,True,,
periodic,5,53513.27101045774,True,121,False,1.6482168163101747,0.10296893895021272,-1.614747289801626,2003,True,,
periodic,6,53512.925754989126,True,207,False,1.6425377425487526,0.10321464651161125,-1.607312515462357,2003,True,,
periodic,7,53513.06529792635,True,127,False,1.6376574859669006,0.1080796275279601,-1.6017670183127255,2003,True,,
periodic,8,53513.00249758937,True,132,False,1.6537550132316672,0.1079336762340957,-1.607312515462356,2003,True,,
periodic,9,53512.92902757372,True,133,False,1.6376574859669009,0.1072969733256762,-1.6077781160041724,2003,True,,
periodic,10,53514.157428797866,True,127,False,1.6470818377347165,0.1016357545045232,-1.621757562807253,2003,False,,
periodic,11,53512.8057281966,True,157,False,1.6449805181319535,0.10607922923116586,-1.6082810173543132,2003,True,,
periodic,12,53512.916281089696,True,144,False,1.6420451029071805,0.10324284671001996,-1.6073125154623533,2003,True,,
periodic,13,53512.87085167845,True,103,False,1.643462977025683,0.10809488123089511,-1.6035507976616101,2003,True,,
periodic,14,53512.88858525355,True,109,False,1.6492038745424462,0.10625935894767359,-1.6070198033787575,2003,True,,
periodic,15,53513.01644906265,True,127,False,1.6521440791781425,0.11122680605585783,-1.6060538555673174,2003,True,,
periodic,16,53513.11414900127,True,121,False,1.6472737896022867,0.11190836062190379,-1.6012594076297124,2003,True,,
periodic,17,53512.99414595788,True,213,False,1.652610055793931,0.10676295204837125,-1.607312515462357,2003,True,,
periodic,18,53512.80590836342,True,133,False,1.6448404766953433,0.10770351842035622,-1.6073468638065984,2003,True,,
periodic,19,53513.997100253495,True,127,False,1.6376574859669009,0.09796536658030716,-1.62026018669612,2003,False,,
locally_periodic,0,45902.4260841236,True,144,True,1.7096132701229652,2.302585092994046,2.0721518132921353,2003,True,-2.3554151801050094,
locally_periodic,1,45906.525861800576,False,240,True,1.7640967471241897,2.302585092994046,2.1003075389653785,2003,False,-2.362109733249613,
locally_periodic,2,45903.464363564985,True,240,True,1.7144056251416986,2.302585092994046,2.068094118861294,2003,False,-2.3780849578214567,
locally_periodic,3,45902.19640319436,False,240,True,1.7126631281615399,2.302585092994046,2.0774492212720226,2003,True,-2.358046019395648,
locally_periodic,4,45903.6320952233,False,240,True,1.727128712316659,2.302585092994046,2.0734042012458604,2003,False,-2.3780849578214567,
locally_periodic,5,45902.499735046986,True,205,True,1.7138729605610963,2.302585092994046,2.0764574512474847,2003,True,-2.3687225078481995,
locally_periodic,6,45902.35728217392,True,207,True,1.7282416942750285,2.302585092994046,2.079343517072656,2003,True,-2.3634385959090336,
locally_periodic,7,45902.26788999376,False,240,True,1.716687391500414,2.302585092994046,2.072781957642513,2003,True,-2.3625736728412003,
locally_periodic,8,45902.52666400038,True,229,True,1.7293875864628416,2.302585092994046,2.0803666498109274,2003,True,-2.355415180105008,
locally_periodic,9,45902.84100659222,True,197,True,1.7290972632969106,2.302585092994046,2.079655325951543,2003,False,-2.371274128567958,
locally_periodic,10,45902.86844698558,True,175,True,1.7356320488197525,2.302585092994046,2.0871530288406936,2003,False,-2.355415180105008,
locally_periodic,11,45903.2158312947,True,239,True,1.7157258277260867,2.302585092994046,2.069938783245601,2003,False,-2.376966926737164,
locally_periodic,12,45902.342769959934,True,218,True,1.7168008939196746,2.302585092994046,2.080796679546827,2003,True,-2.355415180105008,
locally_periodic,13,62495.51069936519,False,240,False,1.1177064231142961,-0.8123061580642807,3.214014089404419,2003,False,-3.1488574001805607,
locally_periodic,14,45902.33602878095,True,177,True,1.708596788136084,2.302585092994046,2.073243456154956,2003,True,-2.3556169982579918,
locally_periodic,15,45902.44248544304,True,181,True,1.7239568349688108,2.302585092994046,2.083317265333442,2003,True,-2.354088735442161,
locally_periodic,16,45902.74578443455,True,135,True,1.7042851894213975,2.302585092994046,2.0745190777973814,2003,False,-2.3509323705069796,
locally_periodic,17,45903.237127100525,True,233,True,1.7348434582194587,2.302585092994046,2.0873498429088535,2003,False,-2.348135180157637,
locally_periodic,18,45902.22343829514,True,210,True,1.7168132421533444,2.302585092994046,2.079146136656993,2003,True,-2.3554151801050125,
locally_periodic,19,45954.319266442784,False,240,True,1.7574173071071866,2.302585092994046,2.0310776306981677,2003,False,-2.397382530928879,
additive,0,45280.534735421694,False,240,False,1.5477127557718213,1.259226222731119,0.6302765077820062,2003,False,1.5792616221645301,-2.4687640686872303
additive,1,45771.53290774064,True,224,False,-2.49022314050427,-1.8276769175640237,1.7071035967961798,2003,False,2.1390680054716666,-3.1807435448058126
additive,2,45286.23445281945,False,240,False,1.5883511598223004,1.1895834010537738,0.5668856020292792,2003,False,1.5593779839596187,-2.4556177929985545
additive,3,45288.995622671166,False,240,False,1.5854181001458112,1.208857173821874,0.5491115060684532,2003,False,1.5487677901721328,-2.4380803408378906
additive,4,45774.82565979817,False,240,False,-2.5684501210386848,-1.8132857607328103,1.6773588639337351,2003,False,2.1211636525874145,-3.058178289314775
additive,5,45280.69773699487,False,240,False,1.4655775589444713,1.3770255978456707,0.7901153152198466,2003,False,1.6432268602421807,-2.460401449962595
additive,6,45773.25039192912,True,240,False,-2.372391918560881,-1.892437123304481,1.7191345977877082,2003,False,2.1380255415296014,-3.534243621360101
additive,7,45378.30573287359,False,240,False,1.6999928278165002,1.0463917846187216,0.26672365781291585,2003,False,1.4101809456569647,-2.5325215108428303
additive,8,45277.183529576185,False,240,False,1.5185998490065205,1.3146110756593188,0.7136219618206804,2003,True,1.6142372759855408,-2.449830338104267
additive,9,45319.9631476284,False,240,False,1.385812241420679,2.129891211019492,0.9852762545501135,2003,False,1.7337837958444937,-2.4458249691230916
additive,10,45322.49557649502,False,240,False,1.6016795938888697,1.0937279191721718,0.412001316401884,2003,False,1.5102454723696397,-2.42342451325434
additive,11,45655.57476007941,False,240,False,1.777677400346034,0.8738061709458984,0.09903584471724192,2003,False,1.2492996082319017,-2.4234245132543446
additive,12,45308.130371239706,False,240,False,1.4049417312741805,1.7557211334079597,0.9177283847601272,2003,False,1.6755080245813558,-2.480795272156727
additive,13,45367.60902259341,False,240,False,1.385812241420679,1.7269388197455346,0.9848298754506924,2003,False,1.7750834459784979,-2.4845302876972406
additive,14,45586.006623072106,False,240,True,0.5223428315479118,2.302585092994046,1.446751497576114,2003,False,1.9974969826240618,-2.3694225077137534
additive,15,48163.44616739424,False,240,False,1.6892340192389095,0.540160947447028,-0.9612983659579452,2003,False,0.18531878812438501,-6.4133053913485085
additive,16,45577.42252942148,False,240,False,-1.6218559745496857,-0.8560452861995249,1.7034935030639957,2003,False,2.314432281222969,-2.4070376331224344
additive,17,45277.0108902856,False,240,False,1.51173486369379,1.295204114809151,0.700456865440755,2003,True,1.6145864232825056,-2.446094290970785
additive,18,45283.44999882823,False,240,False,1.5764436370254806,1.2088571738218743,0.5942888430694052,2003,False,1.571792059253377,-2.4587737344727927
additive,19,45736.544045055525,False,240,False,-0.5902225354412761,-0.5507689872174379,1.6678418432801148,2003,False,2.490594954177887,-2.4141701032350396
se,0,49680.7237889332,True,139,False,1.5632750425015105,1.3738907091946946,-1.9951253959512312,2004,True,,
se,1,49680.54966598748,True,201,False,1.5680414921582022,1.377860951431479,-1.995125395951232,2004,True,,
se,2,49680.99868348563,True,103,False,1.5744347518068855,1.3791288303167368,-1.9988317907363458,2004,False,,
se,3,49680.59789747301,True,167,False,1.5687997109623126,1.3767237386027027,-1.9951253959512285,2004,True,,
se,4,49680.69640323741,True,133,False,1.5632750425015103,1.3752519415007372,-2.001695736146945,2004,True,,
se,5,49680.46967733912,True,238,False,1.5622182974689078,1.3763224884251695,-1.9951253959512325,2004,True,,
se,6,49680.86792335549,True,114,False,1.5632750425015105,1.3811840171439629,-1.9913062540326003,2004,True,,
se,7,49681.86382413891,True,139,False,1.5632750425015103,1.3821784198720237,-1.9810239297270202,2004,False,,
se,8,49681.844531541064,True,109,False,1.5574862423234344,1.382795230556869,-1.983456360921145,2004,False,,
se,9,49681.38261383991,True,126,False,1.5632750425015107,1.370919607658497,-2.0045168997423226,2004,False,,
se,10,49681.26047155289,True,121,False,1.5556353110218926,1.373563554697226,-1.9890441707922148,2004,False,,
se,11,49680.80524383425,True,133,False,1.5589032112500676,1.3795892307504556,-1.9897605540640269,2004,True,,
se,12,49680.73788255203,True,208,False,1.5693216743123155,1.3800907789515524,-1.995125395951232,2004,True,,
se,13,49681.066258110965,True,109,False,1.5580061948329278,1.3750950650747067,-1.988222480770259,2004,False,,
se,14,49680.6820450715,True,190,False,1.5555591124259371,1.374213335912499,-1.995125395951232,2004,True,,
se,15,49680.81956817722,True,109,False,1.5567571464733605,1.3732626281831188,-2.0015666381431436,2004,True,,
se,16,49681.44650054195,True,121,False,1.552432723375864,1.3708323955884152,-2.005065287314454,2004,False,,
se,17,75906.07781437208,False,240,False,1.3833855821113508,0.1962666462204107,-5.690299163731618,2004,False,,
se,18,49681.69131158196,True,109,False,1.571371552889089,1.3799097145826709,-2.0048872237273923,2004,False,,
se,19,49681.31072534536,True,121,False,1.5743849169818886,1.3817959287673396,-1.9874072122344315,2004,False,,
matern32,0,46501.58068473945,True,97,False,1.7071866108136382,2.0639369767733418,-2.3805116171307805,2004,True,,
matern32,1,46501.54101923001,True,161,False,1.7193074317998895,2.071868865465399,-2.3805116171307783,2004,True,,
matern32,2,46501.214302060005,True,109,False,1.72521211620612,2.0732470522485293,-2.3739992269273875,2004,True,,
matern32,3,46501.66852032901,True,121,False,1.7021560609025628,2.065709872506968,-2.370108277756801,2004,True,,
matern32,4,46502.597914181286,True,121,False,1.695072388469415,2.0607560041336566,-2.3640316352239363,2004,False,,
matern32,5,46501.657599596045,True,145,False,1.7232757158610645,2.067634401315466,-2.383252482880046,2004,True,,
matern32,6,46501.32333328594,True,127,False,1.7149131274898535,2.0653317837049636,-2.3762865098848818,2004,True,,
matern32,7,46501.54580713771,True,121,False,1.7137274954629462,2.0721518132921353,-2.3641254012640176,2004,True,,
matern32,8,46502.50164968385,True,103,False,1.6932609738302709,2.056695550756973,-2.378931160660647,2004,False,,
matern32,9,46502.29174255551,True,97,False,1.7048443667796411,2.069540208387334,-2.359184760183927,2004,False,,
matern32,10,46501.519742941426,True,149,False,1.7234478157107886,2.0675757152237084,-2.380511617130778,2004,True,,
matern32,11,46501.67916511454,True,103,False,1.704798870551117,2.067794519691391,-2.366519873285777,2004,True,,
matern32,12,46501.68822161494,True,183,False,1.727730419535211,2.068522034367093,-2.3805116171307814,2004,False,,
matern32,13,46501.414932157924,True,127,False,1.7147605327885405,2.0644438880310276,-2.3760352133284104,2004,True,,
matern32,14,46501.503881997574,True,133,False,1.7269574545429527,2.0767471094816456,-2.3745101900676153,2004,True,,
matern32,15,46501.83627483572,True,109,False,1.7249448952010427,2.0715804685663253,-2.3848427017785356,2004,False,,
matern32,16,46501.63961667835,True,109,False,1.7350909547205546,2.07561557087441,-2.3696342807847186,2004,True,,
matern32,17,46501.38387931042,True,206,False,1.7221824836799988,2.069859198830254,-2.380511617130782,2004,True,,
matern32,18,46501.92279061045,True,183,False,1.705362362816256,2.059535078583475,-2.3805116171307814,2004,False,,
matern32,19,46501.627700528436,True,109,False,1.7208886640090446,2.0654238169301165,-2.380732163429382,2004,True,,
matern52,0,47329.314904555395,True,133,False,1.6532197726965905,1.7846325351343653,-2.1991533953992275,2004,True,,
matern52,1,47329.50906340353,True,167,False,1.6666545512127322,1.7869133851989056,-2.199153395399224,2004,True,,
matern52,2,47329.22478829455,True,115,False,1.6556609497279515,1.7791095440067104,-2.202308003170524,2004,True,,
matern52,3,47329.94804199766,True,115,False,1.651077626718541,1.78197429833792,-2.1886548128048116,2004,False,,
matern52,4,47330.65710386766,True,109,False,1.676822117852696,1.792217700096811,-2.192186742671237,2004,False,,
matern52,5,47329.282537343184,True,167,False,1.6509500663699777,1.778260135677526,-2.199153395399224,2004,True,,
matern52,6,47329.66964429592,True,133,False,1.6642851990217218,1.7837222037709384,-2.2083398097459206,2004,True,,
matern52,7,47329.75456676041,True,97,False,1.6518552848391594,1.785856060928809,-2.191283404540155,2004,False,,
matern52,8,47329.20937427877,True,179,False,1.648808222213003,1.7791828581409799,-2.199153395399225,2004,True,,
matern52,9,47329.587037750796,True,145,False,1.6510980928631187,1.7798259163679775,-2.192978688913676,2004,True,,
matern52,10,47329.50772277701,True,139,False,1.6549038058379384,1.7784495649159384,-2.196938788251817,2004,True,,
matern52,11,47329.30064367363,True,177,False,1.6506524695213483,1.7780524388596202,-2.1991533953992284,2004,True,,
matern52,12,47329.39401711988,True,144,False,1.6532197726965903,1.784516898030389,-2.194416741958248,2004,True,,
matern52,13,47329.55084047576,True,103,False,1.6434246211788048,1.7753178772392062,-2.206392302454135,2004,True,,
matern52,14,47329.224283923475,True,213,False,1.661139568613098,1.7840427925311775,-2.1991533953992284,2004,True,,
matern52,15,47329.63899547346,True,121,False,1.6686737529537035,1.7845345712404348,-2.204745661373241,2004,True,,
matern52,16,47329.30893445546,True,109,False,1.6546583832515007,1.7843757456564109,-2.1954366176774185,2004,True,,
matern52,17,47330.127854656945,True,109,False,1.663089506613532,1.778848055176538,-2.2129737371660596,2004,False,,
matern52,18,47329.25221240625,True,109,False,1.6526701798015029,1.7837945238581117,-2.2001249578835997,2004,True,,
matern52,19,47329.49742618902,True,103,False,1.6479449086499554,1.7823497369378494,-2.2046615993834853,2004,True,,
periodic,0,54251.252345492954,True,109,False,1.6352308266575746,0.10793367623409614,-1.6097391747716814,2004,True,,
periodic,1,54251.52567291216,True,127,False,1.638357429159329,0.10858113654368164,-1.6046506056875827,2004,True,,
periodic,2,54252.1638299309,True,127,False,1.6426661461257919,0.11067996137779877,-1.599747073545229,2004,False,,
periodic,3,54251.125160393494,True,120,False,1.6352308266575746,0.10625604871508063,-1.6133696802677369,2004,True,,
periodic,4,54305.49511973412,False,240,False,1.5915338838607065,0.04845729657188577,-1.7004182856374634,2004,False,,
periodic,5,54251.80489176819,True,139,False,1.6362575504511065,0.11061456678390316,-1.6035020900904313,2004,False,,
periodic,6,54251.56594338116,True,109,False,1.6352308266575746,0.10447549359795719,-1.6216614156638602,2004,False,,
periodic,7,54251.10414605135,True,155,False,1.6437219979998583,0.1084270432275916,-1.6097391747716787,2004,True,,
periodic,8,54251.45821638127,True,132,False,1.6532197726965903,0.11046439608580513,-1.607383116353832,2004,True,,
periodic,9,54251.35230803296,True,109,False,1.64216863244271,0.11038418377997666,-1.6066901290984492,2004,True,,
periodic,10,54251.31936922574,True,157,False,1.6483538077919164,0.107951415058358,-1.6075424244940344,2004,True,,
periodic,11,54251.42393379563,True,127,False,1.6454689100796829,0.10411125757714175,-1.6212547803127313,2004,True,,
periodic,12,54251.30845162882,True,133,False,1.635120208054544,0.10130805467271489,-1.619382302816779,2004,True,,
periodic,13,54251.67614929887,True,139,False,1.646906178888132,0.10248685277485875,-1.6229268248375162,2004,False,,
periodic,14,54251.454633470465,True,127,False,1.6420341010376758,0.10241196025964508,-1.621860502548209,2004,True,,
periodic,15,54251.72114490747,True,127,False,1.6513082755307267,0.10444875211312066,-1.6222668892389038,2004,False,,
periodic,16,54251.38968102284,True,109,False,1.6423954143389254,0.11033591254088743,-1.6060658807155457,2004,True,,
periodic,17,54252.3235887027,True,115,False,1.6413851641467914,0.11328424925759928,-1.599576368085797,2004,False,,
periodic,18,54251.02114308698,True,109,False,1.6414260860195362,0.10474787516743289,-1.6143525685598126,2004,True,,
periodic,19,54251.200376684916,True,168,False,1.6390117629330658,0.10409211817757494,-1.6097391747716818,2004,True,,
locally_periodic,0,46518.20554883247,True,144,True,1.7071866108136384,2.302585092994046,2.0721518132921353,2004,False,-2.3805116171307805,
locally_periodic,1,46518.26841706497,True,203,True,1.7109259045339609,2.302585092994046,2.0681542159563633,2004,False,-2.380511617130777,
locally_periodic,2,46517.63153121577,True,212,True,1.7103898288091455,2.302585092994046,2.072151813292135,2004,True,-2.373368394721255,
locally_periodic,3,46518.44869645614,True,240,True,1.7040578531195145,2.302585092994046,2.068409121723362,2004,False,-2.382735962244888,
locally_periodic,4,46583.77338965622,False,240,True,1.5717791694870407,2.302585092994046,2.031077630698168,2004,False,-2.2896721463658456,
locally_periodic,5,46517.73119399951,True,134,True,1.7127852536444772,2.302585092994046,2.079081138821131,2004,True,-2.3653852731625626,
locally_periodic,6,46536.52983213458,False,240,True,1.6174481070261642,2.302585092994046,2.0310776306981677,2004,False,-2.361718190431339,
locally_periodic,7,46517.903240480955,True,151,True,1.7202524783621602,2.302585092994046,2.0770740893309716,2004,True,-2.3612313050892033,
locally_periodic,8,46518.24311885092,True,209,True,1.7211907416993535,2.302585092994046,2.073219275816096,2004,False,-2.380511617130778,
locally_periodic,9,46518.24278765294,True,171,True,1.7329991920721728,2.302585092994046,2.083370663590251,2004,False,-2.3728137675875844,
locally_periodic,10,46517.71869851668,True,194,True,1.7190055682873022,2.302585092994046,2.0780530206839214,2004,True,-2.373853324176943,
locally_periodic,11,46517.78871248744,True,239,True,1.7106314580647324,2.302585092994046,2.0782696621183545,2004,True,-2.3683327393876956,
locally_periodic,12,46518.10949619514,True,137,True,1.7239268350000128,2.302585092994046,2.077733048039187,2004,False,-2.378771359224012,
locally_periodic,13,46539.48831952966,False,240,True,1.641344747298007,2.302585092994046,2.0310776306981664,2004,False,-2.4258511725636698,
locally_periodic,14,46518.182828539895,True,192,True,1.7292824794406394,2.302585092994046,2.079453108281798,2004,False,-2.3767941284558214,
locally_periodic,15,46518.35275603157,True,237,True,1.723826343239792,2.302585092994046,2.0738388947001787,2004,False,-2.380511617130782,
locally_periodic,16,46517.86765425092,True,157,True,1.7037327271224347,2.302585092994046,2.070697617271145,2004,True,-2.375321363150807,
locally_periodic,17,46517.80263236619,True,240,True,1.7170714069582889,2.302585092994046,2.0721518132921344,2004,True,-2.3729525083049383,
locally_periodic,18,46551.66801871852,False,240,False,1.7475664786056082,2.184520421586306,2.114205742438432,2004,False,-2.284621817112466,
locally_periodic,19,46518.59899817901,False,240,True,1.722476775302752,2.302585092994046,2.072462699261726,2004,False,-2.383025990059167,
additive,0,45885.730890344246,False,240,False,1.5272971504234787,1.2808129579779381,0.6638277405507117,2004,False,1.5874764586833234,-2.4711907279965573
additive,1,46404.667426499684,False,240,True,0.5199161722385832,2.302585092994046,1.7797804745372754,2004,False,2.089652971475257,-2.4258511725636662
additive,2,46391.63637442507,False,240,False,-2.538204654394133,-1.8708503880576621,1.6979521474112658,2004,False,2.129254953162182,-3.224111555342715
additive,3,46163.1282777835,False,240,False,1.772270301430681,0.9838627546954384,0.017690770387159327,2004,False,1.2373283875112808,-2.61938367785311
additive,4,46428.14456137484,False,240,False,-2.110184868864539,-1.8547607952527054,1.7895027219525936,2004,False,2.2146487506586925,-4.420791611610747
additive,5,45908.52927322664,False,240,False,1.5208600374139896,1.6693741924206824,0.778617102917766,2004,False,1.6403046599629492,-2.479124906275275
additive,6,46392.40931457895,True,240,False,-2.1447846934507955,-1.9394880403612713,1.7407459364151223,2004,False,2.1594589993376383,-4.828847610506739
additive,7,45903.41534771498,False,240,False,1.4675559705949444,1.2222068279098675,0.6165660298375032,2004,False,1.5609376312659524,-2.4258511725636662
additive,8,45884.879500515264,False,240,False,1.5291394045607574,1.2760172082232557,0.6600648408748789,2004,True,1.5962347233243985,-2.464424240826237
additive,9,45893.10198177029,False,240,False,1.4423676618664232,1.3678992719709206,0.7983111847437565,2004,False,1.6534237071590188,-2.486669383267102
additive,10,45992.05104230381,False,240,False,1.1717852527129773,2.1094584855374543,1.2251102632077446,2004,False,1.8375082727354508,-2.416393845651032
additive,11,46331.086445787325,False,240,False,1.6879438902964004,0.8928207424490258,-0.17271096960042062,2004,False,1.131214758107277,-2.607209394295219
additive,12,45946.63536663569,False,240,False,1.2312042996681951,2.014761956369789,1.0349850419152293,2004,False,1.7817658552730085,-2.3878651770561303
additive,13,46412.32757872542,False,240,False,-2.182777548676687,-2.0185288687929384,1.7571596224243546,2004,False,2.1105205753881844,-10.042896485288876
additive,14,45929.52919484681,False,240,False,1.6053811625631043,1.093727919172172,0.41833904241540876,2004,False,1.48391114698406,-2.5183434611492923
additive,15,45892.24681390713,False,240,False,1.4827830832466553,1.1835127065915618,0.6321214394668793,2004,False,1.5954673152866374,-2.4258511725636662
additive,16,45987.74219706235,False,240,False,1.6997570006502065,1.077456086493133,0.23209303561432792,2004,False,1.4016791170411593,-2.4992312394274476
additive,17,45885.24365113679,False,240,False,1.4859337811079645,1.2843696115445538,0.6970923205082373,2004,True,1.6031719819182115,-2.4711907279965573
additive,18,46215.26100547566,False,240,False,1.7395926676098437,0.8761682970064155,-0.05809407121562654,2004,False,1.2486505578229012,-2.607209394295219
additive,19,46558.48627095682,False,240,True,-2.790049898940356,2.302585092994046,1.9136119521431196,2004,False,2.1567307511853664,-2.337073821470438
se,0,50358.63832531526,True,133,False,1.5617521365718354,1.382105545713488,-1.996648301880907,2005,True,,
se,1,50358.30811346596,True,179,False,1.5569812471908324,1.3768285960135092,-1.9966483018809043,2005,True,,
se,2,50359.22277098552,True,109,False,1.5540926721831971,1.3712465773777847,-2.0115046140445574,2005,False,,
se,3,50358.57627110432,True,127,False,1.5667134442367545,1.3748373465543564,-2.00727041719331,2005,True,,
se,4,50358.56535120057,True,139,False,1.5617521365718348,1.3731040414800897,-2.0057464329634196,2005,True,,
se,5,50358.428563325404,True,121,False,1.5681576448822994,1.3800916138954298,-1.9953960434522175,2005,True,,
se,6,50359.993636723724,True,121,False,1.573563836369738,1.3854893379648272,-1.9869661986891431,2005,False,,
se,7,50359.14587105643,True,109,False,1.5552588636456395,1.3732846707698705,-2.0125936414520855,2005,False,,
se,8,50358.72828564457,True,133,False,1.5617521365718348,1.3785443016961085,-1.9909727267813417,2005,True,,
se,9,50358.5054591027,True,127,False,1.569621907932655,1.378761970632481,-1.9950988661276927,2005,True,,
se,10,50358.84001262333,True,121,False,1.5583862605672534,1.3781650941962287,-2.008768067642104,2005,False,,
se,11,50391.38756490685,False,240,False,1.6050713525229527,1.374441061468378,-2.064657635030245,2005,False,,
se,12,50358.56021196197,True,97,False,1.5580317051374137,1.3760003652232389,-2.0083081826477907,2005,True,,
se,13,50358.61779932844,True,145,False,1.571808520455455,1.3805651328652702,-1.9949905705719364,2005,True,,
se,14,50358.56491629083,True,139,False,1.5513354988638193,1.3741817012076494,-1.9992961750848535,2005,True,,
se,15,50358.745885731965,True,121,False,1.5510986791841708,1.3756688515074111,-1.9946723059348845,2005,True,,
se,16,50358.90213449487,True,121,False,1.5501113388040562,1.376201626504495,-1.9932406097555417,2005,False,,
se,17,50358.273780133284,True,91,False,1.5668346749986637,1.3789890735372166,-1.9973365409597201,2005,True,,
se,18,50358.47165114236,True,127,False,1.563331811101303,1.3753773281859631,-1.9968445891674285,2005,True,,
se,19,50358.46100948239,True,166,False,1.5690419758564371,1.3808836460614808,-1.9966483018809078,2005,True,,
matern32,0,47137.884662585886,True,91,False,1.6876747588449472,2.0557221402545482,-2.3820345230604563,2005,False,,
matern32,1,47136.47084452954,True,121,False,1.7182080972560072,2.0724014234231602,-2.3677845926729817,2005,True,,
matern32,2,47136.32960481579,True,167,False,1.7262943121664036,2.070542184136871,-2.3820345230604536,2005,True,,
matern32,3,47136.256035942264,True,145,False,1.7194207431980741,2.075558948311823,-2.373255837214272,2005,True,,
matern32,4,47136.419859416346,True,120,False,1.705663704883963,2.0674175501073146,-2.3820345230604563,2005,True,,
matern32,5,47136.32803291317,True,179,False,1.7232249081455087,2.0753888438766883,-2.382034523060454,2005,True,,
matern32,6,47136.341199950955,True,155,False,1.7064177166988372,2.066743256844726,-2.3820345230604536,2005,True,,
matern32,7,47136.80256133729,True,115,False,1.7387884199051846,2.0797095725743664,-2.373454868518167,2005,False,,
matern32,8,47136.70145054827,True,133,False,1.7231404194893452,2.0719076708901287,-2.367671297204322,2005,False,,
matern32,9,47136.45397944156,True,121,False,1.7179686191844727,2.0664666679121364,-2.3868487036680706,2005,True,,
matern32,10,47137.03176351394,True,127,False,1.730040449540131,2.0710490873253122,-2.391146781114735,2005,False,,
matern32,11,47136.889717815735,True,115,False,1.7090161935714963,2.0724826234056213,-2.365511975204125,2005,False,,
matern32,12,47136.28376686381,True,157,False,1.7214865115269848,2.073715125665415,-2.3834133352460856,2005,True,,
matern32,13,47136.371890679315,True,212,False,1.7290685866742659,2.0721613027042123,-2.3820345230604576,2005,True,,
matern32,14,47136.94604467605,True,115,False,1.7381249756189827,2.0802374277362463,-2.369620932807584,2005,False,,
matern32,15,47137.21079645297,True,167,False,1.7420034987366264,2.081953135805841,-2.382034523060454,2005,False,,
matern32,16,47136.822761005926,True,151,False,1.7194061684009458,2.078146597509194,-2.366486411888627,2005,False,,
matern32,17,47136.92183630065,True,149,False,1.7376651300831556,2.0806312864268555,-2.382034523060454,2005,False,,
matern32,18,47136.13328302965,True,115,False,1.724458811310984,2.071725520732815,-2.378765220071705,2005,True,,
matern32,19,47136.666369066326,True,139,False,1.7311034427144207,2.076946318212099,-2.3685702494500434,2005,False,,
matern52,0,47973.10856511934,True,133,False,1.6516968667669154,1.7846325351343653,-2.2006763013289032,2005,True,,
matern52,1,47973.19062099987,True,156,False,1.651696866766915,1.7855338046552134,-2.2006763013289037,2005,True,,
matern52,2,47973.06963932026,True,127,False,1.6448127562891937,1.7806820993050112,-2.204253198273923,2005,True,,
matern52,3,47973.04346849043,True,138,False,1.6546188206524644,1.782908436261333,-2.2006763013289032,2005,True,,
matern52,4,47973.443012987525,True,115,False,1.6389948193227846,1.7756688931884153,-2.2066574977215594,2005,False,,
matern52,5,47973.08192450306,True,109,False,1.6542590672185367,1.7790634253554416,-2.206209363201035,2005,True,,
matern52,6,47973.22115059395,True,127,False,1.6510069948820674,1.783827524761904,-2.2101057766712997,2005,True,,
matern52,7,47973.1142406623,True,109,False,1.6552803122308093,1.778896501385079,-2.2096491830114076,2005,True,,
matern52,8,47972.95004432888,True,121,False,1.654205308812986,1.7840173591961555,-2.2033822136996104,2005,True,,
matern52,9,47973.243069001066,True,121,False,1.6579852442613139,1.77985639445911,-2.2039729731077906,2005,True,,
matern52,10,47973.151474145154,True,133,False,1.6567906227838507,1.780455308032216,-2.203018456596972,2005,True,,
matern52,11,47973.12201003183,True,121,False,1.648817119962326,1.7836688310995163,-2.206786329985951,2005,True,,
matern52,12,47973.37327603771,True,179,False,1.666146884017725,1.7856217051230783,-2.2006763013288997,2005,True,,
matern52,13,47974.25019267921,True,127,False,1.6513857309292386,1.774536762149596,-2.220704778320485,2005,False,,
matern52,14,47973.32661869362,True,144,False,1.6564689380095041,1.78034480202113,-2.2006763013289037,2005,True,,
matern52,15,47973.2870074176,True,190,False,1.658799813814211,1.781518599294874,-2.2006763013289046,2005,True,,
matern52,16,47974.31129816425,True,153,False,1.6337079207278973,1.7764176986155713,-2.197055380085144,2005,False,,
matern52,17,47973.72431179728,True,91,False,1.658815449619944,1.7798192021675638,-2.2179551104019697,2005,False,,
matern52,18,47973.79991502932,True,139,False,1.6516968667669152,1.7751910194674576,-2.21701520555155,2005,False,,
matern52,19,47973.253187413655,True,133,False,1.6582944498685783,1.7852564237838602,-2.2107454579468637,2005,True,,
periodic,0,54996.70607576126,True,115,False,1.6337079207278995,0.10793367623409614,-1.6112620807013571,2005,True,,
periodic,1,54996.76089932734,True,161,False,1.6398507214670723,0.10526147999077992,-1.6112620807013545,2005,True,,
periodic,2,54996.77248414399,True,155,False,1.6359381601620113,0.10479522023869374,-1.6112620807013545,2005,True,,
periodic,3,54997.05092730915,True,121,False,1.639520540132587,0.1109001327587151,-1.6074586411446086,2005,False,,
periodic,4,54996.88759701905,True,151,False,1.649267488925172,0.1098481023202712,-1.6098094194680286,2005,False,,
periodic,5,54996.61732129604,True,202,False,1.6429555451919755,0.10818455312529232,-1.6112620807013582,2005,True,,
periodic,6,54996.616897977176,True,127,False,1.6348721270704407,0.10526106303421115,-1.612460748134647,2005,True,,
periodic,7,54997.15504895679,True,133,False,1.6424859497404118,0.11053387085203006,-1.6065465929733187,2005,False,,
periodic,8,54996.739425502776,True,103,False,1.6409417115440847,0.10124655812952815,-1.625728382513263,2005,True,,
periodic,9,54996.65681164795,True,167,False,1.639752822433662,0.1065512385266042,-1.6112620807013545,2005,True,,
periodic,10,54996.74538817782,True,173,False,1.6483551900483369,0.1086933589194567,-1.6112620807013545,2005,True,,
periodic,11,54996.633850115635,True,144,False,1.633707920727899,0.10345505735597357,-1.6253452792532757,2005,True,,
periodic,12,54997.980704605034,True,115,False,1.6347750015242284,0.11286731605193312,-1.602995508040779,2005,False,,
periodic,13,54996.47311119246,True,121,False,1.6403737105931182,0.1100171116419163,-1.6136821860169703,2005,True,,
periodic,14,54996.67150625078,True,121,False,1.63510975251136,0.10912940436388327,-1.611617296951759,2005,True,,
periodic,15,54996.66149265293,True,115,False,1.651429839251748,0.11210767255037654,-1.6181500442809855,2005,True,,
periodic,16,54996.31804531817,True,121,False,1.6371868214404497,0.10552676264786581,-1.616653785663895,2005,True,,
periodic,17,55067.92502656949,False,240,False,1.669340627717586,0.04451629775536775,-1.7019411915671392,2005,False,,
periodic,18,54996.94563705103,True,103,False,1.6269031404438208,0.10233319982919553,-1.6131609128566153,2005,False,,
periodic,19,54996.87270398287,True,167,False,1.6300978224279308,0.10476810564398518,-1.6112620807013538,2005,False,,
locally_periodic,0,47152.806125213494,True,144,True,1.7056637048839633,2.302585092994046,2.0721518132921353,2005,True,-2.3820345230604563,
locally_periodic,1,47153.10077555003,True,217,True,1.7099627444548842,2.302585092994046,2.075539138358541,2005,True,-2.3848762222421276,
locally_periodic,2,47153.08768158682,True,131,True,1.6977847548184606,2.302585092994046,2.0673291034881336,2005,True,-2.372831090300714,
locally_periodic,3,47152.75522673251,True,155,True,1.7141738711166077,2.302585092994046,2.081600445022765,2005,True,-2.368544270804329,
locally_periodic,4,47290.89957610093,False,240,True,1.5965862835175157,2.302585092994046,2.0791880326377274,2005,False,-2.2113495539416137,
locally_periodic,5,47152.67904679326,True,132,True,1.719507300498414,2.302585092994046,2.080578422586284,2005,True,-2.3667080737106456,
locally_periodic,6,47152.806162070774,False,240,True,1.7229388329190871,2.302585092994046,2.0831988044856042,2005,True,-2.3665851589349782,
locally_periodic,7,47154.50147703171,True,209,True,1.7409631780384327,2.302585092994046,2.093059635671715,2005,False,-2.3607251650649728,
locally_periodic,8,47152.930927574016,True,218,True,1.7140673267789204,2.302585092994046,2.0711309269334532,2005,True,-2.382276151833713,
locally_periodic,9,47152.92262496386,True,162,True,1.7207658838275957,2.302585092994046,2.074548880463304,2005,True,-2.3820345230604563,
locally_periodic,10,47153.59657575446,True,230,True,1.6917919067956317,2.302585092994046,2.064180956527758,2005,False,-2.382034523060457,
locally_periodic,11,47157.24120123879,False,240,True,1.6761808540241911,2.302585092994046,2.0498456022632205,2005,False,-2.379150972390905,
locally_periodic,12,47152.713167503665,True,175,True,1.7123397672409018,2.302585092994046,2.0732586529278683,2005,True,-2.382034523060453,
locally_periodic,13,47152.79562928483,True,189,True,1.705864400851934,2.302585092994046,2.0714927941032517,2005,True,-2.3820345230604536,
locally_periodic,14,47152.73077993652,True,191,True,1.7102995247541422,2.302585092994046,2.072357702959946,2005,True,-2.382034523060454,
locally_periodic,15,47168.58373868585,False,240,False,1.7118409918447448,2.187455838344344,2.0768703437078697,2005,False,-2.325069773110597,
locally_periodic,16,47153.81404733047,True,157,True,1.734354360969695,2.302585092994046,2.09019781930231,2005,False,-2.3624314183170787,
locally_periodic,17,47152.67762894364,True,208,True,1.7193795975265818,2.302585092994046,2.077183011372765,2005,True,-2.369181046120415,
locally_periodic,18,47152.66591386647,True,156,True,1.709914071844895,2.302585092994046,2.079109584943872,2005,True,-2.370200366215599,
locally_periodic,19,47153.09015307698,True,237,True,1.7269274132415624,2.302585092994046,2.086733954051355,2005,True,-2.369086814255572,
additive,0,46506.81346271637,False,240,False,1.5257742444938036,1.2664218011467254,0.6623048346210363,2005,True,1.6039061317209102,-2.472713633926233
additive,1,46829.8048845504,True,240,False,-1.6198327263905519,-0.8503106287711258,1.7047095442890183,2005,False,2.310382072337143,-2.4295881375056307
additive,2,46578.87292462561,False,240,False,1.6920736670791963,1.0956123400899498,0.30252591384071714,2005,False,1.44953444282377,-2.488937657182652
additive,3,46617.03661413181,False,240,False,1.728228998984489,1.0526284330756062,0.23599807351023352,2005,False,1.3947591596791793,-2.5437750255445692
additive,4,46510.70085577833,False,240,False,1.5746390224249243,1.2019156519608496,0.5981083080673362,2005,False,1.5770097103856513,-2.468877042152755
additive,5,46508.12433327173,False,240,False,1.563168554229965,1.2673764612846028,0.6623048346210367,2005,False,1.6126021607235166,-2.4455124787207945
additive,6,47067.44982555245,False,240,False,-2.235418946523713,-2.060842839200396,1.6707629653940832,2005,False,2.060869053737605,-8.593553617366124
additive,7,46549.232262668185,False,240,False,1.2958147958511317,1.7796910220170208,1.0220837554013564,2005,False,1.754449180211316,-2.425051588336333
additive,8,46562.61227523069,False,240,False,1.6347413957325856,1.095713721164198,0.35178128041256607,2005,False,1.4476506972789849,-2.488759950330858
additive,9,47022.24727248615,True,240,False,-2.6430910360271285,-1.7654530681077294,1.724697951002254,2005,False,2.143555520544091,-2.9612967818563503
additive,10,47025.31195098093,True,212,False,-2.531141529679307,-1.8276769175640237,1.7056637048839638,2005,False,2.139082416987639,-3.152806965419556
additive,11,47054.57117277999,False,240,False,-0.22613998648414427,-0.4268452982847031,1.6434109252462246,2005,False,2.611659726236196,-2.2430897804607235
additive,12,47067.58262801411,False,240,True,-0.6328992801881139,2.302585092994046,1.4609714750896123,2005,False,2.029491135389594,-2.3101694751762305
additive,13,46512.825320078744,False,240,False,1.5556734173724174,1.2367848433414643,0.6222660514704028,2005,False,1.6041044785365446,-2.4363458569322436
additive,14,46541.34345022548,False,240,False,1.6661620161174435,1.1598956455049414,0.4226184762369556,2005,False,1.488141191465412,-2.4653032294362336
additive,15,47028.353264897,True,211,False,-2.1691013522806606,-1.9540208826046306,1.725585193674229,2005,False,2.1472040290813936,-4.862805066797177
additive,16,46657.87761429603,False,240,False,1.7204308547169085,0.986410541115347,0.16057958810436807,2005,False,1.41673068992581,-2.4528949241466065
additive,17,46924.830280165,False,240,False,-0.83698674188934,-0.58335464044495,1.7427773090117726,2005,False,2.4441109406150345,-2.280837429878542
additive,18,46804.633544847544,False,240,False,1.7965174185901325,0.9937956202784619,-0.05725300693960245,2005,False,1.2424533248940002,-2.497709226047683
additive,19,46828.62596852204,False,240,False,-1.548892644071417,-0.8253689436610953,1.7174858886723419,2005,False,2.333207485262325,-2.404301630048162
se,0,51017.86498002517,True,133,False,1.5604005212822876,1.382105545713488,-1.9979999171704543,2006,True,,
se,1,51018.05569473367,True,120,False,1.560400521282287,1.3780730284417098,-1.996562518004108,2006,False,,
se,2,51017.690698590624,True,115,False,1.564157293699382,1.3766280358989402,-2.003654619436907,2006,True,,
se,3,51017.96913077307,True,160,False,1.555015304895255,1.3771524380248203,-1.9979999171704521,2006,True,,
se,4,51017.52958751428,True,91,False,1.5568697418872455,1.3776787281723566,-2.002241721655384,2006,True,,
se,5,51017.71795039614,True,109,False,1.5558928294750798,1.3798481624089252,-2.008585665680677,2006,True,,
se,6,51018.04414535682,True,115,False,1.5567976020468888,1.37961682825573,-2.0124681423482036,2006,False,,
se,7,51017.87311318178,True,173,False,1.5580926006752605,1.3778461560677089,-1.9979999171704521,2006,True,,
se,8,51017.67889388693,True,133,False,1.5561964793158614,1.3763281732487678,-2.0019709789092013,2006,True,,
se,9,51017.64329991165,True,133,False,1.551473352853813,1.3779635544132498,-2.0029639405378816,2006,True,,
se,10,51018.06684853531,True,109,False,1.5491840173474511,1.3731670725586154,-2.009127484776289,2006,False,,
se,11,51018.334865307,True,109,False,1.568876981005952,1.3806475494901742,-1.9950775055345749,2006,False,,
se,12,51017.99446458111,True,218,False,1.5604005212822873,1.383054540560856,-1.997999917170457,2006,True,,
se,13,51018.05611663945,True,109,False,1.558278454724304,1.3730618162146426,-2.011447421356687,2006,False,,
se,14,51018.100878742276,True,139,False,1.5650558352021473,1.376083517469893,-2.0004362859817113,2006,False,,
se,15,51017.66905352488,True,109,False,1.5515159868535322,1.3758881521813562,-2.008255439332545,2006,True,,
se,16,51017.84305398296,True,126,False,1.5604005212822871,1.3779289992521435,-2.01305867463094,2006,True,,
se,17,51017.98406908467,True,139,False,1.570450465914211,1.3817189048263787,-1.999109133744187,2006,True,,
se,18,51048.81559074162,False,240,False,1.5481250726215294,1.347193396627012,-2.0660092503197935,2006,False,,
se,19,51017.881103389984,True,103,False,1.564417619788104,1.3756155353641875,-2.0036873576532557,2006,True,,
matern32,0,47754.09301102886,True,103,False,1.7043120895944153,2.0639369767733418,-2.3833861383500032,2006,True,,
matern32,1,47754.141780336366,True,173,False,1.7002615658523104,2.064248693165534,-2.3833861383500015,2006,True,,
matern32,2,47754.290210864245,True,149,False,1.6974573893560827,2.0638471315557805,-2.3833861383500015,2006,False,,
matern32,3,47753.789580061995,True,103,False,1.7206303580115045,2.0714222315565345,-2.3814761663448207,2006,True,,
matern32,4,47753.83399438627,True,115,False,1.71155393254716,2.0665621946201562,-2.3864633199790735,2006,True,,
matern32,5,47754.06105524677,True,109,False,1.717941539243832,2.076526129561228,-2.3749606901942597,2006,True,,
matern32,6,47754.31396632487,True,127,False,1.7092291335363259,2.0742156110170105,-2.3738279439965373,2006,False,,
matern32,7,47754.02521296479,True,115,False,1.706545178918191,2.0702310153604513,-2.377024142691329,2006,True,,
matern32,8,47754.238021242454,True,115,False,1.7207903121665553,2.0725138098171594,-2.3739169263681656,2006,False,,
matern32,9,47753.70577492691,True,127,False,1.7215456930472304,2.0736738778766144,-2.3853496799746834,2006,True,,
matern32,10,47753.91951714075,True,149,False,1.7208437805278916,2.0770391273603614,-2.383386138350002,2006,True,,
matern32,11,47753.74942066407,True,103,False,1.712609995363069,2.06977803531518,-2.3802788406920454,2006,True,,
matern32,12,47754.00684195668,True,143,False,1.7076691122910275,2.064879912541187,-2.3833861383500015,2006,True,,
matern32,13,47753.95350328312,True,121,False,1.725692291867392,2.0745155426710618,-2.389539163440044,2006,True,,
matern32,14,47754.105539718155,True,121,False,1.7226995610426539,2.073196819245021,-2.3756337315279605,2006,True,,
matern32,15,47754.14696046157,True,160,False,1.6996810557475384,2.064763904204796,-2.383386138350006,2006,True,,
matern32,16,47755.033664029834,True,109,False,1.7193154381147244,2.0651497592997017,-2.4002309860939643,2006,False,,
matern32,17,47754.808646600664,True,127,False,1.7113153254787112,2.062898582651679,-2.3988515864967477,2006,False,,
matern32,18,47753.93404231648,True,109,False,1.7128256453371997,2.06601077956812,-2.3861366519575355,2006,True,,
matern32,19,47754.274966036144,True,177,False,1.697503889328059,2.0646813590370265,-2.383386138350006,2006,False,,
matern52,0,48598.84215092003,True,133,False,1.6503452514773675,1.7846325351343653,-2.20202791661845,2006,True,,
matern52,1,48599.16009513539,True,133,False,1.645038913083244,1.7859434633879272,-2.2014546109488524,2006,False,,
matern52,2,48598.87788177881,True,121,False,1.6600823327000382,1.7846124512998949,-2.2190418633962885,2006,True,,
matern52,3,48599.615206541406,True,115,False,1.6503452514773669,1.7876354677528947,-2.1966414403949406,2006,False,,
matern52,4,48598.46383711908,True,103,False,1.6583611811572965,1.7835458519495873,-2.2123876630906842,2006,True,,
matern52,5,48598.519033520584,True,103,False,1.643371737065578,1.7805212448004786,-2.209780145154592,2006,True,,
matern52,6,48598.496362345046,True,144,False,1.6503452514773675,1.780784209355575,-2.208565082502604,2006,True,,
matern52,7,48598.77080310338,True,121,False,1.6580945641357703,1.7828614503999503,-2.2057120504982324,2006,True,,
matern52,8,48598.814019206155,True,127,False,1.6439321070053212,1.7770901167411357,-2.219114429724136,2006,True,,
matern52,9,48599.628323787685,True,121,False,1.650526438923449,1.7763518262233065,-2.2264013058919305,2006,False,,
matern52,10,48599.24213345356,True,133,False,1.6436829878946122,1.7780501933549366,-2.2237120971376116,2006,False,,
matern52,11,48598.53198556602,True,127,False,1.6507181419399093,1.7820418982207733,-2.2065375433355623,2006,True,,
matern52,12,48598.74439306134,True,133,False,1.653834326859793,1.7843477923863957,-2.2031615641534033,2006,True,,
matern52,13,48598.4238006399,True,145,False,1.6569447066985707,1.7833030186367218,-2.2124028536754357,2006,True,,
matern52,14,48599.06361501031,True,127,False,1.664099192565755,1.7906335384811956,-2.2078106590105846,2006,False,,
matern52,15,48599.08749912761,True,103,False,1.6372830532922298,1.7770531142811818,-2.2069046217780888,2006,False,,
matern52,16,48599.91609198257,True,121,False,1.6519588341245788,1.775776226305253,-2.227694540642003,2006,False,,
matern52,17,48598.97458034873,True,161,False,1.6488757605207325,1.7864571448989859,-2.202027916618449,2006,False,,
matern52,18,48599.30588260508,True,155,False,1.644479141120565,1.7787999912199655,-2.2020279166184484,2006,False,,
matern52,19,48599.32812014494,True,184,False,1.6406324001190506,1.7787180022862288,-2.2020279166184533,2006,False,,
periodic,0,55729.318240507666,True,109,False,1.6503452514773673,0.11512925464970253,-1.6126136959909045,2006,False,,
periodic,1,55728.678482451374,True,109,False,1.632408645967648,0.1048844420820416,-1.6319035558293948,2006,True,,
periodic,2,55729.25076350697,True,166,False,1.6470112559334757,0.10940678666519885,-1.6126136959909025,2006,False,,
periodic,3,55728.54395806194,True,133,False,1.645499730864993,0.10731464794244452,-1.6187162728260194,2006,True,,
periodic,4,55728.309556732536,True,133,False,1.6383980447593418,0.10426165218474348,-1.6287033153853174,2006,True,,
periodic,5,55728.72732945168,True,133,False,1.6484545039348364,0.10872662019944868,-1.630991747660037,2006,True,,
periodic,6,55728.45115657362,True,139,False,1.6330100081402195,0.1091029477348803,-1.622895260088675,2006,True,,
periodic,7,55728.84178319838,True,151,False,1.6341204640516325,0.10254775960952714,-1.6343589601788489,2006,False,,
periodic,8,55728.79073226074,True,127,False,1.6477651725537625,0.10951714533733548,-1.6159270049957504,2006,True,,
periodic,9,55728.694276640876,True,151,False,1.650313079836972,0.1079336762340958,-1.6303548394129945,2006,True,,
periodic,10,55729.3702345483,True,115,False,1.627305512090843,0.10590872454938158,-1.6133014961572607,2006,False,,
periodic,11,55728.29039255258,True,115,False,1.6414993413918602,0.10537125280850115,-1.6281449793206642,2006,True,,
periodic,12,62059.59200358862,False,240,False,1.3655045394376275,-0.6249841788613542,-2.0660092503197935,2006,False,,
periodic,13,55729.20116233932,True,201,False,1.6347329502750967,0.10737670463814458,-1.6126136959909068,2006,False,,
periodic,14,55728.37994128757,True,91,False,1.6409603111361308,0.10447916798699203,-1.6221360073059437,2006,True,,
periodic,15,55728.265963691694,True,121,False,1.6436867840303575,0.10577392309688842,-1.6251185481149784,2006,True,,
periodic,16,55728.713613202366,True,109,False,1.6395142615462164,0.10661585258528822,-1.6162557003766442,2006,True,,
periodic,17,55728.29244643192,True,133,False,1.646651659832446,0.10827647406473637,-1.6247690448582235,2006,True,,
periodic,18,55791.68923509709,False,240,False,1.5846716317136398,0.03306892026839919,-1.703292806856688,2006,False,,
periodic,19,55729.00177512022,True,175,False,1.6459071001213217,0.10564261218340634,-1.6347573843951282,2006,False,,
locally_periodic,0,47770.32262136733,True,203,True,1.7223010356334314,2.302585092994046,2.0803666498109283,2006,True,-2.3833861383500037,
locally_periodic,1,47770.66361651069,True,159,True,1.6964200797715074,2.302585092994046,2.0697316546000812,2006,True,-2.3756368236921865,
locally_periodic,2,47770.524726692485,True,200,True,1.7277429824200825,2.302585092994046,2.081936014466353,2006,True,-2.380684840051109,
locally_periodic,3,47770.94268697921,True,136,True,1.7212692452311065,2.302585092994046,2.0755984629099054,2006,False,-2.3919082465583883,
locally_periodic,4,47770.291884106424,True,201,True,1.7062562301929796,2.302585092994046,2.0767199631904143,2006,True,-2.383386138350006,
locally_periodic,5,47774.16870521708,False,240,True,1.6895457768653308,2.302585092994046,2.061524791897888,2006,False,-2.4079815516328256,
locally_periodic,6,47770.44199120254,True,142,True,1.7088136304154253,2.302585092994046,2.0779362237190853,2006,True,-2.37022834125122,
locally_periodic,7,47770.37988562873,True,229,True,1.705534005071474,2.302585092994046,2.078898480217101,2006,True,-2.375798725364909,
locally_periodic,8,47770.31830899119,True,151,True,1.700416681768922,2.302585092994046,2.073135375767267,2006,True,-2.377132163686011,
locally_periodic,9,47770.45994620781,True,182,True,1.7087348863878427,2.302585092994046,2.080943893466115,2006,True,-2.3733188435301633,
locally_periodic,10,47770.22364153326,True,171,True,1.7079795749430857,2.302585092994046,2.078221944838221,2006,True,-2.3804365561351513,
locally_periodic,11,47771.6673292956,True,219,True,1.7363278499307326,2.302585092994046,2.0871777964649727,2006,False,-2.3885358028517882,
locally_periodic,12,47770.63797248388,True,159,True,1.7141518302134358,2.302585092994046,2.075816566763325,2006,True,-2.3712596541648923,
locally_periodic,13,47770.49510307822,True,168,True,1.7234440970893208,2.302585092994046,2.084914891436299,2006,True,-2.3740194822385905,
locally_periodic,14,47770.22036745184,False,240,True,1.7114384466089554,2.302585092994046,2.0802559947165156,2006,True,-2.3778687979078197,
locally_periodic,15,47770.24360445568,True,240,True,1.7113312037418154,2.302585092994046,2.0803666498109274,2006,True,-2.378370051196867,
locally_periodic,16,47770.26663508653,True,180,True,1.706619417639925,2.302585092994046,2.074404870554726,2006,True,-2.3747119932496026,
locally_periodic,17,47770.523275477724,True,136,True,1.7207361187234895,2.302585092994046,2.078341702300939,2006,True,-2.3738509815728226,
locally_periodic,18,47770.64000971489,True,163,True,1.7028004960225773,2.302585092994046,2.0742349701566916,2006,True,-2.388457467179659,
locally_periodic,19,47899.188952185286,False,240,False,1.8391580741621363,2.1224653686802193,2.1086353049855613,2006,False,-2.258252914595949,
additive,0,47121.693867354654,False,240,False,1.5424115752432717,1.2376394874843,0.6429642732924725,2006,False,1.595691295202117,-2.47406524921578
additive,1,47131.22315342998,False,240,False,1.4055435368741431,1.4428051047031325,0.8408426797216488,2006,False,1.6860544969088442,-2.4622602116093004
additive,2,47120.85055105183,False,240,False,1.4906759897916912,1.3239864284715763,0.7195019061687095,2006,True,1.6285033045492803,-2.452660987505513
additive,3,47199.63648637912,False,240,False,1.3494803074938453,1.76334645053893,1.0745112534572412,2006,False,1.8020247424480527,-2.4661094050201275
additive,4,47133.68311640194,False,240,False,1.5298593076086067,1.1800748601594493,0.5818126298035424,2006,False,1.5742686991890311,-2.5027485674309347
additive,5,47461.7261326467,False,240,False,-1.2942464822404292,-0.7178510820904258,1.700266849107126,2006,False,2.3596710914499046,-2.3966041001786
additive,6,47326.3003471939,False,240,True,1.0926879242678735,2.302585092994046,1.316438400924178,2006,False,1.9310079337949266,-2.42872569378289
additive,7,47194.03732593436,False,240,False,1.6510263780250278,1.0502270535275076,0.3192130643809189,2006,False,1.4270204126061783,-2.5194048046486666
additive,8,47131.8751389893,False,240,False,1.5820163458961245,1.2088571738218739,0.5775863142965328,2006,False,1.564672990295101,-2.5063327829303073
additive,9,47121.51952174411,False,240,False,1.4982004527775674,1.2923882368437902,0.6960087616045825,2006,False,1.6056875406503435,-2.4841950158241977
additive,10,47120.98885346095,False,240,False,1.4876146808274953,1.2977512886163618,0.7374047348584657,2006,True,1.6344076867689998,-2.4570856233476626
additive,11,47123.71714815001,False,240,False,1.472687423372092,1.321755608156145,0.7600736970388406,2006,False,1.6452541968204253,-2.439752659692799
additive,12,47886.653615231095,False,240,False,-1.8063425577139745,-1.77917656997477,1.5642227900689982,2006,False,2.1447128614100124,-9.683054563045
additive,13,47156.78453312752,False,240,False,1.5973121544893052,1.151292546497023,0.4592364744386882,2006,False,1.544491771042107,-2.42872569378289
additive,14,47726.807133458075,False,240,False,-0.0706660194940347,-0.37417007761153265,1.59637841336032,2006,False,2.7204069597469123,-2.2648045197120372
additive,15,47129.24587881353,False,240,False,1.4524668450481921,1.3959422126276404,0.8084154111954222,2006,False,1.6445391892893058,-2.483506672821385
additive,16,47129.97049229613,False,240,False,1.543794556290252,1.2065046495090144,0.5669618518409872,2006,False,1.5451475970023523,-2.482463307649328
additive,17,47763.51647356924,False,240,True,-3.224659125095963,2.302585092994046,1.8122457658285103,2006,False,2.1106450260753915,-2.36458183678612
additive,18,47658.36832679689,False,240,False,-0.2744719746973422,-0.4317347049363838,1.6225037376609783,2006,False,2.5749147267018473,-2.266279369384512
additive,19,47646.934752491805,False,240,False,-2.662049768362785,-1.8177537629109477,1.7402899816724477,2006,False,2.142243893645353,-3.030514006930058
se,0,51795.070799929636,True,127,False,1.5758792781375432,1.3821055457134883,-2.005190938031642,2007,True,,
se,1,51795.2271429947,True,103,False,1.5808019878161335,1.3808431299435429,-2.0073022798971896,2007,True,,
se,2,51795.25502228578,True,139,False,1.5807221142650587,1.3826724518319464,-2.0104767333355023,2007,True,,
se,3,51795.28601653197,True,115,False,1.5761754439095044,1.3814448391622975,-2.013809782579444,2007,True,,
se,4,51795.70701220863,True,115,False,1.5662382405838509,1.3825491372236716,-1.998674484004979,2007,False,,
se,5,51795.27019054876,True,103,False,1.5664393783152182,1.3776050175078725,-2.0116155507434965,2007,True,,
se,6,51795.438568284124,True,109,False,1.5815591025434417,1.3816661081623272,-2.0136066819874436,2007,True,,
se,7,51795.24271976668,True,167,False,1.5758792781375428,1.3845006034544862,-2.0051909380316393,2007,True,,
se,8,51795.78942305441,True,133,False,1.5777876377603206,1.3798430460635238,-2.0185508939499583,2007,False,,
se,9,51795.10007639467,True,127,False,1.5735619979723308,1.3828959379719887,-2.008699836796343,2007,True,,
se,10,51796.05558623835,True,109,False,1.5753457802455928,1.3797054837587364,-1.9981575296141654,2007,False,,
se,11,51795.515700301454,True,109,False,1.5815176232887886,1.3810704363000643,-2.0147416037193095,2007,True,,
se,12,51795.75969865166,True,109,False,1.561734806675621,1.3760808035050454,-2.015356489027414,2007,False,,
se,13,51796.469690373066,True,121,False,1.5758792781375428,1.3868190394245967,-1.9937655696224859,2007,False,,
se,14,51795.29028388944,True,207,False,1.5803446549443192,1.38433700819499,-2.005190938031643,2007,True,,
se,15,51795.09474931759,True,202,False,1.5770596331893738,1.3821830976291298,-2.005190938031643,2007,True,,
se,16,51795.24926129495,True,115,False,1.574759062206434,1.3833493832491184,-2.002085799854433,2007,True,,
se,17,51796.27980162334,True,109,False,1.563217662881472,1.3748830512520869,-2.02002652289298,2007,False,,
se,18,51795.08957867886,True,190,False,1.5690257257546052,1.3809986747059282,-2.005190938031643,2007,True,,
se,19,51795.5936555463,True,109,False,1.577978009035391,1.3840107776412418,-1.9989992142544748,2007,False,,
matern32,0,48451.50021785141,True,97,False,1.7197908464496712,2.072151813292135,-2.3905771592111917,2007,True,,
matern32,1,48451.97043518604,True,115,False,1.7171821133627672,2.0749090809507367,-2.382274913838231,2007,True,,
matern32,2,48452.20186753356,True,109,False,1.7361020898516186,2.0722430887202954,-2.402684325760795,2007,False,,
matern32,3,48452.652368074574,True,167,False,1.7557687385277019,2.086175180568075,-2.395130301380954,2007,False,,
matern32,4,48451.77927017055,True,97,False,1.7222171531938606,2.0762709289201093,-2.3817398972378414,2007,True,,
matern32,5,48452.35453053062,True,121,False,1.733731864143344,2.0841613362909115,-2.376844255924804,2007,False,,
matern32,6,48451.535530609326,True,109,False,1.7387772254740028,2.0792488239705444,-2.386063049361847,2007,True,,
matern32,7,48452.101142798885,True,127,False,1.7461502523451995,2.0792625104567306,-2.398735827724892,2007,False,,
matern32,8,48451.53772028965,True,145,False,1.7225803961455661,2.0745729816871936,-2.3851215589315022,2007,True,,
matern32,9,48451.56070996168,True,127,False,1.7267890172501645,2.077711567044786,-2.392265318265748,2007,True,,
matern32,10,48451.54031807197,True,97,False,1.7214819227754672,2.0720375995439726,-2.386961576385706,2007,True,,
matern32,11,48451.709019650574,True,166,False,1.7159179735265906,2.0691550564058585,-2.3905771592111926,2007,True,,
matern32,12,48451.608597237064,True,189,False,1.7289297564560913,2.0794740524626647,-2.3905771592111926,2007,True,,
matern32,13,48452.51670810891,True,109,False,1.7133651165055725,2.071431693609038,-2.378056141218061,2007,False,,
matern32,14,48452.12116156878,True,127,False,1.7396767991929847,2.0787965670086583,-2.40182386054731,2007,False,,
matern32,15,48451.93947991391,True,133,False,1.7314857383755462,2.076256064933303,-2.4014538841757496,2007,True,,
matern32,16,48452.20301582178,True,109,False,1.7083999320925511,2.067281309196665,-2.3882579281723757,2007,False,,
matern32,17,48451.81112568996,True,109,False,1.7332086537310818,2.0717999786888965,-2.398105996806152,2007,True,,
matern32,18,48451.576928694296,True,157,False,1.7305345326776096,2.0721276357248093,-2.391286857778536,2007,True,,
matern32,19,48451.72983971579,True,163,False,1.7401880814192685,2.0810494145739815,-2.382740533550312,2007,True,,
matern52,0,49316.07332529174,True,127,False,1.6658240083326235,1.7846325351343653,-2.2092189374796387,2007,True,,
matern52,1,49316.24162472742,True,137,False,1.652738934962373,1.7835109049423943,-2.2092189374796365,2007,False,,
matern52,2,49316.07361856941,True,121,False,1.6730806046299924,1.7873677192269082,-2.2095908596229594,2007,True,,
matern52,3,49316.24935632231,True,127,False,1.6731020186126118,1.7889098005886506,-2.2247123026549334,2007,False,,
matern52,4,49316.0604244218,True,115,False,1.6677970145148238,1.7858903375470059,-2.2256651422379083,2007,True,,
matern52,5,49316.12926036178,True,145,False,1.6718697742677968,1.7833967726475328,-2.2248262883591794,2007,False,,
matern52,6,49316.66831188387,True,91,False,1.6738372136447488,1.7837573850084085,-2.2295267605776528,2007,False,,
matern52,7,49316.69936927958,True,115,False,1.678022121895161,1.7909979469523456,-2.204742870644466,2007,False,,
matern52,8,49315.71319186072,True,103,False,1.6600086996436432,1.7824316232787503,-2.2160899271610726,2007,True,,
matern52,9,49315.73568363044,True,121,False,1.6601418859928472,1.7867763753068535,-2.2169110125076146,2007,True,,
matern52,10,49316.536932846124,True,109,False,1.6789998406865925,1.7931625379523435,-2.206847706018814,2007,False,,
matern52,11,49316.053431663095,True,133,False,1.6694755610573315,1.7822721550859164,-2.2237064119017846,2007,True,,
matern52,12,49316.58751252218,True,156,False,1.6838129543716394,1.7929850824999076,-2.219592922000864,2007,False,,
matern52,13,49315.63266620683,True,157,False,1.668878653844638,1.7875300292346525,-2.2178935172355856,2007,True,,
matern52,14,49316.05971701953,True,163,False,1.6749956126498529,1.7884422306209207,-2.222954630941784,2007,True,,
matern52,15,49315.942702869645,True,132,False,1.6658240083326235,1.7867394640479006,-2.2236304162083114,2007,True,,
matern52,16,49316.182941278326,True,103,False,1.67093298299578,1.7850877016089426,-2.2266874227599676,2007,False,,
matern52,17,49315.80342321002,True,133,False,1.6711034535887919,1.7845518199856665,-2.216888074285617,2007,True,,
matern52,18,49316.43000268641,True,143,False,1.6496394969810635,1.7828928246131948,-2.2092189374796365,2007,False,,
matern52,19,49316.04375522259,True,154,False,1.6686364130671978,1.7858144452063425,-2.209218937479636,2007,True,,
periodic,0,56555.621831831355,True,127,False,1.647835062293607,0.11512925464970253,-1.6198047168520924,2007,True,,
periodic,1,56555.545119253446,True,109,False,1.6658240083326226,0.11565572175534218,-1.6290252637210267,2007,True,,
periodic,2,56555.75092730229,True,133,False,1.6478350622936067,0.10425246795815313,-1.634823300974923,2007,False,,
periodic,3,56555.60529308868,True,224,False,1.6569820701863323,0.11779770447468718,-1.6198047168520935,2007,True,,
periodic,4,56555.27856543172,True,121,False,1.6592699430656956,0.1104051013889519,-1.6261246249707544,2007,True,,
periodic,5,56555.38139923037,True,115,False,1.6478350622936067,0.11409266253030464,-1.6256574283804537,2007,True,,
periodic,6,56556.23378215193,True,151,False,1.6543676470215234,0.10765565895935217,-1.6397869402661605,2007,False,,
periodic,7,56555.16500001727,True,145,False,1.6508879299389225,0.1125471863684015,-1.6264623670275014,2007,True,,
periodic,8,56555.75184107882,True,151,False,1.6476398899379352,0.1055360751851351,-1.6359788014564842,2007,False,,
periodic,9,56768.06719461688,False,240,False,1.4033416386410793,-0.016202237860353408,-1.6878140500014305,2007,False,,
periodic,10,56555.26222080269,True,115,False,1.6552657912861573,0.11482456652704431,-1.6269800700809025,2007,True,,
periodic,11,56555.24665945386,True,145,False,1.6525380750704688,0.10804377811143592,-1.6276889026229862,2007,True,,
periodic,12,56555.51801545799,True,174,False,1.6658240083326226,0.11707603002819711,-1.6234448127867727,2007,True,,
periodic,13,56555.54322009602,True,157,False,1.6548530137306412,0.1139277330030723,-1.618550337935435,2007,True,,
periodic,14,58269.03326876602,False,240,False,1.3483384260708546,-0.23484462737255002,-2.050530493464536,2007,False,,
periodic,15,56555.50622248174,True,121,False,1.6517849646919738,0.11136703524770593,-1.619635288289822,2007,True,,
periodic,16,56555.20467706206,True,121,False,1.6478350622936069,0.10923684219004867,-1.6290094942936157,2007,True,,
periodic,17,56555.53413861847,True,154,False,1.6619463557261436,0.1154275103320764,-1.61980471685209,2007,True,,
periodic,18,56556.12300320104,True,127,False,1.6440750827720643,0.11059535794024934,-1.6162293076511938,2007,False,,
periodic,19,56555.3869734259,True,115,False,1.6423678406222069,0.10867190825032923,-1.6290026609019375,2007,True,,
locally_periodic,0,48468.240920332435,True,172,True,1.7197908464496712,2.302585092994046,2.0803666498109283,2007,True,-2.3905771592111917,
locally_periodic,1,48895.469478464525,False,240,False,1.697616325864002,0.8059047825479156,2.22823370714921,2007,False,-2.218949764926413,
locally_periodic,2,48468.498875555284,True,181,True,1.723606849157631,2.302585092994046,2.0756460265165675,2007,True,-2.394752197952139,
locally_periodic,3,48469.40086424258,True,216,True,1.7467430722075297,2.302585092994046,2.0872293987514756,2007,False,-2.3971173705187847,
locally_periodic,4,48468.716226675315,True,121,True,1.7371787844471949,2.302585092994046,2.0874850006170163,2007,False,-2.3756643541184124,
locally_periodic,5,48468.57258582606,True,237,True,1.714520349801031,2.302585092994046,2.072409620435171,2007,True,-2.390180183004823,
locally_periodic,6,48468.41543397558,True,135,True,1.7146574192063817,2.302585092994046,2.0795246646752132,2007,True,-2.389224428204011,
locally_periodic,7,48470.295670703854,False,240,True,1.6965006806757124,2.302585092994046,2.063305315151609,2007,False,-2.3905771592111926,
locally_periodic,8,48468.225408787985,True,217,True,1.7183587984204018,2.302585092994046,2.076266048169078,2007,True,-2.3905771592111926,
locally_periodic,9,48470.13085592132,False,240,True,1.716972321713437,2.302585092994046,2.0769852711925894,2007,False,-2.367907381494744,
locally_periodic,10,48468.41018406431,True,149,True,1.7132018014997805,2.302585092994046,2.07574282967921,2007,True,-2.391681579666404,
locally_periodic,11,48468.2996710295,True,149,True,1.7339379077214463,2.302585092994046,2.0816018931630826,2007,True,-2.3901291637515025,
locally_periodic,12,48468.58801156079,True,170,True,1.7199855129842812,2.302585092994046,2.0799008579693172,2007,True,-2.395619825144829,
locally_periodic,13,48468.31768672009,True,151,True,1.719745535790325,2.302585092994046,2.07528458461569,2007,True,-2.3911098837367533,
locally_periodic,14,48468.83927459482,True,223,True,1.7050982791152356,2.302585092994046,2.0730250299737096,2007,False,-2.3905771592111926,
locally_periodic,15,48468.76503928992,True,170,True,1.728856560439367,2.302585092994046,2.0888221387384815,2007,False,-2.375179606072095,
locally_periodic,16,48472.0206565995,True,240,True,1.7461775279509124,2.302585092994046,2.083038672583787,2007,False,-2.4132469369276333,
locally_periodic,17,48475.76606141056,False,240,True,1.7813968712704924,2.302585092994046,2.0986013327266746,2007,False,-2.368285817834292,
locally_periodic,18,48496.39635729211,False,240,False,1.7417828987910489,2.1298912110194923,2.1124826983509677,2007,False,-2.4171582560079377,
locally_periodic,19,48489.17221504556,False,240,False,1.7246725384721948,2.0274021045594854,2.096796322848515,2007,False,-2.33810452899385,
additive,0,47810.03916838849,False,240,False,1.5758792781375432,1.194466016990662,0.5684982999526482,2007,False,1.5546171126081498,-2.503926047793412
additive,1,48151.40529343978,False,240,False,-1.855358464426257,-0.9138846894734018,1.7141535791222278,2007,False,2.27752272626197,-2.4363120574557366
additive,2,47871.90764161704,False,240,False,1.2520782494352571,2.2450204656691946,1.0715471535709038,2007,False,1.7556234129410415,-2.4323326539332917
additive,3,47806.58963000475,False,240,False,1.4942006930029443,1.337911567873926,0.7799782597973444,2007,True,1.6653890750302538,-2.4612074091379155
additive,4,50013.226897293556,False,240,False,1.731169671970654,0.7305993517315499,-0.6246336358730522,2007,False,0.534565275817512,-3.864112710780061
additive,5,47844.54903811004,False,240,False,1.6674741593411304,1.071659855289057,0.40154037494930783,2007,False,1.50315639025278,-2.475139145504915
additive,6,47806.873505215946,False,240,False,1.5429566651297386,1.2470683641277072,0.6266396589342533,2007,True,1.5776833693050822,-2.456526606301269
additive,7,48263.58043496321,False,240,False,1.8069390215996994,0.8815499796061583,-0.1870374336860226,2007,False,1.1324172685008762,-2.5946051586591903
additive,8,48278.33808529504,False,240,False,-0.5401847253539499,-0.5326634312652374,1.6595488243537386,2007,False,2.5127800648720227,-2.329371356295426
additive,9,48183.90145686103,False,240,False,-1.0650188087827652,-0.6406028918250892,1.6805663934618618,2007,False,2.40629653193355,-2.364488429473351
additive,10,47927.22282983526,False,240,True,1.1587469946436326,2.302585092994046,1.2178867662929613,2007,False,1.8186794998972409,-2.51096030994312
additive,11,49248.085014578995,False,240,False,1.8179697268770048,0.7750332390774209,-0.5661452679269936,2007,False,0.7876593135240286,-3.138679823853848
additive,12,48146.21681783331,False,240,False,-1.6883704458010833,-0.8626626264118796,1.6891026270797835,2007,False,2.295955689584594,-2.422288139258349
additive,13,48473.5339303761,False,240,False,-1.949366095376008,-1.8420680743952362,1.56447240345782,2007,False,2.140927355937314,-6.765844258484906
additive,14,47831.94643490978,False,240,False,1.6838129543716396,1.1512925464970234,0.6129163727281224,2007,False,1.5928302081608636,-2.4132469369276333
additive,15,47989.34558018992,False,240,False,1.7506902980784442,0.9998527605216967,0.13904284082893326,2007,False,1.3094393792183479,-2.594605158659186
additive,16,48143.95872475297,True,240,False,-1.5880366477897019,-0.8272393916164522,1.697433209626428,2007,False,2.3103820723371435,-2.4146368131931006
additive,17,47836.95885235729,False,240,False,1.4694382554133478,1.7269388197455346,0.9137225976123899,2007,False,1.6801258610530732,-2.465395919873475
additive,18,47838.23653267874,False,240,False,1.619175310517951,1.1220113439841461,0.5964407927856448,2007,False,1.5939417448618303,-2.5245199115650747
additive,19,48167.17686723557,False,240,False,-2.0119351364627938,-0.9515601608512294,1.6838129543716396,2007,False,2.261275230473623,-2.4562990316814544
se,0,52481.746551546574,True,127,False,1.5765797735836506,1.382105545713488,-2.004490442585535,2008,False,,
se,1,52514.06592805882,False,240,False,1.5902593993260619,1.3473147696818117,-2.0498299980184305,2008,False,,
se,2,52481.68153348449,True,219,False,1.569902965337801,1.3823969307105524,-2.0044904425855377,2008,True,,
se,3,52481.57793961275,True,163,False,1.5777554613008333,1.3786338417025181,-2.0172492845566734,2008,True,,
se,4,52481.563678538594,True,133,False,1.5649649025833225,1.3822406275616297,-2.0078538740776626,2008,True,,
se,5,52482.94982343893,True,133,False,1.5760570195506625,1.3754500759703996,-2.0274374028534874,2008,False,,
se,6,52481.75815414777,True,121,False,1.5680282434450252,1.3823568293210224,-2.0189174668485617,2008,False,,
se,7,52481.47436571119,True,127,False,1.5803577546185403,1.3807619042894628,-2.016336608379211,2008,True,,
se,8,52481.383259170776,True,109,False,1.5711590519756116,1.3826792633468417,-2.0155139675543667,2008,True,,
se,9,52482.59600296544,True,109,False,1.5806010021301249,1.3781229373512769,-2.025875764983292,2008,False,,
se,10,52481.42373084425,True,127,False,1.573161969037681,1.3796263404065021,-2.018375080791591,2008,True,,
se,11,52481.53118943159,True,133,False,1.5643226564491353,1.3785141326875308,-2.0163694455050134,2008,True,,
se,12,52481.22880272768,True,109,False,1.5737088148266873,1.3815478528843315,-2.014510435780852,2008,True,,
se,13,52481.214759209084,True,121,False,1.5736972229711483,1.381158444331442,-2.014040231571171,2008,True,,
se,14,52481.96531218122,True,85,False,1.5742582244519436,1.3825511395886523,-2.021529457100515,2008,False,,
se,15,52481.959476809156,True,139,False,1.5765797735836502,1.3840488454612372,-2.019666668036629,2008,False,,
se,16,52481.37076842292,True,109,False,1.5765797735836504,1.3812928469590213,-2.017029810658997,2008,True,,
se,17,52481.803610286435,True,121,False,1.565341258153939,1.381035671817259,-2.0197154024802493,2008,False,,
se,18,52482.75579901099,True,121,False,1.5619950897298822,1.374798828876331,-2.025446313185217,2008,False,,
se,19,52482.319660465975,True,109,False,1.586756410017053,1.3863493794316473,-2.0164060473024223,2008,False,,
matern32,0,49075.668636603674,True,91,False,1.7204913418957786,2.072151813292135,-2.3898766637650843,2008,True,,
matern32,1,49075.53189793933,True,127,False,1.7208391830007261,2.0757306939655864,-2.399091461866494,2008,True,,
matern32,2,49075.639539939235,True,126,False,1.7282592363672609,2.0816755016173296,-2.389876663765083,2008,True,,
matern32,3,49076.49288356201,True,127,False,1.7106427525888128,2.0653305017323014,-2.4078770227543904,2008,False,,
matern32,4,49075.69978511217,True,109,False,1.7425604380177386,2.0807840081371913,-2.3897460109296325,2008,True,,
matern32,5,49075.527369733,True,146,False,1.738480287934794,2.0795206129997506,-2.3898766637650826,2008,True,,
matern32,6,49075.66829506266,True,109,False,1.733037795507542,2.083394694212627,-2.3884419769146934,2008,True,,
matern32,7,49075.396235169275,True,155,False,1.7253137849300906,2.076471364751306,-2.3898766637650826,2008,True,,
matern32,8,49075.41965484455,True,151,False,1.7316576312951875,2.075933626099048,-2.391287433522282,2008,True,,
matern32,9,49076.099009497535,True,121,False,1.7458431407738384,2.088486274295545,-2.3887895422644942,2008,False,,
matern32,10,49076.476971871176,True,127,False,1.7429247851903147,2.0765692132249725,-2.4106904509275258,2008,False,,
matern32,11,49075.60526185656,True,207,False,1.7303650766722107,2.0822921720768433,-2.389876663765087,2008,True,,
matern32,12,49075.87231012761,True,176,False,1.7442996033700917,2.0869976940329837,-2.389876663765087,2008,True,,
matern32,13,49076.14088007162,True,127,False,1.7431426678999862,2.0835995655787753,-2.383474781540619,2008,False,,
matern32,14,49075.75539318769,True,149,False,1.716233278562756,2.0746149681312294,-2.3898766637650826,2008,True,,
matern32,15,49075.62645977086,True,160,False,1.738480287934794,2.078474122522961,-2.3898766637650826,2008,True,,
matern32,16,49076.16698101921,True,133,False,1.7200721875960356,2.0667845538460745,-2.4072626317117978,2008,False,,
matern32,17,49075.65022563169,True,197,False,1.7315170711759929,2.0721518132921357,-2.402851648378805,2008,True,,
matern32,18,49075.48544431694,True,149,False,1.723059157763362,2.0772269925896287,-2.3898766637650826,2008,True,,
matern32,19,49075.72607212704,True,127,False,1.7331880631799534,2.0773659055651077,-2.386684572853668,2008,True,,
matern52,0,49955.619132479114,True,115,False,1.6665245037787306,1.7846325351343653,-2.231188219749976,2008,True,,
matern52,1,49956.09994147126,True,115,False,1.656247740332109,1.782817314503375,-2.233829461389294,2008,False,,
matern52,2,49955.800811702866,True,133,False,1.655504851531176,1.7824443155305534,-2.2311882197499777,2008,False,,
matern52,3,49956.30225952942,True,109,False,1.684895987351284,1.7954361448272786,-2.2188611565286975,2008,False,,
matern52,4,49955.90001646131,True,115,False,1.6662831965840599,1.7916283408109308,-2.2121596295245727,2008,False,,
matern52,5,49955.894182242846,True,161,False,1.6613731408954968,1.7866842746310958,-2.231188219749974,2008,False,,
matern52,6,49956.02651658819,True,115,False,1.658311012606052,1.7820949581073022,-2.234174244020338,2008,False,,
matern52,7,49955.571034032095,True,127,False,1.6568901110791694,1.7870214406705098,-2.216794389517368,2008,True,,
matern52,8,49955.36784785896,True,121,False,1.670795468111082,1.7878253389390508,-2.218055024582016,2008,True,,
matern52,9,49956.09730467244,True,155,False,1.6515534297759014,1.7782140855564739,-2.231188219749974,2008,False,,
matern52,10,49956.22191142062,True,115,False,1.6819667293269525,1.7950616979869347,-2.214838227212593,2008,False,,
matern52,11,49956.2724891047,True,161,False,1.6486141249786153,1.7775811813179547,-2.2311882197499737,2008,False,,
matern52,12,49955.42700460846,True,151,False,1.661373422427254,1.785029545005704,-2.228258480250877,2008,True,,
matern52,13,49955.97974558586,True,127,False,1.659510913020621,1.7811312229953737,-2.233929367770225,2008,False,,
matern52,14,49956.279823088844,True,154,False,1.6484028018716128,1.7776091599367745,-2.231188219749974,2008,False,,
matern52,15,49955.70529331511,True,201,False,1.6687901473140878,1.7835187301842133,-2.2311882197499786,2008,True,,
matern52,16,49955.652227974584,True,109,False,1.6589134425678533,1.7888951410118834,-2.2162912509140327,2008,True,,
matern52,17,49955.29325012877,True,151,False,1.6593959120042454,1.7851186000316968,-2.219902192057491,2008,True,,
matern52,18,49956.093508380196,True,127,False,1.67908749804854,1.7918675101186972,-2.212599520187805,2008,False,,
matern52,19,49955.80947998712,True,109,False,1.6601232161309771,1.7895271889986841,-2.213528846973891,2008,False,,
periodic,0,57297.153259405146,True,109,False,1.6485355577397147,0.10793367623409614,-1.6417739991224296,2008,True,,
periodic,1,57296.593390001966,True,103,False,1.6467068750193907,0.11045625038560627,-1.633616825918362,2008,True,,
periodic,2,57297.14478028423,True,201,False,1.6505196839549816,0.10909033162730705,-1.6417739991224318,2008,True,,
periodic,3,57347.01343460403,False,240,False,1.5940143612932616,0.041470811736537494,-1.6871135545553249,2008,False,,
periodic,4,57297.661721656514,True,177,False,1.66652450377873,0.11428845253394812,-1.6417739991224274,2008,False,,
periodic,5,57297.016252105015,True,103,False,1.6506259387566438,0.11061247950402045,-1.624513437971215,2008,True,,
periodic,6,57297.077566690365,True,133,False,1.6665613526197984,0.11427631771278346,-1.6370860636816293,2008,True,,
periodic,7,57296.81808565737,True,103,False,1.6495388928412287,0.10633117686171689,-1.6364609916850188,2008,True,,
periodic,8,57297.07769195079,True,145,False,1.6441719486144795,0.1090595612695974,-1.6398200556862441,2008,True,,
periodic,9,57296.584051893486,True,115,False,1.6492983196355375,0.11184772228719816,-1.628881124307917,2008,True,,
periodic,10,57297.35414646115,True,202,False,1.6424936713250613,0.10485195130887232,-1.6417739991224318,2008,False,,
periodic,11,57297.19396287157,True,120,False,1.656587123119897,0.10835381012882517,-1.641773999122428,2008,False,,
periodic,12,57297.158624965974,True,149,False,1.6493995796143097,0.10898604353469346,-1.6417739991224276,2008,False,,
periodic,13,57297.113825250286,True,115,False,1.6487235887260296,0.11179354047279563,-1.6399100205711235,2008,True,,
periodic,14,57297.32271648748,True,138,False,1.661402028447649,0.10976922819240836,-1.641773999122428,2008,False,,
periodic,15,57296.87130987126,True,103,False,1.65750887499043,0.11646822983942527,-1.6246188275463775,2008,True,,
periodic,16,57296.725231792516,True,103,False,1.6621175458433355,0.11261312165374657,-1.6350050469694961,2008,True,,
periodic,17,57296.92477441287,True,133,False,1.656601174781532,0.11225479598081534,-1.624890606199306,2008,True,,
periodic,18,57296.76050438879,True,115,False,1.645423131684045,0.1071981641151831,-1.6361660148363544,2008,True,,
periodic,19,57296.60957660189,True,121,False,1.6467400099655896,0.1114637267819788,-1.6331611091266665,2008,True,,
locally_periodic,0,49092.24468432648,True,179,True,1.7204913418957786,2.302585092994046,2.0803666498109283,2008,True,-2.3898766637650843,
locally_periodic,1,49092.613019326156,True,233,True,1.738480287934794,2.302585092994046,2.089426195775166,2008,True,-2.3856719041175967,
locally_periodic,2,49092.445190524755,True,240,True,1.7361257309078644,2.302585092994046,2.08569395969113,2008,True,-2.3884959678117568,
locally_periodic,3,49093.935197587874,True,196,True,1.7531497498439976,2.302585092994046,2.0967963228485145,2008,False,-2.381801541030999,
locally_periodic,4,49092.3761325143,True,205,True,1.7206298509793216,2.302585092994046,2.083918161804675,2008,True,-2.3898766637650826,
locally_periodic,5,49093.35519797503,True,158,True,1.7092772028502596,2.302585092994046,2.0794992922422306,2008,False,-2.379482842137491,
locally_periodic,6,49092.304372293125,True,193,True,1.7236099251625265,2.302585092994046,2.078799863109169,2008,True,-2.394066122129549,
locally_periodic,7,49092.38879663931,True,232,True,1.7263266726420985,2.302585092994046,2.0865988433512728,2008,True,-2.389876663765087,
locally_periodic,8,49098.6648399136,False,240,True,1.7792622024070888,2.302585092994046,2.1097330625530373,2008,False,-2.373129691052917,
locally_periodic,9,49093.04976047499,True,174,True,1.719878936469596,2.302585092994046,2.0844236392003017,2008,False,-2.37818485320183,
locally_periodic,10,49092.826506793914,True,240,True,1.7244510054422304,2.302585092994046,2.0812526634855506,2008,False,-2.381423299480904,
locally_periodic,11,49092.377672942945,True,135,True,1.7158490872853915,2.302585092994046,2.0797090698734557,2008,True,-2.3931519367456024,
locally_periodic,12,49092.334753755684,True,227,True,1.7294821031579382,2.302585092994046,2.0817589204871156,2008,True,-2.389876663765087,
locally_periodic,13,49130.962657942306,False,240,True,1.8622825430630336,2.302585092994046,2.113434479469666,2008,False,-2.4107729745546256,
locally_periodic,14,49092.597725213214,True,180,True,1.718586670979628,2.302585092994046,2.0764970742459665,2008,True,-2.400352816772026,
locally_periodic,15,49093.43399439359,True,135,True,1.7014458995258324,2.302585092994046,2.069945489728537,2008,False,-2.3940551755031776,
locally_periodic,16,49132.72213281598,False,240,False,1.6809665635260593,2.0326514318598647,2.097318553334084,2008,False,-2.315978796637058,
locally_periodic,17,49092.359942200404,True,130,True,1.7197249499322382,2.302585092994046,2.083069818946547,2008,True,-2.3911805670362987,
locally_periodic,18,49092.19034371143,True,165,True,1.7268971488481495,2.302585092994046,2.0828706055734516,2008,True,-2.389942572312614,
locally_periodic,19,49093.17913246825,True,148,True,1.7463124979243208,2.302585092994046,2.0943624265816565,2008,False,-2.386348454293012,
additive,0,48420.06468266594,False,240,False,1.6125576656616827,1.194466016990662,0.5332209033207237,2008,False,1.538187439570563,-2.503225552347305
additive,1,48788.97332918023,False,240,False,-1.1064998008232243,-0.6810896661533825,1.6810355222575022,2008,False,2.3925304375250773,-2.402278080530956
additive,2,48815.604766014025,False,240,False,-0.9393402818744454,-0.6321789687188735,1.7460752661720393,2008,False,2.4480198426926925,-2.3681322529192395
additive,3,48412.543135608714,False,240,False,1.5604212431811049,1.1800748601594488,0.6297545752304211,2008,False,1.59867656374989,-2.473313351868807
additive,4,48799.43261269869,False,240,False,0.8210440399449809,1.7269388197455346,1.5984254804877187,2008,False,2.0127606200168584,-2.404605637438593
additive,5,48973.94688820114,True,228,True,-2.1153473199706854,-1.9765189713689286,1.7564692339738113,2008,False,2.1631019219502394,-11.843173971522273
additive,6,48451.8221782083,False,240,False,1.660909230564005,1.1176777742668873,0.3950986655667499,2008,False,1.4718848352576557,-2.524854574661421
additive,7,48414.91986623623,False,240,False,1.5669405746664793,1.2530954437033623,0.6634940252802246,2008,False,1.6264466426367847,-2.4496704609895104
additive,8,49115.500073787276,False,240,False,0.09166578785397925,-0.3309298267726147,1.586081690931643,2008,False,2.869718270227693,-2.2191077191694433
additive,9,48967.11010055127,True,240,False,-2.632833599546089,-1.794698727546856,1.7267656170141548,2008,False,2.149914866285689,-3.0300402957956254
additive,10,48763.387001659175,False,240,False,-1.6254526213611953,-0.8561298968112178,1.7022165468237005,2008,False,2.303460347631844,-2.4463656585847127
additive,11,48428.56255866262,False,240,False,1.6233228197347607,1.142422359359967,0.4802848283637506,2008,False,1.5173815002891595,-2.496583489309865
additive,12,48424.847133894524,False,240,False,1.633164323817359,1.2037352804518617,0.5360856922990318,2008,False,1.5416311983959547,-2.5261750925555746
additive,13,49017.46001722504,False,240,False,1.8931738107580254,0.9512986150279399,-0.3071174657244179,2008,False,1.0669240960607396,-2.593904663213084
additive,14,48970.456533071214,True,188,False,-2.450935548601965,-1.892437123304481,1.7347990883542042,2008,False,2.14387900184247,-3.462986170939727
additive,15,49027.87229973436,False,240,False,-1.979475620697675,-1.871230177517032,1.7347189581632714,2008,False,2.1625150149988634,-7.671934871696563
additive,16,48408.784172636835,True,231,False,1.563687665687818,1.255591466663498,0.6467652745051966,2008,True,1.596280167667273,-2.4811774740046544
additive,17,48416.243717114165,False,240,False,1.575557990442694,1.1794479531898232,0.6533780828846371,2008,False,1.5905543521948677,-2.466324796837736
additive,18,49123.075395806896,False,240,False,-1.8745748962629576,-1.814147833510272,1.8413535874264932,2008,False,2.2282337071492093,-7.830240822442514
additive,19,48426.75869444903,False,240,False,1.6125576656616831,1.1512925464970232,0.4962204086542922,2008,False,1.5187846760093173,-2.503225552347303
se,0,53153.228634169616,True,127,False,1.5777125154196203,1.382105545713488,-2.02602747846601,2009,True,,
se,1,53152.96859377499,True,121,False,1.5795634181690892,1.382875711054095,-2.0130438129280304,2009,True,,
se,2,53153.09861432257,True,121,False,1.579019847235088,1.3809610753773698,-2.01393544788166,2009,True,,
se,3,53153.620344677925,True,197,False,1.5762505489889502,1.3847462764374714,-2.0260274784660077,2009,False,,
se,4,53152.89747847238,True,109,False,1.5722047591131059,1.3796462165618297,-2.0170883108715074,2009,True,,
se,5,53152.9370373665,True,115,False,1.5720376526477418,1.3793766642878145,-2.0171342265711014,2009,True,,
se,6,53153.295807441755,True,103,False,1.580292136354,1.383022978346138,-2.0100119273431485,2009,True,,
se,7,53153.61918606961,True,202,False,1.5614210373651065,1.3774951110353157,-2.026027478466011,2009,False,,
se,8,53152.82770252786,True,127,False,1.5764296797922561,1.382105545713488,-2.01441031750071,2009,True,,
se,9,53153.73627054122,True,109,False,1.5752009138037064,1.3764350166639638,-2.0271400597010603,2009,False,,
se,10,53153.261403983226,True,143,False,1.5765100927050464,1.3826401259454848,-2.0260274784660073,2009,True,,
se,11,53153.1293375554,True,73,False,1.570985027130914,1.383907473875553,-2.0098939522087074,2009,True,,
se,12,53152.82928601684,True,127,False,1.5669672727382316,1.381604339329598,-2.0168518376011857,2009,True,,
se,13,53152.78132874996,True,103,False,1.5777125154196199,1.384049152980894,-2.015333216481788,2009,True,,
se,14,53153.40372544735,True,115,False,1.5737032179613526,1.3774168234203532,-2.025984950570557,2009,False,,
se,15,53153.6527589741,True,133,False,1.5742360592371745,1.3787719446611861,-2.0296807206675256,2009,False,,
se,16,53153.39441185756,False,240,False,1.571792391000037,1.384531996552869,-2.0075878110690866,2009,False,,
se,17,53153.5403975313,True,196,False,1.575056687173507,1.3843150991260482,-2.026027478466011,2009,False,,
se,18,53152.985503170814,True,121,False,1.5755532127835343,1.3808593245173917,-2.0138577039108108,2009,True,,
se,19,53228.85080415817,False,240,False,1.6856461916537162,1.3561569246998,-2.04869725618246,2009,False,,
matern32,0,49687.90441177362,True,91,False,1.7396130297707642,2.0803666498109283,-2.4114136996455597,2009,True,,
matern32,1,49688.97579371309,True,115,False,1.7049934183522144,2.068359582476298,-2.396768738161791,2009,False,,
matern32,2,49688.22550599106,True,142,False,1.7155070971725541,2.0688887235280506,-2.411413699645557,2009,False,,
matern32,3,49687.64011954567,True,139,False,1.7281169432227537,2.0803666498109274,-2.4013166374625587,2009,True,,
matern32,4,49688.67099648295,True,103,False,1.7092149233020073,2.0652855815996998,-2.407124753967403,2009,False,,
matern32,5,49687.675082123606,True,175,False,1.7396130297707626,2.0837874559807097,-2.4026628330202793,2009,True,,
matern32,6,49688.09972383849,True,177,False,1.717284016070253,2.070251662280156,-2.4114136996455606,2009,True,,
matern32,7,49687.88673965554,True,207,False,1.731616159959381,2.0790773775846465,-2.4114136996455606,2009,True,,
matern32,8,49687.786518679975,True,161,False,1.7262159426494996,2.0744008574332935,-2.411413699645556,2009,True,,
matern32,9,49688.57601811791,True,127,False,1.7473828037139811,2.081170500032857,-2.4150718788430345,2009,False,,
matern32,10,49688.286224232186,True,133,False,1.7270702044556703,2.0828071220439606,-2.391627452259495,2009,False,,
matern32,11,49687.78668014216,True,139,False,1.7269915493865426,2.0735532439321425,-2.411248965349719,2009,True,,
matern32,12,49688.7439057195,True,121,False,1.7550944605089622,2.0915287105685842,-2.3988382921052365,2009,False,,
matern32,13,49687.97506136916,True,115,False,1.7222071563534822,2.0749068756912896,-2.4115386270225803,2009,True,,
matern32,14,49688.994848225964,True,169,False,1.7102879338436496,2.073101261908097,-2.390508487420935,2009,False,,
matern32,15,49688.39010127935,True,121,False,1.745441368595625,2.0802487430502565,-2.4142919746417304,2009,False,,
matern32,16,49688.289995291816,True,115,False,1.71976637372172,2.0768773134966607,-2.391538700100018,2009,False,,
matern32,17,49688.057954829055,True,167,False,1.7398489097108505,2.076459813399373,-2.411413699645556,2009,True,,
matern32,18,49688.14832790155,True,166,False,1.7162383705968463,2.0701030496543793,-2.4114136996455606,2009,False,,
matern32,19,49687.99713114739,True,149,False,1.721624083731746,2.069561724657262,-2.407091098901526,2009,True,,
matern52,0,50582.98805884775,True,115,False,1.6676572456147003,1.7846325351343653,-2.230055477914007,2009,True,,
matern52,1,50583.32857129095,True,115,False,1.6790032346835613,1.7928650773519526,-2.2252843032154863,2009,True,,
matern52,2,50583.077824897104,True,151,False,1.6601774504864306,1.7876628192003516,-2.223683262099091,2009,True,,
matern52,3,50583.24623021053,True,161,False,1.652529313762635,1.783206334326629,-2.230055477914004,2009,True,,
matern52,4,50583.05142524955,True,167,False,1.6726640624396159,1.78630692242257,-2.2300554779140045,2009,True,,
matern52,5,50583.419929418524,True,178,False,1.6816367025664498,1.791433708815647,-2.230055477914008,2009,False,,
matern52,6,50582.86049260049,True,155,False,1.664878811057789,1.7857125871730781,-2.2300554779140045,2009,True,,
matern52,7,50583.18229069139,True,167,False,1.6717845896593058,1.7847629745271418,-2.230055477914004,2009,True,,
matern52,8,50583.2859178254,True,109,False,1.6667273730546188,1.7914321861320837,-2.221015799735531,2009,True,,
matern52,9,50584.12884354344,True,133,False,1.6676572456147,1.793296603115794,-2.214088743203765,2009,False,,
matern52,10,50583.15748537832,True,121,False,1.6655951420626833,1.7892134013773964,-2.2210984356385532,2009,True,,
matern52,11,50583.29873461131,True,133,False,1.66404850716208,1.7895988001079541,-2.2327325045587183,2009,True,,
matern52,12,50584.25627901127,True,133,False,1.6533035088370873,1.7792872226836307,-2.24269437155139,2009,False,,
matern52,13,50583.45453582816,True,145,False,1.678833400865384,1.7910630464551687,-2.2218547091796443,2009,False,,
matern52,14,50583.264711405616,True,121,False,1.6622925017381542,1.7888036282079331,-2.2327740003711156,2009,True,,
matern52,15,50583.33077705906,True,115,False,1.6682551714115668,1.785051264585956,-2.223116274868256,2009,True,,
matern52,16,50584.670443444076,True,115,False,1.6444622682670813,1.776120850333752,-2.2401859852566366,2009,False,,
matern52,17,50583.47714544763,True,133,False,1.675572145157033,1.7913087380176516,-2.234499506169713,2009,False,,
matern52,18,50583.69162426064,True,127,False,1.6491785767083336,1.7827567105385573,-2.2231175300285817,2009,False,,
matern52,19,50583.148688974805,True,148,False,1.6690753921489363,1.7910311818803486,-2.2300554779140045,2009,True,,
periodic,0,58158.89447346954,True,115,False,1.6496682995756844,0.10793367623409614,-1.6406412572864604,2009,True,,
periodic,1,58158.422945831626,True,127,False,1.6515441397745219,0.1102221883209536,-1.6314471139686972,2009,True,,
periodic,2,62269.93221807031,False,240,False,1.254797915497058,-0.4756082349009078,-2.04869725618246,2009,False,,
periodic,3,58158.96472355204,True,144,False,1.6496682995756837,0.10477434541047029,-1.640641257286459,2009,True,,
periodic,4,58159.468114460135,True,109,False,1.6513058297624885,0.10293453488048966,-1.643821850504569,2009,False,,
periodic,5,58158.947750000065,True,133,False,1.656373428641994,0.110508971717002,-1.640691203670432,2009,True,,
periodic,6,58158.61745983764,True,109,False,1.6459881029455958,0.10694438800140094,-1.631860520355077,2009,True,,
periodic,7,58158.55093430363,True,109,False,1.656317998971488,0.11344110461256227,-1.627803824357678,2009,True,,
periodic,8,58158.84496013513,True,133,False,1.657917987857369,0.11570854962097309,-1.62472609449596,2009,True,,
periodic,9,58158.61785008384,True,109,False,1.6516509625561828,0.1089881209819829,-1.6378921578731345,2009,True,,
periodic,10,58158.626040163035,True,133,False,1.6574897568946,0.1154120593160747,-1.6286866009230623,2009,True,,
periodic,11,58158.65285233455,True,109,False,1.6544978807104362,0.10654268678892997,-1.6365375394387736,2009,True,,
periodic,12,58159.04116247366,True,224,False,1.643823286627901,0.10611233992348046,-1.6406412572864615,2009,False,,
periodic,13,58158.64041048152,True,115,False,1.6481180636535517,0.10779193105824186,-1.6375247398179067,2009,True,,
periodic,14,58158.98404710877,True,145,False,1.6515046486140892,0.10476631260404176,-1.6407127496327203,2009,True,,
periodic,15,58158.989359537125,True,139,False,1.6537397032590888,0.10503835482174542,-1.6405843287307478,2009,True,,
periodic,16,58159.84448824421,True,115,False,1.6562610076928959,0.11665307392252623,-1.6176106610765322,2009,False,,
periodic,17,58192.92500968436,False,240,False,1.7005607135839813,0.0791605001317025,-1.6859808127193543,2009,False,,
periodic,18,58159.12423025025,True,121,False,1.6653269815487106,0.11583529959032365,-1.6234860987028925,2009,False,,
periodic,19,58158.982886858474,True,138,False,1.649668299575684,0.11401125735889261,-1.6238716291955686,2009,True,,
locally_periodic,0,49705.562389191546,True,179,True,1.7396130297707642,2.302585092994046,2.0885814863297214,2009,False,-2.3887439219291156,
locally_periodic,1,49999.63956912477,False,240,False,1.5859768015526927,0.9694925243478195,2.096796322848516,2009,False,-2.3383105220346914,
locally_periodic,2,49707.109679281755,False,240,True,1.7559041249486853,2.302585092994046,2.0923782288342645,2009,False,-2.411413699645557,
locally_periodic,3,49705.7417870287,True,183,True,1.7146145164679076,2.302585092994046,2.0777038343824006,2009,False,-2.411413699645556,
locally_periodic,4,49705.13417283578,True,171,True,1.7232123551801828,2.302585092994046,2.0872107514456175,2009,True,-2.395471626127449,
locally_periodic,5,49705.77650376537,True,169,True,1.739134144895215,2.302585092994046,2.0850117855528643,2009,False,-2.411413699645557,
locally_periodic,6,49711.8672491245,False,240,True,1.7845709645728591,2.302585092994046,2.1008865149622364,2009,False,-2.389322764037206,
locally_periodic,7,49705.86643868672,True,225,True,1.7407195803914526,2.302585092994046,2.086600106318981,2009,False,-2.411413699645558,
locally_periodic,8,49705.72959077201,True,148,True,1.7235975341636538,2.302585092994046,2.075692687484942,2009,False,-2.4114136996455597,
locally_periodic,9,49705.13761392714,True,236,True,1.7193785773427015,2.302585092994046,2.0765734692670152,2009,True,-2.401720429426505,
locally_periodic,10,49705.17128873506,True,215,True,1.714268330442165,2.302585092994046,2.076065402764979,2009,True,-2.4012186196138923,
locally_periodic,11,49705.20071870978,True,159,True,1.7267070370856599,2.302585092994046,2.0857944215860718,2009,True,-2.40534074585113,
locally_periodic,12,49705.710749866135,True,173,True,1.7486973268329153,2.302585092994046,2.0932223220496105,2009,False,-2.3941984611244966,
locally_periodic,13,49917.35762229127,False,240,False,1.6121999765323654,1.0957101864305985,2.096796322848516,2009,False,-2.3576834035395793,
locally_periodic,14,49705.2683523903,True,235,True,1.7299293373700306,2.302585092994046,2.0853402836347494,2009,True,-2.3887439219291156,
locally_periodic,15,49705.030287166504,True,136,True,1.7210857466172427,2.302585092994046,2.081550620408475,2009,True,-2.3925578590391465,
locally_periodic,16,49705.55194210447,True,157,True,1.7269308523970592,2.302585092994046,2.0891631274864793,2009,False,-2.3861500609228163,
locally_periodic,17,49705.648445572675,True,182,True,1.7272970741183502,2.302585092994046,2.07764664010037,2009,False,-2.411413699645557,
locally_periodic,18,49705.36350565165,True,198,True,1.7200044291392669,2.302585092994046,2.0815172257090997,2009,True,-2.388743921929112,
locally_periodic,19,49712.84064466003,False,240,True,1.6705399379372505,2.302585092994046,2.0639369767733413,2009,False,-2.418373711609641,
additive,0,49021.967805776396,False,240,False,1.5057567312635565,1.323986428471577,0.7502209976248851,2009,False,1.636765477796084,-2.502092810511336
additive,1,49034.191128913124,False,240,False,1.5191182616881769,1.434422163316926,0.8044226837014451,2009,False,1.6392813940815316,-2.522768450150198
additive,2,49216.5216611159,False,240,False,1.7632691270286247,0.9641699364060732,0.11821240153684565,2009,False,1.346242118191412,-2.5927719213771097
additive,3,49644.81250564953,False,240,False,-2.027093008362905,-1.8712439781395667,1.859966546515637,2009,False,2.231651232093053,-5.403824358216181
additive,4,49021.873918552395,False,240,False,1.564760042045988,1.2185775709731284,0.6424515721228341,2009,False,1.5975033124949112,-2.473357220888678
additive,5,49035.29366364894,False,240,False,1.5593284541095178,1.1658243316556922,0.5453223480727628,2009,False,1.5439199741764162,-2.4747548446711187
additive,6,49033.17557482407,False,240,False,1.4833648714545686,1.4820119064528654,0.777659597759321,2009,False,1.6524781512998543,-2.512338276509241
additive,7,49376.68220232201,False,240,False,-1.3378131597689924,-0.7695082532401136,1.715017856128957,2009,False,2.359249592180374,-2.4142113591259444
additive,8,49021.163172736255,False,240,False,1.5573994382693082,1.2320979655386424,0.6422873213907898,2009,True,1.6012450050469358,-2.47833100740793
additive,9,49059.14330253644,False,240,False,1.337515231751396,1.5819302054114046,1.003088633623179,2009,False,1.7471558671286687,-2.4629411618115813
additive,10,49077.79995182149,False,240,False,1.2481256831279117,1.8420680743952367,1.0469335486357914,2009,False,1.7767872302801486,-2.437880865130786
additive,11,49241.62828811505,False,240,False,1.7784210001502239,0.974801492459793,0.08388973148057183,2009,False,1.3485568401973005,-2.592771921377111
additive,12,49076.82868744574,False,240,False,1.397823055029461,1.381551055796428,0.778770255233767,2009,False,1.6275945190260999,-2.40628842411425
additive,13,49044.937840695726,False,240,False,1.613690407497652,1.1512925464970232,0.490525674204516,2009,False,1.521372246286654,-2.5336970840927275
additive,14,49466.211223875755,False,240,False,-0.7293867541256092,-0.5799705894257468,1.7183594357339327,2009,False,2.489254758472497,-2.377035321100458
additive,15,49051.51497486236,False,240,False,1.397823055029461,1.5542449377709808,0.9319666290663858,2009,False,1.6898202981417443,-2.5075157860890287
additive,16,49112.079951709275,False,240,False,1.3978230550294612,1.4966803104461297,0.7789831909070872,2009,False,1.7071872989154762,-2.5174232520443787
additive,17,49828.44899672005,False,240,False,1.7219867114922898,0.8059047825479162,-0.37711672661416284,2009,False,0.9977514938700658,-2.7741301431086622
additive,18,49860.019584730224,False,240,False,1.717809546770241,0.7797747634645773,-0.4375642759539589,2009,False,0.9963561519797345,-2.7260462343764016
additive,19,49748.76837307723,False,240,True,-2.056054584461608,2.302585092994046,1.5740421540886769,2009,False,2.0624573414806204,-2.456691607456959
se,0,53816.44825511414,True,127,False,1.570752455242325,1.382105545713488,-2.01031776092686,2010,False,,
se,1,53816.29469423623,True,208,False,1.567539857825425,1.3846747081871644,-2.010317760926862,2010,False,,
se,2,53816.31221748951,True,148,False,1.5665997281278965,1.3826546295027942,-2.0103177609268577,2010,False,,
se,3,53815.79930850916,True,115,False,1.556868585749641,1.3777458688231285,-2.022293113367161,2010,True,,
se,4,53815.7298757438,True,139,False,1.5730533103518016,1.3810055690369356,-2.017464011829802,2010,True,,
se,5,53816.22680167809,True,115,False,1.5665274008575132,1.3825497434507097,-2.0108701723290032,2010,False,,
se,6,53815.449399303514,True,109,False,1.5709168939309142,1.3810438744910147,-2.021124984338748,2010,True,,
se,7,53815.76196073828,True,97,False,1.5646909936602822,1.3821457198652012,-2.0273737999797077,2010,True,,
se,8,53816.48536987854,True,97,False,1.5603901267810112,1.3799947088484854,-2.011362530642179,2010,False,,
se,9,53824.887062355,False,240,False,1.5455297263341559,1.3664729776651923,-2.0556573163597553,2010,False,,
se,10,81751.9146612354,False,240,False,1.442825413357264,0.2212505982838763,-4.594672420601489,2010,False,,
se,11,53815.854532847196,True,121,False,1.5678212526504418,1.385573126029886,-2.0205680108462007,2010,True,,
se,12,53815.93867748443,True,109,False,1.5632940465615337,1.3847659429362125,-2.014667142333567,2010,True,,
se,13,53816.95837337597,True,133,False,1.5528438969424658,1.3736819154923359,-2.031851224842956,2010,False,,
se,14,53816.256903510715,True,132,False,1.5653517519107298,1.3798498411673337,-2.0329875386433023,2010,False,,
se,15,53815.70538765777,True,103,False,1.5699776377244865,1.383702815250093,-2.015290762989659,2010,True,,
se,16,53815.62125892789,True,109,False,1.574481913234293,1.3823212436954573,-2.0244632401063605,2010,True,,
se,17,53816.269324496985,True,103,False,1.5728287939248466,1.384543067526249,-2.0283638971173086,2010,False,,
se,18,53815.591525724005,True,121,False,1.5735695231461782,1.3806593249330257,-2.0247835413571282,2010,True,,
se,19,53815.961365739146,True,103,False,1.5724660577273863,1.3858878705276412,-2.022144270388709,2010,True,,
matern32,0,50301.14989846447,True,91,False,1.714664023554453,2.072151813292135,-2.4183737598228534,2010,False,,
matern32,1,50301.57562991082,True,115,False,1.7015467366994197,2.0651583530144935,-2.4068272082833713,2010,False,,
matern32,2,50301.1197910317,True,207,False,1.7273928267352607,2.0778594467885503,-2.418373759822856,2010,False,,
matern32,3,50300.66449900139,True,97,False,1.734417487116458,2.0812794253795803,-2.4065111232118594,2010,True,,
matern32,4,50301.93285658074,True,115,False,1.751963541432631,2.0881233780519604,-2.408855607666553,2010,False,,
matern32,5,50302.084274383116,True,139,False,1.7454588386358763,2.087718309859118,-2.393862129202777,2010,False,,
matern32,6,50301.051911161034,True,109,False,1.7167581383893735,2.0745941741120792,-2.4164490771287883,2010,False,,
matern32,7,50300.63792291524,True,127,False,1.7192015330584354,2.0751605082919817,-2.4023834673407505,2010,True,,
matern32,8,50300.62524419611,True,121,False,1.7240688180385169,2.077200792287472,-2.4124393123162755,2010,True,,
matern32,9,50300.544518826064,True,127,False,1.7187641578175363,2.0757454107042115,-2.4066961998766874,2010,True,,
matern32,10,50301.46203246939,True,133,False,1.7421593322522015,2.0807883883798675,-2.4173057390127863,2010,False,,
matern32,11,50300.90669677835,True,127,False,1.738494504871513,2.081100927675862,-2.404069517816911,2010,True,,
matern32,12,50300.72468130305,True,115,False,1.7192639049447194,2.0778093880335518,-2.407838101130912,2010,True,,
matern32,13,50301.08046977928,True,155,False,1.7180000059878,2.073654205017451,-2.4183737598228516,2010,False,,
matern32,14,50300.639234653594,True,115,False,1.724545105517784,2.0736591845659826,-2.4060919918740167,2010,True,,
matern32,15,50301.53479713133,True,121,False,1.704522986049162,2.0651874564477573,-2.4168613148837848,2010,False,,
matern32,16,50300.51273307743,True,115,False,1.7256217885630414,2.0753679399593246,-2.4115190509170525,2010,True,,
matern32,17,50300.68700037359,True,97,False,1.7288437404305588,2.0802216217432514,-2.410536889269744,2010,True,,
matern32,18,50301.38640731063,True,115,False,1.7362053083599975,2.0834398124489533,-2.3952486730748808,2010,False,,
matern32,19,50301.242264044384,True,161,False,1.7195484511041852,2.068123042466389,-2.4183737598228516,2010,False,,
matern52,0,51209.27102870794,True,115,False,1.660697185437405,1.7846325351343653,-2.237015538091301,2010,True,,
matern52,1,51209.459172382965,True,121,False,1.6667300312006732,1.784806946135912,-2.236491079434973,2010,True,,
matern52,2,51210.31642442354,True,127,False,1.6716475664298054,1.7896135797253143,-2.2425987717168967,2010,False,,
matern52,3,51209.690520344026,True,127,False,1.6568784059129869,1.7845531879224357,-2.2247443807719045,2010,True,,
matern52,4,51209.29523805674,True,133,False,1.6623008466716136,1.7842434821584643,-2.232798152818091,2010,True,,
matern52,5,51209.33187040451,True,166,False,1.6629237398701184,1.7843083882759476,-2.2370155380913035,2010,True,,
matern52,6,51209.83859356427,True,115,False,1.655184420423599,1.7788997271501303,-2.2414139259901917,2010,False,,
matern52,7,51210.20354128923,True,139,False,1.6430679414241356,1.780125152400255,-2.226170320039219,2010,False,,
matern52,8,51209.59317714938,True,133,False,1.6649317526310836,1.7827485685431659,-2.237749162768987,2010,True,,
matern52,9,51210.36348937363,True,121,False,1.6387732648155882,1.7769566480975283,-2.231767332942433,2010,False,,
matern52,10,51209.717998573076,True,127,False,1.6670685369503266,1.7899796231109135,-2.2373844897460375,2010,True,,
matern52,11,51209.42058717771,True,115,False,1.666605003409265,1.7850538050801923,-2.2357716298473456,2010,True,,
matern52,12,51209.439309900234,True,127,False,1.66048773290175,1.7893897026042516,-2.231828028514823,2010,True,,
matern52,13,51209.695146896396,True,139,False,1.6486842541827027,1.7832289698511639,-2.2265299889614836,2010,True,,
matern52,14,51210.0762648978,True,103,False,1.6599775529746343,1.7807248743174064,-2.2451441993007184,2010,False,,
matern52,15,51209.90368630488,True,109,False,1.6427267356327235,1.778215955524571,-2.2366647650542193,2010,False,,
matern52,16,51209.48705634751,True,127,False,1.6640686762696606,1.7850986204190984,-2.2396511045823133,2010,True,,
matern52,17,51209.84899257077,True,109,False,1.6603919075304747,1.7799346787453143,-2.240713878955299,2010,False,,
matern52,18,51209.88897038107,True,127,False,1.642867130295296,1.779226414557007,-2.2315165663312992,2010,False,,
matern52,19,51210.141428751405,True,126,False,1.6427082393983898,1.778523269840938,-2.229130106204365,2010,False,,
periodic,0,58873.06437774584,True,115,False,1.6427082393983892,0.10793367623409614,-1.6476013174637545,2010,False,,
periodic,1,58872.81289128879,True,133,False,1.6340607018985738,0.10310452326309452,-1.638915134516238,2010,True,,
periodic,2,58872.576030703174,True,139,False,1.6522193472468658,0.10876383328998332,-1.6337767739934939,2010,True,,
periodic,3,58872.48314834815,True,121,False,1.6466077667959078,0.1108583719606828,-1.6327674132915295,2010,True,,
periodic,4,58872.56285546676,True,145,False,1.6398487197260467,0.10717142198033745,-1.6343748311313606,2010,True,,
periodic,5,58873.368324084906,True,121,False,1.6340933106291888,0.10677679256288528,-1.6291520099784764,2010,False,,
periodic,6,58872.77783849614,True,121,False,1.63398669116477,0.10382959496385946,-1.6381199871892007,2010,True,,
periodic,7,58872.55362278345,True,139,False,1.6495524728362714,0.10748976458850146,-1.6344867395650637,2010,True,,
periodic,8,58872.89369736891,True,133,False,1.638130250350969,0.10652718526908941,-1.6456965611198595,2010,False,,
periodic,9,58872.43853937669,True,133,False,1.640539461060999,0.10905330110804427,-1.636207737338865,2010,True,,
periodic,10,58873.20120281278,True,139,False,1.6374364847638778,0.10398354923902953,-1.6485536576511584,2010,False,,
periodic,11,58872.45633853785,True,121,False,1.646188442599537,0.11014475467348796,-1.6414465648349625,2010,True,,
periodic,12,58872.57341659971,True,151,False,1.6429500700766595,0.10391598531759982,-1.6418034454022565,2010,True,,
periodic,13,58872.52454548418,True,133,False,1.6427082393983903,0.10792291477030952,-1.6336685863331624,2010,True,,
periodic,14,58872.395327108,True,127,False,1.649721980196595,0.11234739788342418,-1.6353603533604713,2010,True,,
periodic,15,58873.40584701898,True,224,False,1.660697185437406,0.11103414096536239,-1.6476013174637567,2010,False,,
periodic,16,58872.29766371589,True,139,False,1.6484293013912887,0.109990923414343,-1.63818999531596,2010,True,,
periodic,17,58872.65246312825,True,133,False,1.6437204293086345,0.10715188880124965,-1.6327995764272323,2010,True,,
periodic,18,58872.40322535826,True,121,False,1.6545522152517271,0.11171693322020218,-1.6378469907140292,2010,True,,
periodic,19,58894.808070271894,False,240,False,1.6316485544782957,0.07649478632290893,-1.6929408728966497,2010,False,,
locally_periodic,0,50319.310765376744,True,172,True,1.714664023554453,2.302585092994046,2.072151813292135,2010,False,-2.4183737598228534,
locally_periodic,1,50318.49278138568,True,229,True,1.7286604307199986,2.302585092994046,2.088611424311858,2010,True,-2.395703982106412,
locally_periodic,2,50318.40601862452,True,145,True,1.7261219896470086,2.302585092994046,2.0795738678990987,2010,True,-2.406352498104467,
locally_periodic,3,50318.49611817095,True,136,True,1.7267076136634647,2.302585092994046,2.083619645805389,2010,True,-2.395703982106408,
locally_periodic,4,50318.42539980526,True,160,True,1.7242391286939533,2.302585092994046,2.084677747636146,2010,True,-2.4103034374778325,
locally_periodic,5,50318.38177668484,True,199,True,1.7259283445656062,2.302585092994046,2.086882770478421,2010,True,-2.406529979328197,
locally_periodic,6,50318.14488856459,True,173,True,1.7195058897459699,2.302585092994046,2.0839424152558648,2010,True,-2.3990168492003754,
locally_periodic,7,50318.02552341166,True,198,True,1.7184660823494728,2.302585092994046,2.0813166893800323,2010,True,-2.404289176656308,
locally_periodic,8,50319.31402086834,True,150,True,1.7303079709411324,2.302585092994046,2.0798660995525626,2010,False,-2.4183737598228516,
locally_periodic,9,50318.38983910865,True,175,True,1.7226838535900175,2.302585092994046,2.087557878604991,2010,True,-2.4006023368414096,
locally_periodic,10,50318.607282688434,True,145,True,1.7151191528916876,2.302585092994046,2.084638364688136,2010,False,-2.393669004920104,
locally_periodic,11,50437.085623626794,False,240,False,1.7689366358992114,1.5012264176211412,2.1625150149988617,2010,False,-2.4183737598228516,
locally_periodic,12,50319.34072593738,False,240,True,1.7075282648374457,2.302585092994046,2.0762317440227007,2010,False,-2.4183737598228516,
locally_periodic,13,50318.54748661646,True,190,True,1.7211440961796503,2.302585092994046,2.0816362924604643,2010,False,-2.413789416602199,
locally_periodic,14,50318.44147768732,True,175,True,1.7125862972831996,2.302585092994046,2.08233364918757,2010,True,-2.3957039821064074,
locally_periodic,15,50318.43083026649,True,116,True,1.7147163033304458,2.302585092994046,2.0793687052041325,2010,True,-2.412239800300117,
locally_periodic,16,50420.31304102183,False,240,False,1.6130229327594205,1.6051150627576243,2.0967963228485154,2010,False,-2.3192921920256646,
locally_periodic,17,50318.48325001288,True,197,True,1.721760881715118,2.302585092994046,2.0811525943407028,2010,True,-2.3957039821064074,
locally_periodic,18,50318.532871953794,True,144,True,1.7166715072613683,2.302585092994046,2.0789740597345583,2010,False,-2.395703982106408,
locally_periodic,19,50542.906685092275,False,240,False,1.5792637471164175,1.0955953979394402,2.106143544161117,2010,False,-2.3383591972783457,
additive,0,49636.05060651806,False,240,False,1.6067303473203571,1.194466016990662,0.5273935849793985,2010,False,1.538187439570563,-2.5090528706886297
additive,1,49644.56429971089,False,240,False,1.6149127639380763,1.1379182906674004,0.49141569290136633,2010,False,1.533097877312411,-2.519910878231814
additive,2,49641.12431241506,False,240,False,1.4628187790082285,1.5542449377709806,0.8277882043350137,2010,False,1.6887992016001083,-2.469424847281462
additive,3,50199.571609981766,False,240,False,-2.3379814603743156,-1.9715884858761512,1.7774769583949863,2010,False,2.1582246417172843,-4.095937310839714
additive,4,49704.15778077843,False,240,False,1.6128905310296124,1.1000898968040722,0.3745798012590611,2010,False,1.462046361189783,-2.5997319815544047
additive,5,49688.75629090352,False,240,False,1.4138921433604228,1.7269388197455346,1.051382667297619,2010,False,1.7624565499847367,-2.5122200847501728
additive,6,52555.54874327977,False,240,False,2.080631512930455,0.7816486868915264,-0.7172729742743922,2010,False,0.3381036315311978,-6.045538194453915
additive,7,49976.965906334546,False,240,False,-1.604722963253292,-0.8437716206200546,1.7139099847913752,2010,False,2.32681174537473,-2.4550936583247736
additive,8,50417.35758363782,False,240,True,0.2395704483551423,2.302585092994046,1.717767296517533,2010,False,2.183065943313317,-2.4183737598228516
additive,9,49780.375098669116,False,240,False,1.7022496252820793,1.036163291847321,0.17843497481298637,2010,False,1.351619640382205,-2.5997319815544047
additive,10,49961.05447833806,False,240,True,0.8152167216036537,2.302585092994046,1.4897997436054384,2010,False,1.993653871619172,-2.339326733731915
additive,11,50017.26821952563,False,240,False,-1.101635200211718,-0.6818332816115281,1.7172334186146412,2010,False,2.42409512877588,-2.361168627675617
additive,12,49624.45646178155,False,240,False,1.5474905450121856,1.2484594071345234,0.6446251444421272,2010,True,1.6058070424035082,-2.4836564763168387
additive,13,49647.084929276316,False,240,False,1.534774563164293,1.208857173821874,0.6324295180422095,2010,False,1.6254592801722192,-2.4183737598228516
additive,14,50373.99071145927,False,240,False,0.19536873839152497,-0.28676670624532835,1.535673521899725,2010,False,2.918279974727856,-2.258176402177378
additive,15,50095.97318745585,False,240,False,-0.7266134888329215,-0.5852363431339374,1.7836143226590089,2010,False,2.538046530008483,-2.376443930477633
additive,16,49624.299074951436,False,240,False,1.539114763901556,1.2644110577866672,0.6823595151863536,2010,True,1.6246475571092762,-2.476070895257444
additive,17,49729.32704438873,False,240,False,1.5990302263621583,1.0358963484924815,0.32225210642235835,2010,False,1.4616749917037468,-2.4183737598228516
additive,18,50122.88302469002,False,240,False,-0.5381927557378614,-0.5173733509960113,1.6687471991970482,2010,False,2.491978863303497,-2.3425490525545505
additive,19,51432.91869521342,False,240,False,1.7952280037725208,0.7593036971009915,-0.6206431292542289,2010,False,0.6637003447022218,-3.325164868480618
se,0,54482.61929019337,True,127,False,1.5661265659809556,1.382105545713488,-2.0149436501882305,2011,False,,
se,1,54482.45292590726,True,109,False,1.5609099559477035,1.3761097153473094,-2.0396415096405587,2011,False,,
se,2,54490.98175789714,False,240,False,1.5363793801813046,1.365324139700054,-2.0602832056211247,2011,False,,
se,3,54482.26921282293,True,139,False,1.5562700901107662,1.382983737769515,-2.0193687542285006,2011,False,,
se,4,54481.713183371045,True,97,False,1.5552963374131406,1.3770087731931968,-2.0267702196009347,2011,True,,
se,5,54482.01432851369,True,132,False,1.566126565980955,1.382773487637585,-2.0194022170963626,2011,True,,
se,6,54483.31069610939,True,121,False,1.5689977045551404,1.3865896808471594,-2.0132432271461234,2011,False,,
se,7,54482.464143396435,True,115,False,1.5726767230998606,1.3853966608245647,-2.019939816752325,2011,False,,
se,8,54481.64046911614,True,127,False,1.559228445662455,1.3812622218145092,-2.025161058879711,2011,True,,
se,9,54482.44837796164,True,127,False,1.557015847648364,1.3814684769824566,-2.0164142109375454,2011,False,,
se,10,54482.537859688055,True,103,False,1.5731159881477261,1.3834896573509765,-2.0172849607414594,2011,False,,
se,11,54482.21640887251,True,115,False,1.5586599249397604,1.3774602342259854,-2.0200291253805096,2011,False,,
se,12,54483.165719283636,True,133,False,1.564757046680854,1.3854726918776312,-2.012899758829687,2011,False,,
se,13,54481.64950611962,True,103,False,1.566808776493892,1.3814037039142426,-2.0236831950727248,2011,True,,
se,14,54481.65140422151,True,97,False,1.5659387617873304,1.378978761012651,-2.03213065038668,2011,True,,
se,15,54481.87806397655,True,115,False,1.5522651288005498,1.3778909664188415,-2.024644938723774,2011,True,,
se,16,54482.69207554143,True,109,False,1.5720002642744078,1.3863534580548107,-2.019140297401627,2011,False,,
se,17,54483.14275176689,True,190,False,1.5677950309552735,1.386898945530496,-2.0149436501882314,2011,False,,
se,18,54482.1427521243,True,115,False,1.5705841104046012,1.3846368435744416,-2.0225929239425495,2011,False,,
se,19,54481.56734985153,True,109,False,1.5609740577243212,1.3809464889354321,-2.027393957700774,2011,True,,
matern32,0,50912.101243395125,True,91,False,1.7100381342930835,2.072151813292135,-2.4229996490842245,2011,False,,
matern32,1,50911.83637732868,True,97,False,1.7253609642917414,2.0744173498414438,-2.4084909943591533,2011,True,,
matern32,2,50912.13308906934,True,127,False,1.7370087929686102,2.08130700676017,-2.4200459865304906,2011,False,,
matern32,3,50911.55231677652,True,109,False,1.722729552659003,2.0786118099244266,-2.4147498330333206,2011,True,,
matern32,4,50913.26044991237,True,145,False,1.7458052084360907,2.0907295217060833,-2.4041823865408145,2011,False,,
matern32,5,50911.484172268756,True,115,False,1.7266794713041451,2.0787411454030678,-2.41303224923886,2011,True,,
matern32,6,50913.223315531985,True,115,False,1.6922082590108218,2.0599387223424275,-2.419721154347487,2011,False,,
matern32,7,50912.252368276255,True,189,False,1.7037011544874399,2.0659297610518506,-2.4229996490842254,2011,False,,
matern32,8,50911.91300749616,True,145,False,1.7155419121027153,2.074415825256051,-2.4038767660947733,2011,True,,
matern32,9,50911.89942167225,True,133,False,1.7278381999520434,2.073563438766085,-2.4218421621091353,2011,True,,
matern32,10,50912.27564973051,True,161,False,1.703094709191281,2.0667267130962057,-2.422999649084222,2011,False,,
matern32,11,50912.03789535878,True,143,False,1.7270887045794288,2.072366507551304,-2.422999649084221,2011,False,,
matern32,12,50912.10532221274,True,108,False,1.707773446385827,2.0662209707785175,-2.4229996490842227,2011,False,,
matern32,13,50911.63935814431,True,91,False,1.726617539576437,2.074508366103838,-2.419072739606961,2011,True,,
matern32,14,50912.00126238454,True,133,False,1.7232747839238756,2.0705146065845828,-2.422667609590319,2011,False,,
matern32,15,50911.7419113854,True,139,False,1.7107088013114282,2.072846731953362,-2.4183527406013505,2011,True,,
matern32,16,50911.78820962737,True,115,False,1.7253558632174348,2.0745806874266637,-2.4088008247797843,2011,True,,
matern32,17,50911.71331216481,True,109,False,1.7297724765460312,2.075630553865744,-2.414312558286598,2011,True,,
matern32,18,50912.146254996114,True,145,False,1.7348637991598768,2.083044878107298,-2.418557800287478,2011,False,,
matern32,19,50911.58538829599,True,121,False,1.7142445671883413,2.073180031437996,-2.4186641686730073,2011,True,,
matern52,0,51832.35800243103,True,121,False,1.6560712961760358,1.7846325351343653,-2.241641427352672,2011,True,,
matern52,1,51833.05005653441,True,109,False,1.6560712961760349,1.7836999451366324,-2.229204968591319,2011,False,,
matern52,2,51832.54053379825,True,115,False,1.6473614765745017,1.78105501429444,-2.2360422369815747,2011,True,,
matern52,3,51832.58915271156,True,155,False,1.654703105047526,1.7797857467709992,-2.2416414273526692,2011,True,,
matern52,4,51832.75246009298,True,121,False,1.6566365599587167,1.784973335783595,-2.246688521841605,2011,True,,
matern52,5,51832.851059655775,True,133,False,1.654252255323472,1.7858606055747164,-2.2458273598099527,2011,True,,
matern52,6,51832.691066593514,True,133,False,1.6521160067817242,1.7876193028654395,-2.235388654836276,2011,True,,
matern52,7,51832.50492170047,True,149,False,1.653589410259169,1.7801099786367727,-2.241641427352668,2011,True,,
matern52,8,51833.23277289342,True,121,False,1.665525597718976,1.7878870320939868,-2.2476678880576184,2011,False,,
matern52,9,51833.316653440925,True,215,False,1.6347627234642377,1.7760291613454562,-2.241641427352673,2011,False,,
matern52,10,51832.496100658,True,183,False,1.6552298465603836,1.7860972793159688,-2.2416414273526724,2011,True,,
matern52,11,51832.60451554783,True,121,False,1.6602347395938,1.7886919867872269,-2.2348116220248815,2011,True,,
matern52,12,51832.51530794828,True,139,False,1.6498398680364816,1.7844584190926425,-2.2342615172830977,2011,True,,
matern52,13,51832.351492120186,True,115,False,1.653915660909916,1.7835521632665559,-2.24212975616411,2011,True,,
matern52,14,51832.82475511389,True,127,False,1.6616885659942795,1.7840732370279708,-2.247596165744381,2011,True,,
matern52,15,51832.674386717066,True,127,False,1.6583721526589934,1.780464074012057,-2.241352921805855,2011,True,,
matern52,16,51832.905981270276,True,127,False,1.6480731033170355,1.77695527219663,-2.2460223401385218,2011,False,,
matern52,17,51833.00449087905,True,151,False,1.656071296176035,1.7834442498045422,-2.2498140733558603,2011,False,,
matern52,18,51833.15811148434,True,109,False,1.6727764582084637,1.7907139284647997,-2.2392373527516938,2011,False,,
matern52,19,51834.03946917158,True,139,False,1.6780382101983942,1.7949094162813788,-2.2319000658471166,2011,False,,
periodic,0,59640.03482234203,True,121,False,1.6560712961760355,0.10793367623409614,-1.6522272067251251,2011,False,,
periodic,1,59639.31381938525,True,97,False,1.6563763824551219,0.11187815413658814,-1.6407345433661342,2011,True,,
periodic,2,59639.023659504135,True,121,False,1.6497752440862075,0.10940461691997874,-1.643062540833784,2011,True,,
periodic,3,59639.060344412836,True,103,False,1.6448143730334481,0.10456759444944663,-1.6414537141141556,2011,True,,
periodic,4,59638.95079779967,True,139,False,1.6404266189687753,0.1079091215433653,-1.6409823629699067,2011,True,,
periodic,5,59640.41630521521,True,139,False,1.6585541192582416,0.11677147028433979,-1.6300980283327058,2011,False,,
periodic,6,59639.87494619518,True,219,False,1.6536835207809297,0.10594107544772446,-1.6522272067251262,2011,False,,
periodic,7,59639.5935190915,True,133,False,1.652725370700918,0.10851920154953076,-1.6499296737063929,2011,False,,
periodic,8,59639.64820426986,True,109,False,1.6369112170604836,0.10366649925626248,-1.6522272067251251,2011,False,,
periodic,9,59639.02224904683,True,127,False,1.638615704067146,0.10421876260069757,-1.645719175385319,2011,True,,
periodic,10,59640.111175942475,True,119,False,1.6277254181996097,0.09784143425944664,-1.6522272067251225,2011,False,,
periodic,11,59639.224703503816,True,121,False,1.6330724781691763,0.10378757100451602,-1.6398894610720174,2011,True,,
periodic,12,59639.09517442505,True,127,False,1.6438944087421896,0.10510218446710326,-1.639467413906179,2011,True,,
periodic,13,59639.40384366432,True,127,False,1.6450834344725254,0.10818034853599118,-1.64934389108092,2011,True,,
periodic,14,59639.801684336606,True,225,False,1.6510281968714877,0.103820550849902,-1.6522272067251262,2011,False,,
periodic,15,59639.46248056825,True,133,False,1.638082350137019,0.10712780484260857,-1.6341600287605778,2011,True,,
periodic,16,59639.037465382586,True,151,False,1.6453385916661805,0.10537256359998134,-1.6463653032375636,2011,True,,
periodic,17,59639.79009935583,True,143,False,1.638082350137019,0.0992514151728944,-1.6522272067251238,2011,False,,
periodic,18,59639.648283520226,True,121,False,1.6419193092691777,0.1013742312876295,-1.6522631796338798,2011,False,,
periodic,19,59640.31531391322,True,127,False,1.634192315695296,0.1004302643143497,-1.6561496219341287,2011,False,,
locally_periodic,0,50930.34989873426,True,172,True,1.7280270803320994,2.302585092994046,2.0803666498109283,2011,False,-2.4229996490842245,
locally_periodic,1,50930.72596371829,True,206,True,1.7347355437574734,2.302585092994046,2.084621194726993,2011,False,-2.422999649084222,
locally_periodic,2,50929.866581463226,True,123,True,1.727078115134437,2.302585092994046,2.08066051659907,2011,True,-2.4183299608582978,
locally_periodic,3,50930.26748914375,True,157,True,1.701391283705171,2.302585092994046,2.073540655551439,2011,False,-2.4003298713677785,
locally_periodic,4,50930.06762401821,True,239,True,1.7182887075562685,2.302585092994046,2.0763361437455763,2011,False,-2.4229996490842254,
locally_periodic,5,50930.24469940494,True,154,True,1.7077931768489252,2.302585092994046,2.083482051170682,2011,False,-2.3965547865428793,
locally_periodic,6,50929.654162898485,False,240,True,1.7302982192577294,2.302585092994046,2.08706372706451,2011,True,-2.4055559653999605,
locally_periodic,7,50930.30661081086,False,240,True,1.7070097027626494,2.302585092994046,2.0774154916315513,2011,False,-2.422999649084222,
locally_periodic,8,50930.16351051675,False,240,True,1.704919516953732,2.302585092994046,2.0717794699621215,2011,False,-2.404828663578324,
locally_periodic,9,50929.43434121215,True,142,True,1.704328268492601,2.302585092994046,2.0759612855627934,2011,True,-2.4109238623546716,
locally_periodic,10,50993.73364467525,False,240,True,1.7286800923024792,2.302585092994046,2.031077630698168,2011,False,-2.5140993605736353,
locally_periodic,11,50955.814965648766,False,240,False,1.6686340983383796,2.1969341807220917,2.0967963228485154,2011,False,-2.4032653513119975,
locally_periodic,12,50929.58179619105,True,239,True,1.716461049283291,2.302585092994046,2.0857149489336875,2011,True,-2.403633954914963,
locally_periodic,13,50930.1193545764,True,178,True,1.721977635439419,2.302585092994046,2.078052804402354,2011,False,-2.4229996490842245,
locally_periodic,14,50929.443637974895,True,218,True,1.7126412349595184,2.302585092994046,2.075441882725374,2011,True,-2.4114566586412107,
locally_periodic,15,50929.90531125541,True,225,True,1.6987201501724274,2.302585092994046,2.0755194857209096,2011,True,-2.403898154737437,
locally_periodic,16,50929.474469393695,True,216,True,1.7276452758231637,2.302585092994046,2.084413837068915,2011,True,-2.411244048262523,
locally_periodic,17,51206.452993633764,False,240,False,1.6027235359771907,1.0064579104766425,2.1625150149988634,2011,False,-2.3523184249873297,
locally_periodic,18,50929.7252373668,True,236,True,1.7156013835658603,2.302585092994046,2.079815123742678,2011,True,-2.400329871367781,
locally_periodic,19,50930.24753347489,True,169,True,1.7231237126171455,2.302585092994046,2.0773329454042715,2011,False,-2.422999649084222,
additive,0,50239.52699055247,False,240,False,1.6021044580589876,1.194466016990662,0.5227676957180286,2011,False,1.538187439570563,-2.513678759950001
additive,1,50247.19193540087,False,240,False,1.6021044580589878,1.1800748601594484,0.5391474720461176,2011,False,1.573642527418224,-2.450090619443921
additive,2,50849.902802834375,False,240,True,-2.017008776651657,-1.8996327017200874,1.7890725682904784,2011,False,2.1890298271959248,-11.853627179124961
additive,3,50815.20629397765,False,240,False,-2.2197117012143104,-1.9045363403488265,1.7460160263711155,2011,False,2.174510177716454,-4.238771324073223
additive,4,50228.57461935289,False,240,False,1.5726802868640073,1.219375623914105,0.6241994554658378,2011,False,1.5866488971584178,-2.4908928028248805
additive,5,50389.43093437332,False,240,False,1.613815240484101,0.9790684234759208,0.18570833128203396,2011,False,1.385995336179308,-2.6043578708157744
additive,6,50241.927033217115,False,240,False,1.5301486739029244,1.3815510557964275,0.7047208973769479,2011,False,1.6006536726600034,-2.5564520350608673
additive,7,50285.96094173267,False,240,False,1.3153246892160462,1.7269388197455335,0.9882906517549572,2011,False,1.7776221329797108,-2.443462514514555
additive,8,50228.08207045779,False,240,False,1.5679912438923713,1.2354127341371388,0.620765145806437,2011,True,1.5934783063192008,-2.494355719154021
additive,9,50239.434744254766,False,240,False,1.571355601670762,1.1742916407683663,0.5292091241172764,2011,False,1.5377394559299773,-2.517017896131235
additive,10,50645.372527321946,False,240,False,-0.936963619645685,-0.6344757475678752,1.6740602422150521,2011,False,2.425389783600251,-2.4319288927715315
additive,11,50391.25102586065,False,240,False,1.3378072999848896,1.381551055796428,0.8502725614548209,2011,False,1.7602894434225484,-2.3009896822061506
additive,12,50227.61018406223,False,240,False,1.5244521552877075,1.275129305664717,0.6806988886107143,2011,True,1.624596602217443,-2.47347981449654
additive,13,50257.448592967514,False,240,False,1.3862371055907965,1.4966803104461295,0.6976556695044094,2011,False,1.6076270767969214,-2.4810654588541183
additive,14,50650.041885835366,False,240,False,1.838084354190456,0.97859866452247,0.04079506597454402,2011,False,1.2306088167110953,-2.785716092547331
additive,15,50584.84686064302,False,240,False,-1.4372810287318085,-0.7871858009987303,1.7116501604324235,2011,False,2.3512452399162855,-2.42729156320233
additive,16,50234.55935530763,False,240,False,1.5523696298113747,1.2381083199375826,0.6438563955106038,2011,False,1.622900466701782,-2.462888281156122
additive,17,50342.48936191702,False,240,False,1.6891347188020625,1.0259706720124655,0.2292978731063588,2011,False,1.3900804367620798,-2.538937192199095
additive,18,50603.54905165506,False,240,False,-1.173976728324994,-0.712050970991067,1.693634295479383,2011,False,2.3834977320083515,-2.406297417196758
additive,19,50238.83979732689,False,240,False,1.5610006469348803,1.1730488719295111,0.5413638925573845,2011,False,1.552298709768728,-2.5259826344530607
se,0,55177.56780772064,True,127,False,1.5627033266371497,1.3821055457134883,-2.018366889532036,2012,False,,
se,1,55177.08786419414,True,109,False,1.564403770372766,1.376733350385621,-2.025095272720554,2012,False,,
se,2,55177.411820241454,True,103,False,1.5627033266371493,1.3792036584813392,-2.041934787501901,2012,False,,
se,3,55176.59137626809,True,109,False,1.5611125197573945,1.3786045237397513,-2.0365755195792397,2012,True,,
se,4,55177.175402191075,True,139,False,1.5648070838614558,1.3745008657995252,-2.0401734139303898,2012,False,,
se,5,55184.640273959,False,240,False,1.5492072124300689,1.3749882406158045,-2.0637064449649314,2012,False,,
se,6,55177.94056902619,True,159,False,1.5627033266371493,1.385102901796986,-2.0183668895320337,2012,False,,
se,7,55176.86504884138,True,103,False,1.565316720310446,1.3779823354145386,-2.0388228700397293,2012,True,,
se,8,55177.10400106457,True,109,False,1.563850296899816,1.3739342788769267,-2.038532395283771,2012,False,,
se,9,79865.02972850816,False,240,False,1.2659659967512396,0.3433674606783781,-3.6959304405489073,2012,False,,
se,10,55176.74930100425,True,133,False,1.5514371193720353,1.3774531480366727,-2.026376269570175,2012,True,,
se,11,55184.01376312478,False,240,False,1.5512186383971927,1.37315896049352,-2.0637064449649314,2012,False,,
se,12,55176.76878309349,True,109,False,1.562246879438566,1.374886052092024,-2.032129020632415,2012,True,,
se,13,55176.793389028244,True,115,False,1.557724276423669,1.382105545713488,-2.0298657262461375,2012,True,,
se,14,55176.787447631024,True,121,False,1.5655756955240492,1.3825724956898264,-2.028640504616874,2012,True,,
se,15,55176.84335774673,True,121,False,1.5683084485648011,1.378875580736459,-2.0369196157499068,2012,True,,
se,16,55176.80434193858,True,121,False,1.552257016609847,1.3738907091946948,-2.033057648620243,2012,True,,
se,17,55176.412401709546,True,121,False,1.5607914312421238,1.3794786692825487,-2.0324929370155225,2012,True,,
se,18,55177.0090593172,True,115,False,1.5550549984027777,1.3791864047371587,-2.03845524627402,2012,False,,
se,19,55176.70219360703,True,115,False,1.5667765705886383,1.3772375102498116,-2.0298028906981194,2012,True,,
matern32,0,51564.85474176679,True,85,False,1.7066148949492776,2.0639369767733413,-2.4264228884280294,2012,False,,
matern32,1,51565.20694048243,True,155,False,1.6958107656457717,2.063643150042669,-2.4264228884280277,2012,False,,
matern32,2,51564.24824371247,True,103,False,1.7114145852493043,2.06865637385028,-2.4210370266710104,2012,True,,
matern32,3,51564.89137545454,True,115,False,1.706125404258922,2.0717606276800042,-2.406843964249486,2012,False,,
matern32,4,51564.474688947914,True,155,False,1.7101838469960948,2.070207641083028,-2.4264228884280277,2012,True,,
matern32,5,51564.63687523203,True,171,False,1.7281621028817753,2.0765147286170684,-2.426422888428032,2012,True,,
matern32,6,51564.763499086155,True,139,False,1.7264515487464354,2.0721222559757684,-2.426922525591276,2012,True,,
matern32,7,51564.60150187251,True,137,False,1.713429443594504,2.073561565219183,-2.4264228884280277,2012,True,,
matern32,8,51564.77006993149,True,115,False,1.7319546399189947,2.0802544238409215,-2.409891230239107,2012,False,,
matern32,9,51564.6423613784,True,142,False,1.7246038409882931,2.071718567684679,-2.4264228884280277,2012,True,,
matern32,10,51564.722801695956,True,133,False,1.7176892991709527,2.0730923454420207,-2.4078424132643064,2012,True,,
matern32,11,51564.350880473845,True,115,False,1.7073001810060329,2.0693272145355404,-2.4145265797034203,2012,True,,
matern32,12,51564.291798393686,True,139,False,1.711074271761075,2.0731091381367257,-2.412315281110411,2012,True,,
matern32,13,51564.68585986068,True,139,False,1.7139447975630067,2.0701398202264096,-2.410321214471956,2012,True,,
matern32,14,51564.30864653877,True,103,False,1.7126295685433575,2.0702994141239026,-2.414022753932459,2012,True,,
matern32,15,51564.47956193898,True,189,False,1.7178980290781056,2.0696623827841583,-2.426422888428032,2012,True,,
matern32,16,51564.62905483629,True,115,False,1.7248617804146267,2.0719981109092496,-2.426384515698915,2012,True,,
matern32,17,51564.68919391435,True,133,False,1.7119299285474887,2.073717773518704,-2.406960733265627,2012,True,,
matern32,18,51564.69953147618,True,161,False,1.7223734140709384,2.0699754145061027,-2.4264228884280277,2012,True,,
matern32,19,51564.30600041961,True,133,False,1.7202807068060957,2.071434222371006,-2.4179529641337023,2012,True,,
matern52,0,52494.17118523407,True,121,False,1.65264805683223,1.7846325351343653,-2.245064666696477,2012,True,,
matern52,1,52494.33054724676,True,115,False,1.6410902208211842,1.7812096555066188,-2.2429357722961596,2012,True,,
matern52,2,52494.65154419024,True,115,False,1.635752960826572,1.7770172903152632,-2.2433546578169645,2012,False,,
matern52,3,52494.45756630598,True,121,False,1.6628700644466479,1.7860184708807307,-2.23839609748692,2012,True,,
matern52,4,52494.184586956995,True,189,False,1.6583760854642486,1.7847956993192304,-2.2450646666964795,2012,True,,
matern52,5,52494.08244182848,True,154,False,1.6526480568322293,1.7834922313192407,-2.245064666696475,2012,True,,
matern52,6,52494.31148457523,True,126,False,1.6613957555348298,1.7835732975536671,-2.2450646666964755,2012,True,,
matern52,7,52495.062412026,True,151,False,1.6566120400765956,1.7785578130524498,-2.2551430536005834,2012,False,,
matern52,8,52494.21612817683,True,127,False,1.6518575890001879,1.7820288307832066,-2.2385630930415363,2012,True,,
matern52,9,52494.25173137837,True,103,False,1.646767011998153,1.7842170967677713,-2.2410274564117314,2012,True,,
matern52,10,52494.10879914728,True,133,False,1.6476260642184204,1.7825743656975936,-2.244162206374191,2012,True,,
matern52,11,52494.30202535026,True,137,False,1.6418679690175297,1.7781565803216797,-2.245064666696475,2012,True,,
matern52,12,52494.24726087281,True,109,False,1.6583871828929984,1.7820112347648558,-2.2457059591267496,2012,True,,
matern52,13,52495.11534189617,True,127,False,1.6632753544402148,1.7903419124299238,-2.2322254949344917,2012,False,,
matern52,14,52495.488072538545,True,151,False,1.6301211575081753,1.7737323534522627,-2.240576992939251,2012,False,,
matern52,15,52495.0088213235,True,109,False,1.6506356523936725,1.7885671322873906,-2.2326789953723156,2012,False,,
matern52,16,52495.735720602184,True,103,False,1.6759351226800157,1.7931725119716335,-2.240521394793124,2012,False,,
matern52,17,52494.37229236753,True,109,False,1.6499993252190663,1.786209590587112,-2.238509535959905,2012,True,,
matern52,18,52494.303829390075,True,121,False,1.6499284177099782,1.785190961758746,-2.2374161428484847,2012,True,,
matern52,19,52495.817379395885,True,97,False,1.6476291281452704,1.7885377605530113,-2.2271605212770513,2012,False,,
periodic,0,60356.61977844851,True,103,False,1.6346591107932138,0.10073809781848975,-1.6556504460689305,2012,True,,
periodic,1,60356.41727583393,True,121,False,1.6397435732758263,0.11028004301166652,-1.6434650773296335,2012,True,,
periodic,2,60357.10374184018,True,121,False,1.6430606435140418,0.10083861535300023,-1.659194361848161,2012,False,,
periodic,3,60356.89910867728,True,205,False,1.6492721289683985,0.11052204728045106,-1.6387793428119988,2012,True,,
periodic,4,60356.56367741112,True,121,False,1.6532093806008943,0.11002259889221327,-1.6498827584776312,2012,True,,
periodic,5,60356.76701813056,True,208,False,1.6460908723985195,0.10212252338748223,-1.6556504460689327,2012,True,,
periodic,6,60356.41134523401,True,133,False,1.6375671838015198,0.10232743499933168,-1.6540542966227805,2012,True,,
periodic,7,60356.29973480968,True,133,False,1.6456768647237756,0.10478770328757636,-1.649980500161104,2012,True,,
periodic,8,60356.48521024002,True,109,False,1.6390047389402909,0.11070945314846474,-1.6433238001770016,2012,True,,
periodic,9,60356.377939881786,True,121,False,1.6381554990584617,0.10158521034467935,-1.6507045435233865,2012,True,,
periodic,10,60356.46756500928,True,127,False,1.6455178218507072,0.10823420579718218,-1.6531252862846793,2012,True,,
periodic,11,60356.77894259888,True,173,False,1.6501954125787248,0.10542206731251308,-1.6556504460689285,2012,True,,
periodic,12,60568.339243463844,False,240,False,1.3891240654894235,-0.011427442456442394,-1.7009900015018258,2012,False,,
periodic,13,74890.97131521517,False,240,False,1.4120675083567376,-0.8567747302330739,-2.7891393318911426,2012,False,,
periodic,14,60356.55185714886,True,144,False,1.6378141645252848,0.10188147120472824,-1.655650446068929,2012,True,,
periodic,15,60357.11436339608,True,139,False,1.6391317417867812,0.10453553147640199,-1.6596822655203014,2012,False,,
periodic,16,60356.62474586476,True,145,False,1.6397403297475432,0.1105429709038987,-1.6405223843048922,2012,True,,
periodic,17,60356.37489495003,True,167,False,1.6346591107932134,0.1084066726768112,-1.6469022571999246,2012,True,,
periodic,18,60357.14256993157,True,127,False,1.6470213272125411,0.10969192649003894,-1.6368636287634348,2012,False,,
periodic,19,60357.111537009165,True,109,False,1.6492933768721227,0.11470980024356747,-1.638514850336877,2012,False,,
locally_periodic,0,51582.96502781409,True,172,True,1.7246038409882936,2.302585092994046,2.0803666498109283,2012,False,-2.4264228884280294,
locally_periodic,1,51584.0912493202,True,169,True,1.7405014482543701,2.302585092994046,2.0888199375191747,2012,False,-2.4245221848350447,
locally_periodic,2,51980.0372040759,False,240,False,1.5909071099375294,0.8672324135143898,2.1625150149988626,2012,False,-2.426422888428032,
locally_periodic,3,51582.22075919654,True,185,True,1.7063336489252476,2.302585092994046,2.080366649810928,2012,True,-2.4103063764432493,
locally_periodic,4,51582.29876822818,True,130,True,1.7211311455779645,2.302585092994046,2.079126756232374,2012,True,-2.419710951739137,
locally_periodic,5,51583.117169168545,True,142,True,1.7272549803428343,2.302585092994046,2.0821297243520163,2012,False,-2.426422888428028,
locally_periodic,6,51582.61756104995,True,223,True,1.7104318995797194,2.302585092994046,2.072151813292135,2012,True,-2.4232564167203514,
locally_periodic,7,51592.36158858644,False,240,True,1.66837094930845,2.302585092994046,2.082020550769871,2012,False,-2.3889467236422464,
locally_periodic,8,51582.72064345349,True,216,True,1.7128452121803692,2.302585092994046,2.073379123310953,2012,True,-2.4255687579780414,
locally_periodic,9,51582.41974561407,True,135,True,1.7250617011730647,2.302585092994046,2.0843243080496325,2012,True,-2.4186935393458895,
locally_periodic,10,51604.77461723469,False,240,True,1.7447326477547032,2.302585092994046,2.0557634791821324,2012,False,-2.426422888428032,
locally_periodic,11,51582.87904612221,True,240,True,1.700225742843304,2.302585092994046,2.074220324168126,2012,False,-2.425072146967691,
locally_periodic,12,51583.225028747314,True,170,True,1.6996746781678376,2.302585092994046,2.067288227902612,2012,False,-2.4264228884280277,
locally_periodic,13,51582.498422429984,True,157,True,1.7064232889538649,2.302585092994046,2.0772358836117495,2012,True,-2.422915420947325,
locally_periodic,14,51582.403263957676,True,116,True,1.7072875243201842,2.302585092994046,2.081774329599386,2012,True,-2.406599211786592,
locally_periodic,15,51582.44769191798,True,163,True,1.722393479784917,2.302585092994046,2.0871406103885928,2012,True,-2.4078318606169855,
locally_periodic,16,51582.31215269324,True,129,True,1.7169782363331958,2.302585092994046,2.078074854561594,2012,True,-2.4223503913274578,
locally_periodic,17,51582.75304827868,True,175,True,1.7319549497341626,2.302585092994046,2.088581486329721,2012,False,-2.4133241098315827,
locally_periodic,18,51582.225657528565,True,171,True,1.7041085062451715,2.302585092994046,2.0777440630703308,2012,True,-2.4082211265971427,
locally_periodic,19,51582.94392890197,True,178,True,1.7003620955085244,2.302585092994046,2.0698875018801863,2012,False,-2.4264228884280277,
additive,0,50877.658399271204,False,240,False,1.5986812187151818,1.1800748601594493,0.5373334024132388,2012,False,1.5464022760893565,-2.5171019992938057
additive,1,50946.270855143935,False,240,False,1.2570161354545524,1.899632701720087,1.0624632793864677,2012,False,1.789604268543661,-2.5102298742077545
additive,2,51302.170788630785,False,240,False,1.670637002871246,0.9210340371976189,0.017841952899789182,2012,False,1.227419381498969,-2.7891393318911377
additive,3,50891.69049290031,False,240,False,1.628020658504451,1.1360217275788824,0.46063122508214943,2012,False,1.5150158320332254,-2.5187383894959963
additive,4,50994.26335947064,False,240,True,1.082998202576357,2.302585092994046,1.0949907296227346,2012,False,1.8359115032978752,-2.454446270504335
additive,5,50947.51214881945,False,240,False,1.3779829579599103,1.0361632918473211,0.4788905183129367,2012,False,1.5341425747388577,-2.426422888428032
additive,6,50901.45040183273,False,240,False,1.5267254345591177,1.1098951881263088,0.46336057742285697,2012,False,1.5281747906661178,-2.538915606034462
additive,7,50923.547941962985,False,240,False,1.354157156791572,2.043544270032217,0.9558064091695014,2012,False,1.7124425306331483,-2.463837095225342
additive,8,50877.77884768661,False,240,False,1.4474686083543113,1.3959422126276406,0.8384451050382165,2012,False,1.67858728665098,-2.4845512032686314
additive,9,51271.41321446154,False,240,False,1.7728112672121525,0.8891598404556456,-0.10288612377564682,2012,False,1.2071339024403351,-2.6751534816264178
additive,10,51699.57277715578,False,240,False,-2.3023976912507575,-2.0870181914459423,1.4410040890548916,2012,False,1.9513060846537802,-9.680751757690143
additive,11,51249.9072956955,False,240,False,-1.8668097897393265,-0.8962855236755853,1.6641883077429327,2012,False,2.2490197423994553,-2.449778666330544
additive,12,51457.79500711683,True,238,False,-2.616293970013953,-1.8060901823172042,1.7395528586126379,2012,False,2.1523459658630446,-3.105865081559536
additive,13,50886.60546771888,False,240,False,1.4414577383768665,1.381551055796428,0.7812333262064094,2012,False,1.629851002906537,-2.5562109347278774
additive,14,51624.02624428106,False,240,True,-1.207594363371311,2.302585092994046,1.7530641245526617,2012,False,2.079841213845451,-2.2751409918610923
additive,15,51079.61773397375,False,240,False,1.3828138662469907,1.8420680743952362,1.1039903031798524,2012,False,1.8039228086377177,-2.62031180453465
additive,16,51472.18016074661,False,240,False,-2.1664558105904828,-1.93056257612369,1.7726314388208328,2012,False,2.180949453056519,-4.890229405799364
additive,17,51823.923392302124,False,240,False,1.9448017212119482,0.8634694098727672,-0.47226665460869865,2012,False,0.9535181579920468,-2.7891393318911377
additive,18,51247.993346243304,False,240,False,-1.2899195023483878,-0.7368848594303246,1.7176055547026308,2012,False,2.383543992133162,-2.404132128019786
additive,19,50873.356146735714,False,240,False,1.4547696504030534,1.3815510557964275,0.7856161603840458,2012,True,1.6547119630746208,-2.5153487399347956
se,0,55858.19427870185,True,133,False,1.5615621408752234,1.3738907091946946,-2.042177853010407,2013,False,,
se,1,55857.94939526728,True,168,False,1.5615621408752227,1.375193847760712,-2.042177853010407,2013,False,,
se,2,55871.43130505695,False,240,False,1.5327364811823436,1.382711445948711,-2.064847630726857,2013,False,,
se,3,55859.331230735304,True,115,False,1.555290210282418,1.371252292044701,-2.0494401033628633,2013,False,,
se,4,55858.26160399683,True,115,False,1.5658340140063973,1.3798452903130982,-2.025303590894758,2013,False,,
se,5,55858.06010650161,True,121,False,1.5661667099898273,1.3798019075601973,-2.042177853010407,2013,False,,
se,6,55858.07703945583,True,121,False,1.557489850916081,1.378352379140419,-2.0443716962411664,2013,False,,
se,7,55857.451063187196,True,114,False,1.5615621408752223,1.3796497151337375,-2.0371997990567965,2013,True,,
se,8,55857.59500509327,True,97,False,1.5626316244495113,1.381528132081099,-2.029981511243197,2013,True,,
se,9,55857.962224183415,True,109,False,1.5578082173112537,1.3765026155497078,-2.028786513988351,2013,False,,
se,10,55863.975776861815,False,240,False,1.5489323413657503,1.3693124201541262,-2.064847630726857,2013,False,,
se,11,55858.1054543136,True,127,False,1.556090063032232,1.3787934472421355,-2.025008140657822,2013,False,,
se,12,55857.73193800995,True,109,False,1.551292476822096,1.3786480307284765,-2.039965143566784,2013,True,,
se,13,55858.32291550453,True,103,False,1.558081946119166,1.3812957517446052,-2.022769517911506,2013,False,,
se,14,55857.36024614121,True,103,False,1.5540118675011887,1.378512459107658,-2.034927822333344,2013,True,,
se,15,55858.0281096915,True,133,False,1.557679536606403,1.3770031664328422,-2.0275233465868605,2013,False,,
se,16,55857.83420734111,True,115,False,1.5510775519259654,1.3767276902193155,-2.0293851510996044,2013,True,,
se,17,55857.611642076554,True,133,False,1.5615621408752227,1.3766690379823683,-2.033843866502357,2013,True,,
se,18,55858.19345196557,True,127,False,1.551572137164075,1.3770223967220052,-2.026282848425944,2013,False,,
se,19,55858.1208489977,True,115,False,1.5708544458500044,1.3834895329374806,-2.0321637143722198,2013,False,,
matern32,0,52195.02607034863,True,97,False,1.7234626552263672,2.072151813292135,-2.4275640741899567,2013,True,,
matern32,1,52194.83898131825,True,103,False,1.7235601066464716,2.0764519677525666,-2.4178003401934482,2013,True,,
matern32,2,52194.727787598305,True,121,False,1.718206963073692,2.077378993896461,-2.4203411311246024,2013,True,,
matern32,3,52194.88414940177,True,145,False,1.716567453456411,2.0699984253561814,-2.4287255094216316,2013,True,,
matern32,4,52195.69188007717,True,85,False,1.707838739117317,2.0765167371237654,-2.409518825810901,2013,False,,
matern32,5,52194.9285777516,True,121,False,1.72278099481277,2.0779718893612564,-2.427198289853507,2013,True,,
matern32,6,52195.02780690939,True,144,False,1.7278244345494118,2.078515359247587,-2.4275640741899567,2013,True,,
matern32,7,52194.94341826203,True,167,False,1.704611273513222,2.0693700548804337,-2.427564074189954,2013,True,,
matern32,8,52195.21472766449,True,97,False,1.714700108405282,2.0775474924960715,-2.411707071087596,2013,True,,
matern32,9,52195.373917878416,True,151,False,1.7256946461953933,2.0786453611704405,-2.431575808809054,2013,False,,
matern32,10,52195.701461341225,True,115,False,1.7147184274583769,2.078922559885468,-2.407950349829321,2013,False,,
matern32,11,52195.38793200149,True,127,False,1.730627502859415,2.083586876984393,-2.41527056645622,2013,False,,
matern32,12,52194.84404674484,True,121,False,1.7108354638565024,2.0690562118700497,-2.421211517072855,2013,True,,
matern32,13,52194.70090579718,True,97,False,1.715994646404807,2.0761893208961153,-2.422368500337545,2013,True,,
matern32,14,52195.42292010086,True,132,False,1.7054737091873517,2.070132815768454,-2.4121807049450346,2013,False,,
matern32,15,52194.794759067365,True,145,False,1.7106074781245484,2.071789869205821,-2.4280693170520093,2013,True,,
matern32,16,52195.04418639192,True,155,False,1.7211322451840831,2.070729202334745,-2.427564074189953,2013,True,,
matern32,17,52194.7112414422,True,145,False,1.7191444637769127,2.0726048757239233,-2.42298176637363,2013,True,,
matern32,18,52195.153846318295,True,115,False,1.7171736352168514,2.0692975253272876,-2.432343712161299,2013,True,,
matern32,19,52195.17392043483,True,127,False,1.709357801816994,2.0735132754474703,-2.429683309135721,2013,True,,
matern52,0,53135.398402026134,True,121,False,1.6515068710703036,1.7846325351343653,-2.246205852458404,2013,True,,
matern52,1,53136.335554478064,True,121,False,1.6561235377219092,1.7789484281214394,-2.2585949188550414,2013,False,,
matern52,2,53136.12856078017,True,121,False,1.6518588567188042,1.7827028506975888,-2.258117129112401,2013,False,,
matern52,3,53136.15955412737,True,109,False,1.648710971422342,1.7792532337275613,-2.259281799614215,2013,False,,
matern52,4,53135.69561897984,True,145,False,1.650475253476212,1.7851941839405376,-2.2512923872023305,2013,True,,
matern52,5,53136.35676362118,True,97,False,1.6329051263492336,1.7778413363885306,-2.2414198378505508,2013,False,,
matern52,6,53136.6668307159,True,115,False,1.6526814410660073,1.7763025236176957,-2.260057705165205,2013,False,,
matern52,7,53136.1173368679,True,145,False,1.6515068710703031,1.781463069971391,-2.258663654454012,2013,False,,
matern52,8,53136.352598908255,True,139,False,1.6339774645362415,1.776501006551503,-2.2423783989962844,2013,False,,
matern52,9,53136.012984551155,True,115,False,1.663800957679404,1.7877572010605802,-2.2510286301907936,2013,False,,
matern52,10,53135.50854542624,True,167,False,1.6577050511147273,1.7839265443008818,-2.2462058524584014,2013,True,,
matern52,11,53135.682591306984,True,145,False,1.6556069345810878,1.7877786026291647,-2.245740345067342,2013,True,,
matern52,12,53136.23935805872,True,127,False,1.6468348325035223,1.7824363838364945,-2.258000131915571,2013,False,,
matern52,13,53135.7560400394,True,151,False,1.6614701988232778,1.7856078815382395,-2.24329765277197,2013,True,,
matern52,14,53135.88326270343,True,127,False,1.636673860009852,1.7805005037521553,-2.2435471449302953,2013,True,,
matern52,15,53136.59710989598,True,115,False,1.6548011959953783,1.7777410215002554,-2.2602969172827305,2013,False,,
matern52,16,53135.669920231274,True,133,False,1.6589792524258293,1.7832734535380474,-2.2450857830084807,2013,True,,
matern52,17,53136.165221722316,True,109,False,1.6411447233528298,1.7753232266883958,-2.2565491991192737,2013,False,,
matern52,18,53135.42854875991,True,109,False,1.6558912179693765,1.7841924499223563,-2.246366857267426,2013,True,,
matern52,19,53136.68036052295,True,133,False,1.6298621516246243,1.7732795988903314,-2.2476432517267284,2013,False,,
periodic,0,61111.67173038412,True,103,False,1.6335179250312875,0.10073809781848975,-1.6567916318308573,2013,True,,
periodic,1,61111.41027731303,True,138,False,1.6335179250312868,0.10666249734633396,-1.6500337408917543,2013,True,,
periodic,2,61111.60381075904,True,121,False,1.651671806638096,0.10986897642318115,-1.652052441033719,2013,True,,
periodic,3,61112.32135653905,True,145,False,1.636005281671398,0.10793669752527335,-1.6403747590804585,2013,False,,
periodic,4,61111.37807222469,True,145,False,1.6455984976138955,0.10725926397086061,-1.651087794040547,2013,True,,
periodic,5,61112.430320503096,True,121,False,1.641093979685486,0.1087186165880967,-1.639578255324553,2013,False,,
periodic,6,61111.575277154596,True,121,False,1.6402397143875536,0.10469637850329554,-1.6583543849241396,2013,True,,
periodic,7,61111.69420805383,True,214,False,1.631116059647153,0.10573617552085324,-1.6567916318308584,2013,True,,
periodic,8,65573.0587913512,False,240,False,1.2277623555569352,-0.4850220329314358,-2.064847630726857,2013,False,,
periodic,9,61112.86291093525,True,109,False,1.6333703908818118,0.11088041162967599,-1.63774829295429,2013,False,,
periodic,10,61111.48489429004,True,133,False,1.6441173255374197,0.10456394972502095,-1.6553232997905294,2013,True,,
periodic,11,61112.201496653506,True,151,False,1.6368211017605165,0.10613713972765171,-1.6621218136393003,2013,False,,
periodic,12,61111.70733821744,True,109,False,1.6335179250312875,0.10798874940234734,-1.6453126150463373,2013,True,,
periodic,13,61111.59188174533,True,174,False,1.6408410775928723,0.10254484271151573,-1.6567916318308578,2013,True,,
periodic,14,61111.880738815,True,145,False,1.6448228126848639,0.10306386808600511,-1.6597291092679243,2013,True,,
periodic,15,61111.561275230975,True,139,False,1.6325986328249973,0.10784213613470463,-1.6479417384892352,2013,True,,
periodic,16,61111.477962562436,True,115,False,1.636909912368683,0.10934538864807092,-1.648179866832732,2013,True,,
periodic,17,61111.43868395262,True,139,False,1.6474957606922964,0.1075340475373178,-1.6511585093589478,2013,True,,
periodic,18,61112.249511651855,True,139,False,1.648463798228177,0.1099646806417558,-1.6413675359750486,2013,False,,
periodic,19,61112.172554647084,True,133,False,1.6513530083673884,0.10774449495765856,-1.6604168135699027,2013,False,,
locally_periodic,0,52213.30781506107,True,172,True,1.7234626552263672,2.302585092994046,2.0803666498109283,2013,True,-2.4275640741899567,
locally_periodic,1,52221.045795642305,False,240,False,1.6870765265846401,2.2162504248635497,2.0842024973158133,2013,False,-2.3926702538780837,
locally_periodic,2,52212.97029521529,True,211,True,1.7066720621917966,2.302585092994046,2.0786665548148404,2013,True,-2.4100769231895987,
locally_periodic,3,52229.313766716135,False,240,True,1.675227241956937,2.302585092994046,2.095318707518105,2013,False,-2.3976654053819484,
locally_periodic,4,52213.19480774307,True,173,True,1.7254885412556908,2.302585092994046,2.0881097434347136,2013,True,-2.4160784146661323,
locally_periodic,5,52213.68683148408,True,159,True,1.721063744636939,2.302585092994046,2.077688684157251,2013,False,-2.4317872020470768,
locally_periodic,6,52214.23668254998,False,240,True,1.7246869050459692,2.302585092994046,2.0853073560209348,2013,False,-2.4022103399870685,
locally_periodic,7,52213.56025120961,True,211,True,1.6943549690899844,2.302585092994046,2.0687801250781335,2013,False,-2.4275640741899576,
locally_periodic,8,52213.15599396312,True,144,True,1.7185349639394227,2.302585092994046,2.0766293344999487,2013,True,-2.4249829316377314,
locally_periodic,9,52213.427876344635,False,240,True,1.727047048478281,2.302585092994046,2.080366649810928,2013,False,-2.4222854300487318,
locally_periodic,10,52213.34194048654,True,200,True,1.7096110423779003,2.302585092994046,2.076808611298841,2013,True,-2.4310486242350318,
locally_periodic,11,52212.95066760815,True,218,True,1.7166841788628935,2.302585092994046,2.0852664992374343,2013,True,-2.4175496292405074,
locally_periodic,12,52213.272790277304,True,225,True,1.7094276343258374,2.302585092994046,2.0802085195226896,2013,True,-2.427564074189954,
locally_periodic,13,52248.09088737279,False,240,True,1.694485220038453,2.302585092994046,2.06575595501642,2013,False,-2.3463244131679524,
locally_periodic,14,52444.58114750246,False,240,False,1.7971585670542267,1.6742723758802,2.2263065797047736,2013,False,-2.256167586015904,
locally_periodic,15,52212.85204067876,True,170,True,1.7076903705945505,2.302585092994046,2.0739238779211817,2013,True,-2.4203796430672226,
locally_periodic,16,52212.99076396283,True,129,True,1.7225966133719928,2.302585092994046,2.0828808143267925,2013,True,-2.4237048070954534,
locally_periodic,17,52213.39128332844,True,240,True,1.6971081581903535,2.302585092994046,2.073453288535779,2013,False,-2.427564074189954,
locally_periodic,18,52463.40517610818,False,240,False,1.578340756071726,1.694960969706212,2.103061782060414,2013,False,-2.2184823244676934,
locally_periodic,19,52215.69341199456,False,240,True,1.7164878421702712,2.302585092994046,2.092408724079073,2013,False,-2.3957137923493903,
additive,0,51504.18986141403,False,240,False,1.5975400329532554,1.172879281743843,0.5361922166513124,2013,False,1.5464022760893565,-2.518243185055733
additive,1,51496.50467758466,False,240,False,1.487791061259581,1.2504644923698782,0.6529261912845049,2013,True,1.5922380914406324,-2.5048494710264864
additive,2,51559.180984551,False,240,False,1.282173071387782,1.7845034470703847,0.9673288795186819,2013,False,1.7176678921685544,-2.441558092642319
additive,3,52325.4760328353,False,240,False,1.8923119585902086,0.8440021135864078,-0.37467873853764855,2013,False,0.9990129836702568,-2.790280517653063
additive,4,52044.80753912744,False,240,False,1.8134073854214476,0.9231789232573848,-0.27458492861830136,2013,False,1.134286017704322,-2.6089222959215066
additive,5,52235.815955625745,False,240,False,-2.117445293199272,-1.9348883157850243,1.9436883082913816,2013,False,2.2939523992995565,-8.231027169599647
additive,6,51579.47173345725,False,240,False,1.3816726804850643,2.129891211019492,0.9877780420560933,2013,False,1.694256784354308,-2.558267955882367
additive,7,52480.026377254086,False,240,True,-0.633089275884726,2.302585092994046,1.9913742331062045,2013,False,2.205692503783664,-2.55645727357838
additive,8,52095.54156902175,True,208,True,-2.1407185107921434,-1.9781081718517366,1.7176535347560218,2013,False,2.1503923271619345,-11.858191604230699
additive,9,51509.08579400745,False,240,False,1.5974753095740184,1.1512925464970232,0.5244024622975929,2013,False,1.5323590546076729,-2.5182431850557303
additive,10,51530.81739958567,False,240,False,1.6138112784037777,1.0671869503439202,0.4359720245177996,2013,False,1.5295985497074784,-2.5094871254014572
additive,11,52241.94596870098,False,240,True,-2.072204959006005,2.302585092994046,1.527651716561098,2013,False,2.045756978322025,-2.433435205325454
additive,12,51593.57552068784,False,240,False,1.5523079649899933,1.2130758254915373,0.5118998834232444,2013,False,1.5048104447813047,-2.4275640741899567
additive,13,51647.96523709192,False,240,False,1.3816726804850652,1.9571973290449391,0.8227513280349449,2013,False,1.7435757655813888,-2.407081638851479
additive,14,51679.94713914857,False,240,False,1.6921090243154384,1.0148369411739655,0.12098319909470634,2013,False,1.3382605927752456,-2.6089222959215066
additive,15,51865.98413979614,False,240,False,-1.5108614098340631,-0.8048028201925292,1.7105997961299981,2013,False,2.337773371393228,-2.4440741754497197
additive,16,52282.87765814512,False,240,False,0.22122881083220683,-0.30575220289716304,1.525584248797192,2013,False,2.8768621027278307,-2.234482516346051
additive,17,51507.232284904545,False,240,False,1.5660287147276022,1.1512925464970234,0.5724644223190558,2013,False,1.5626946688825614,-2.4799168066021644
additive,18,52162.33080666673,False,240,False,-2.006410138105608,-1.8666571953387343,1.721403233765704,2013,False,2.211594320818911,-6.054728508821013
additive,19,51613.118916456864,False,240,False,1.1625133956828781,2.129891211019492,1.112498924320184,2013,False,1.7839711922234067,-2.571617297346513
se,0,56582.15791217094,True,133,False,1.5701409419283174,1.3821055457134883,-2.033599051957313,2014,True,,
se,1,56582.41355023451,True,109,False,1.5661411037996087,1.3848830961641583,-2.034708098717052,2014,True,,
se,2,56581.964458827875,True,103,False,1.5671033436740027,1.3798475828079826,-2.037456979865866,2014,True,,
se,3,56582.081990969,True,127,False,1.5652228514855828,1.3807178205160313,-2.0337393191871262,2014,True,,
se,4,56582.428024940506,True,127,False,1.5623491119066228,1.3786672742620825,-2.032349847290636,2014,True,,
se,5,56582.13633749309,True,127,False,1.5717816128425528,1.382882160718055,-2.0367175257045678,2014,True,,
se,6,56582.372644364936,True,109,False,1.5709641545126212,1.3784746211156138,-2.0361505819431325,2014,True,,
se,7,56582.592388491874,True,121,False,1.5715732287285809,1.3790314077299746,-2.04688213325954,2014,False,,
se,8,56582.42430882227,True,188,False,1.566304844895314,1.3782897388423592,-2.0335990519573137,2014,True,,
se,9,56582.69311081235,True,137,False,1.5533934681744987,1.3775809039200133,-2.03359905195731,2014,False,,
se,10,56582.341217312205,True,127,False,1.563086347996441,1.3837529759498974,-2.038475513791798,2014,True,,
se,11,56582.48775917076,True,133,False,1.564971884449905,1.3821055457134883,-2.0445424925244056,2014,True,,
se,12,56582.64287713231,True,115,False,1.5659286105941552,1.3794316402984705,-2.0481850516330558,2014,False,,
se,13,56582.162983321665,True,201,False,1.5620111725081611,1.3824133518924173,-2.0335990519573137,2014,True,,
se,14,56582.23958009896,True,115,False,1.557107920436151,1.3784369605360935,-2.035623201111045,2014,True,,
se,15,56582.8293442214,True,109,False,1.5621046466285735,1.3821378933356947,-2.046158835630112,2014,False,,
se,16,56582.01867392857,True,127,False,1.5645305861045435,1.3796298595759302,-2.035637127819703,2014,True,,
se,17,56582.09741488039,True,145,False,1.5681581578434833,1.3783796615851558,-2.0407020079896063,2014,True,,
se,18,56582.60913204352,True,232,False,1.5593856423701205,1.3844273983420174,-2.033599051957315,2014,False,,
se,19,56582.52048533116,True,127,False,1.5637152568348534,1.3777829794791012,-2.033139849202289,2014,True,,
matern32,0,52862.4638329456,True,91,False,1.7320414562794613,2.0803666498109283,-2.4189852731368626,2014,True,,
matern32,1,52863.11552809477,True,109,False,1.721446092393071,2.081086865086117,-2.4128960014166414,2014,False,,
matern32,2,52862.15472330412,True,85,False,1.734961353989036,2.080920399568818,-2.4273584947644427,2014,True,,
matern32,3,52862.620893475745,True,127,False,1.7384072035187015,2.0858987370085194,-2.4272071703362004,2014,False,,
matern32,4,52862.50587273024,True,109,False,1.7378737923119911,2.0814983526845987,-2.4221528933945393,2014,True,,
matern32,5,52862.590112777834,True,148,False,1.7156680330057776,2.0730087377155297,-2.41898527313686,2014,False,,
matern32,6,52862.60672037198,True,182,False,1.7126917619036175,2.0756605969238233,-2.4189852731368635,2014,False,,
matern32,7,52862.008146886445,True,121,False,1.720904369434638,2.073672441401244,-2.427143603532033,2014,True,,
matern32,8,52862.25995224572,True,121,False,1.7265402777131948,2.074629673165252,-2.424626191592204,2014,True,,
matern32,9,52862.60543666171,True,143,False,1.7280003461300717,2.076529394371194,-2.41898527313686,2014,False,,
matern32,10,52862.241396661906,True,155,False,1.732041456279459,2.0764949428678414,-2.4335228199996948,2014,True,,
matern32,11,52862.53059429444,True,127,False,1.729350527721666,2.0798099275855133,-2.4368382513041116,2014,True,,
matern32,12,52862.51572289875,True,127,False,1.7145112723786575,2.0767220761734784,-2.419503980766923,2014,True,,
matern32,13,52862.03964917115,True,109,False,1.7272045363856998,2.079747862073396,-2.4292715589599987,2014,True,,
matern32,14,52862.320832654645,True,133,False,1.7111496701047324,2.073946916930837,-2.425106200962362,2014,True,,
matern32,15,52862.31058125539,True,139,False,1.718351816041597,2.0710713505015717,-2.425808484432377,2014,True,,
matern32,16,52862.63807699587,True,115,False,1.742957002491228,2.0834439122574713,-2.429613634278302,2014,False,,
matern32,17,52862.527423880776,True,126,False,1.714052510240445,2.075627669251338,-2.4189852731368626,2014,True,,
matern32,18,52862.53541529014,True,97,False,1.732093592864465,2.0809881959573846,-2.4359352234034604,2014,True,,
matern32,19,52862.44419930546,True,157,False,1.7081814678230467,2.0692256990581797,-2.427445438324669,2014,True,,
matern52,0,53815.42181660006,True,115,False,1.6600856721233974,1.7928473716531588,-2.23762705140531,2014,False,,
matern52,1,53814.19912931227,True,114,False,1.660330099602457,1.7846853573640933,-2.2602968291217542,2014,True,,
matern52,2,53813.871030760114,True,127,False,1.6600856721233972,1.7833915975855172,-2.2554263207914524,2014,True,,
matern52,3,53814.27074203649,True,139,False,1.6591600899423535,1.7862584699632282,-2.2431975378192175,2014,True,,
matern52,4,53814.505475162776,True,103,False,1.657976670147753,1.785500338592564,-2.2416162547600162,2014,False,,
matern52,5,53814.31829527182,True,115,False,1.6587893205778084,1.790069626439735,-2.245547716211848,2014,True,,
matern52,6,53814.46860666807,True,115,False,1.6611140129012147,1.78055215157456,-2.261106747944369,2014,False,,
matern52,7,53814.523049976335,True,139,False,1.6414497577456204,1.7782216939107032,-2.2523327839276783,2014,False,,
matern52,8,53814.977060016274,True,121,False,1.6487508971665183,1.7763992802953994,-2.2640235439453624,2014,False,,
matern52,9,53815.92188772951,True,103,False,1.6332590703519525,1.772596069137956,-2.2611261044147217,2014,False,,
matern52,10,53813.858520198766,True,133,False,1.6522356936606657,1.783913006658527,-2.250620447056843,2014,True,,
matern52,11,53814.2548015287,True,145,False,1.659506657768916,1.7837726938834608,-2.261170779256245,2014,True,,
matern52,12,53814.49129758666,True,127,False,1.6654657703949347,1.7885726306963838,-2.2421380895100667,2014,False,,
matern52,13,53814.325686624674,True,179,False,1.6640025391730768,1.7827364644197234,-2.2602968291217516,2014,True,,
matern52,14,53814.61714485758,True,133,False,1.6671388418096644,1.7924533150699926,-2.243877437641944,2014,False,,
matern52,15,53814.30970507145,True,167,False,1.663257189662004,1.7824544167046994,-2.2602968291217502,2014,True,,
matern52,16,53814.97491924449,True,139,False,1.639415120114189,1.7778648400554562,-2.2475404030544524,2014,False,,
matern52,17,53815.722955443154,True,150,False,1.6754210057088885,1.7941083807171396,-2.23762705140531,2014,False,,
matern52,18,53814.31443142808,True,161,False,1.6648667466985319,1.7858257157840163,-2.2602968291217516,2014,True,,
matern52,19,53814.00572963829,True,121,False,1.6636336153919489,1.7867875850501005,-2.247079680917646,2014,True,,
periodic,0,61886.327926969796,True,97,False,1.6600856721233972,0.11512925464970253,-1.6482128307777633,2014,True,,
periodic,1,61885.98820126767,True,109,False,1.6364204114002976,0.10594950212282389,-1.6556300880902393,2014,True,,
periodic,2,61886.295130275656,True,227,False,1.6592144428874804,0.11379617123813071,-1.648212830777761,2014,True,,
periodic,3,61886.312189400574,True,145,False,1.6633168474573328,0.1164553649929094,-1.6541367196405359,2014,True,,
periodic,4,61885.92107126839,True,157,False,1.642215042701051,0.10718265996230242,-1.6522847675075538,2014,True,,
periodic,5,61885.81678570615,True,109,False,1.6536782778488552,0.11353097877657584,-1.6530815710885183,2014,True,,
periodic,6,61885.80201523542,True,139,False,1.6537959952096344,0.11132653677425333,-1.652433021468723,2014,True,,
periodic,7,61886.731529350895,True,109,False,1.653884297864983,0.11201505669917952,-1.644340544665952,2014,False,,
periodic,8,61885.774222917615,True,109,False,1.6469725742380021,0.10712039876863937,-1.6549874927133266,2014,True,,
periodic,9,61887.56545642747,True,139,False,1.660085672123397,0.11854312045088569,-1.640446315156518,2014,False,,
periodic,10,61885.994176145876,True,133,False,1.6496745277222917,0.11004989787311298,-1.6618428742064804,2014,True,,
periodic,11,61887.36349617619,True,133,False,1.6600856721233974,0.11788420008563383,-1.6413619811752977,2014,False,,
periodic,12,61885.873780478476,True,133,False,1.6445316591552437,0.10518787399264898,-1.6573285972130978,2014,True,,
periodic,13,61885.9407101212,True,127,False,1.6480861764851467,0.1087598748476225,-1.6507516213069722,2014,True,,
periodic,14,61885.940699866034,True,133,False,1.6446191754946575,0.1079738903551249,-1.6617493435487598,2014,True,,
periodic,15,61885.99227491943,True,151,False,1.6459281411971896,0.10452235347941997,-1.660473808605938,2014,True,,
periodic,16,61886.22543547444,True,207,False,1.6442671963220956,0.10863440391935583,-1.6482128307777644,2014,True,,
periodic,17,61887.48541179884,True,133,False,1.663825221418143,0.11885932216911216,-1.6418072117814553,2014,False,,
periodic,18,61886.04757029996,True,121,False,1.6455232313160513,0.11372591646725692,-1.6499877470703177,2014,True,,
periodic,19,61885.91360959056,True,139,False,1.64046775614698,0.11006546766886646,-1.652072589265597,2014,True,,
locally_periodic,0,52880.3577368769,True,172,True,1.7320414562794613,2.302585092994046,2.0885814863297214,2014,True,-2.4189852731368626,
locally_periodic,1,52880.17660051087,True,153,True,1.7120375773209822,2.302585092994046,2.081127371394488,2014,True,-2.4185371653116263,
locally_periodic,2,52881.08831997459,True,131,True,1.731592991824535,2.302585092994046,2.0814007255348854,2014,False,-2.436610418630831,
locally_periodic,3,52880.466104837295,True,168,True,1.7219747234757432,2.302585092994046,2.0805348067041884,2014,True,-2.417174295193922,
locally_periodic,4,52880.187908527296,True,161,True,1.7179740615252264,2.302585092994046,2.085339753894225,2014,True,-2.41898527313686,
locally_periodic,5,52882.04308038288,True,174,True,1.746106327140947,2.302585092994046,2.0975630266505623,2014,False,-2.4126055571659153,
locally_periodic,6,52880.190192392474,True,231,True,1.7107752239965257,2.302585092994046,2.0803248541794157,2014,True,-2.41898527313686,
locally_periodic,7,52912.72330952015,False,240,False,1.6780746181624129,2.1298912110194923,2.0322355579358007,2014,False,-2.446447906590903,
locally_periodic,8,52880.8303338439,True,232,True,1.7052552780726518,2.302585092994046,2.076398368038929,2014,False,-2.4340964468971795,
locally_periodic,9,52880.95478142341,True,154,True,1.7261020505518028,2.302585092994046,2.0784139340551055,2014,False,-2.436554843420393,
locally_periodic,10,52884.6022815153,False,240,True,1.7384393802757405,2.302585092994046,2.1017417765762043,2014,False,-2.3976143374121874,
locally_periodic,11,52880.030449622296,True,188,True,1.7124097319696234,2.302585092994046,2.0794967698554236,2014,True,-2.422192273644808,
locally_periodic,12,52880.13082199168,True,232,True,1.7168347842485854,2.302585092994046,2.0842099700555226,2014,True,-2.4189852731368635,
locally_periodic,13,52881.92216669867,True,239,True,1.746046983412863,2.302585092994046,2.0938606370659842,2014,False,-2.4315364602075062,
locally_periodic,14,52880.15493668066,True,189,True,1.7294022478424376,2.302585092994046,2.0870560178727087,2014,True,-2.4234009735805224,
locally_periodic,15,52880.981209100595,True,129,True,1.7074630942199585,2.302585092994046,2.074399821110152,2014,False,-2.4373677347441576,
locally_periodic,16,52880.82342062848,True,233,True,1.7052881029100033,2.302585092994046,2.080389171090301,2014,False,-2.4141748467310116,
locally_periodic,17,53497.28390818133,False,240,False,1.6963961705001553,0.6756736719484644,2.293952399299558,2014,False,-2.237627051405306,
locally_periodic,18,52880.76972022369,True,174,True,1.7240604499499048,2.302585092994046,2.0900776336661235,2014,False,-2.4135044860267154,
locally_periodic,19,53137.19757049051,False,240,False,1.6799958780560995,1.0419308401206901,2.162515014998863,2014,False,-2.4189852731368595,
additive,0,52151.516115704144,False,240,False,1.4981851577722534,1.2952041148091518,0.7426494241335823,2014,True,1.636765477796084,-2.509664384002639
additive,1,55442.670293452684,False,240,False,1.9205247079896888,0.6907755278982136,-0.9174987223213078,2014,False,0.21474978512201176,-4.958000377378603
additive,2,55359.8120048337,False,240,False,1.6780746181624129,0.5825301012789877,-0.8545044636069186,2014,False,0.2716925893614075,-6.771582594694133
additive,3,52885.56109824282,False,240,False,-0.038844135868753044,-0.3480077975308319,1.60611883400635,2014,False,2.7497966259766153,-2.2923725750643364
additive,4,52965.363624415,False,240,False,0.2152905399780806,-0.28950168745567517,1.5847465974939334,2014,False,2.9492326134289155,-2.239795654060903
additive,5,52175.882776428196,False,240,False,1.53623831692472,1.1512925464970234,0.5503232405547811,2014,False,1.556382901650338,-2.460056934241265
additive,6,52641.60215378125,False,240,False,-0.9452255314979152,-0.6012923884434567,1.678074618162414,2014,False,2.4170793601439677,-2.3143783039141392
additive,7,53624.961170323586,False,240,False,1.7783657198465928,0.7014611727091105,-0.6457704851514994,2014,False,0.769426884252756,-2.9630599383315226
additive,8,52152.777233389585,False,240,False,1.470191142829615,1.2586308134226023,0.7234270730642182,2014,False,1.6272788747076483,-2.4964630187821757
additive,9,52871.29792389921,False,240,False,-2.101403208890037,-1.8808390693562558,1.9200168849068662,2014,False,2.2780005908596164,-4.958000377378602
additive,10,52170.04493669085,False,240,False,1.60611883400635,1.1512925464970232,0.49639333032158817,2014,False,1.5315161148308625,-2.4918560637241884
additive,11,52821.76884128332,False,240,False,-0.18047546509967177,-0.4210318338482406,1.6801320251833203,2014,False,2.6326044435697877,-2.3610125596766776
additive,12,52155.52656500717,False,240,False,1.462207265694222,1.3527687421340022,0.7753531290156749,2014,False,1.6464228706141897,-2.503873398550095
additive,13,52421.14328105765,False,240,False,1.7430845131903212,0.9665536560764612,-0.009115775765499046,2014,False,1.2762097743645324,-2.6003434948684125
additive,14,52233.68691906352,False,240,False,1.2463399132260302,1.7520686247841286,1.0895702953676578,2014,False,1.7851248957246402,-2.527570805105792
additive,15,52547.64718521644,False,240,False,-1.327845783652497,-0.7590813854809482,1.72490931887269,2014,False,2.3737661827668837,-2.4438508465711424
additive,16,52190.69200857903,False,240,False,1.6711237810119155,1.1225102328345977,0.4027267630176564,2014,False,1.502545958435633,-2.4913452511601433
additive,17,52870.22576701647,False,240,False,-2.15150507548912,-1.9877762886250445,1.9658977547866687,2014,False,2.2652543998075925,-8.585164812009658
additive,18,55430.90337224739,False,240,False,2.067581119317894,0.7969326734926692,-0.7472275807818584,2014,False,0.38665937024072256,-10.036030585862079
additive,19,52518.04024214804,False,240,False,1.7289217194194875,0.9488397809209221,-0.07065048673519286,2014,False,1.204055510317449,-2.600343494868412
se,0,57322.6637683788,True,115,False,1.570728369282104,1.3738907091946948,-2.05568140231997,2015,False,,
se,1,57321.36480059115,True,97,False,1.5707283692821035,1.3788612271007963,-2.038036641522123,2015,True,,
se,2,57321.92435803631,True,119,False,1.5707283692821035,1.3804350457203463,-2.0323191868909793,2015,False,,
se,3,57322.828691560004,True,195,False,1.564945233852142,1.3716865795249058,-2.0556814023199723,2015,False,,
se,4,57321.81584573691,True,121,False,1.5708777282630104,1.3828551859137876,-2.033940946544051,2015,True,,
se,5,57343.82163519198,False,240,False,1.5971067402101202,1.3556501459706307,-2.055681402319977,2015,False,,
se,6,57322.82963041184,True,178,False,1.5709212097718397,1.3729865995880701,-2.0556814023199723,2015,False,,
se,7,57323.137584122494,True,115,False,1.5650002258127624,1.3850704390088844,-2.0271225665803008,2015,False,,
se,8,57322.69919329244,True,183,False,1.569221311983054,1.3731578681089633,-2.0556814023199723,2015,False,,
se,9,57321.27292563513,True,109,False,1.5637312590312569,1.379011788244306,-2.0455944268010273,2015,True,,
se,10,57321.49935352105,True,79,False,1.5585708281275694,1.3801975377668947,-2.0425160870397145,2015,True,,
se,11,88835.83071239236,False,240,False,1.3259450456881419,0.14611575565740348,-8.947293828118958,2015,False,,
se,12,57321.827926109916,True,103,False,1.566816417330483,1.3834352254479854,-2.0352039786572025,2015,True,,
se,13,57321.69359834286,True,115,False,1.5744560836713173,1.382099528564835,-2.035880648189547,2015,True,,
se,14,57321.99670006095,True,139,False,1.5744623707959613,1.3796345774926324,-2.050475225962335,2015,False,,
se,15,57321.973936300004,True,103,False,1.555675220163139,1.3744980769095234,-2.038168961183268,2015,False,,
se,16,57321.429148225754,True,121,False,1.5748765972666159,1.380748005616261,-2.041124316914637,2015,True,,
se,17,57321.985308525924,True,109,False,1.5756579048935113,1.3824142898732064,-2.033590414641272,2015,False,,
se,18,57321.35154126056,True,103,False,1.5673108425725415,1.381581257823501,-2.039975855725383,2015,True,,
se,19,57321.87550987823,True,207,False,1.5594284018757725,1.3800132142558257,-2.033011624603528,2015,False,,
matern32,0,53534.86835132038,True,91,False,1.7326288836332477,2.0803666498109283,-2.4410676234995194,2015,False,,
matern32,1,53534.380804751156,True,115,False,1.7238900042803014,2.0719035556239107,-2.437854598093541,2015,True,,
matern32,2,53534.48594405179,True,148,False,1.7278709149112421,2.0736561372924,-2.4410676234995177,2015,True,,
matern32,3,53534.64318397775,True,121,False,1.7153809318888567,2.0702867823074693,-2.429716376103258,2015,True,,
matern32,4,53537.451847635566,True,97,False,1.6892378241888504,2.0598301177210496,-2.426884120306437,2015,False,,
matern32,5,53535.08242747454,True,210,False,1.732628883633249,2.08036664981093,-2.421476453895885,2015,False,,
matern32,6,53534.44277502733,True,103,False,1.7191411132455952,2.0743986897614786,-2.428741100754584,2015,True,,
matern32,7,53535.52677117656,True,131,False,1.7297824753177216,2.0828781996707844,-2.418397845783074,2015,False,,
matern32,8,53535.22505736354,True,115,False,1.7471281069979963,2.08531867654051,-2.4331941672932795,2015,False,,
matern32,9,53535.85922323941,True,114,False,1.7495804003870905,2.0859899678425036,-2.441067623499518,2015,False,,
matern32,10,53534.65285434587,True,109,False,1.7213501644034332,2.0786741008675644,-2.428740519297711,2015,True,,
matern32,11,53534.99008836484,True,133,False,1.70975732544118,2.0680063865227436,-2.4292167676936436,2015,False,,
matern32,12,53534.70135698695,True,133,False,1.7363139859591976,2.0793755744893234,-2.427753117216158,2015,True,,
matern32,13,53534.963293415945,True,127,False,1.739862992013782,2.0851259062034653,-2.429146037743895,2015,False,,
matern32,14,53534.541869072615,True,143,False,1.7261143643226666,2.0762936931288376,-2.4410676234995177,2015,True,,
matern32,15,53534.68379677801,True,139,False,1.7250323393301445,2.0706534745967233,-2.4421907758055235,2015,True,,
matern32,16,53535.25502021397,True,121,False,1.7466933156514877,2.085828942501481,-2.433840393917022,2015,False,,
matern32,17,53535.14039531078,True,85,False,1.7380665751957034,2.084341243113885,-2.4233157269501584,2015,False,,
matern32,18,53534.294003871386,True,127,False,1.7306742250928608,2.0776696757722415,-2.4352185045590278,2015,True,,
matern32,19,53534.98616950495,True,187,False,1.744128541581049,2.0829229930868616,-2.4364005367013504,2015,False,,
matern52,0,54500.78396947181,True,115,False,1.660673099477184,1.7846325351343653,-2.259709401767967,2015,True,,
matern52,1,54501.08972223298,True,195,False,1.6637832672976505,1.7874177764436496,-2.2597094017679695,2015,True,,
matern52,2,54500.920492326564,True,138,False,1.6606730994771834,1.7837709482691706,-2.2518950441972594,2015,True,,
matern52,3,54501.11733065058,True,201,False,1.6555874560846862,1.7775562511773648,-2.2597094017679695,2015,True,,
matern52,4,54501.481734558794,True,127,False,1.6556579263527802,1.782725814118704,-2.247117446048332,2015,False,,
matern52,5,54500.90707934217,True,133,False,1.6590237232359584,1.785774873155014,-2.2586485926194957,2015,True,,
matern52,6,54500.89591087257,True,179,False,1.6624830813661815,1.7808562312665317,-2.259709401767965,2015,True,,
matern52,7,54501.349719158316,True,97,False,1.6693989818139496,1.7837356691432877,-2.2656081462521462,2015,False,,
matern52,8,54501.85266918341,True,109,False,1.6495278876689405,1.7841410790925973,-2.2455303676889815,2015,False,,
matern52,9,54501.313682341584,True,133,False,1.6653616870637769,1.78613571559339,-2.2483306183317575,2015,False,,
matern52,10,54501.01109590255,True,139,False,1.6576987136770083,1.7786789122459383,-2.258958858802487,2015,True,,
matern52,11,54501.68598235346,True,121,False,1.649809963542144,1.7802889502453023,-2.2686976830369003,2015,False,,
matern52,12,54501.29853434235,True,126,False,1.6606730994771837,1.7844209795507664,-2.265927896432661,2015,False,,
matern52,13,54501.067783583996,True,127,False,1.658274733940038,1.7866995499138,-2.2580304192162393,2015,True,,
matern52,14,54501.55699516276,True,79,False,1.6661641463579548,1.7798939166344685,-2.26734625873779,2015,False,,
matern52,15,54500.71726636407,True,109,False,1.6589774165900335,1.7839527888190168,-2.2583525770012822,2015,True,,
matern52,16,54501.54421674869,True,133,False,1.6450407212490639,1.779315488310972,-2.25075427735887,2015,False,,
matern52,17,54501.29192671426,True,139,False,1.655917560732987,1.779134677338205,-2.2677233991746895,2015,False,,
matern52,18,54500.99507102628,True,109,False,1.6478988012134717,1.7793740991832125,-2.257316209576632,2015,True,,
matern52,19,54501.03911621601,True,161,False,1.6572740567875759,1.7857495722347458,-2.259709401767965,2015,True,,
periodic,0,62698.85398492529,True,97,False,1.6606730994771837,0.11512925464970253,-1.6476254034239763,2015,False,,
periodic,1,62698.976671485645,True,109,False,1.6617835141530954,0.11146184051851256,-1.6676655288728137,2015,False,,
periodic,2,62698.097851402315,True,121,False,1.6474542367439182,0.1029849267024564,-1.664008664293682,2015,True,,
periodic,3,62697.759646832536,True,121,False,1.6527486134875993,0.10964762153371113,-1.6579016290077278,2015,True,,
periodic,4,62699.00609150243,True,115,False,1.6426841534381673,0.109560968120073,-1.646004223992374,2015,False,,
periodic,5,62699.54246804301,True,121,False,1.6458258930519,0.10005021928520302,-1.6740634266279544,2015,False,,
periodic,6,62698.55988658614,True,108,False,1.6426841534381675,0.11137344755534896,-1.6487513524019808,2015,False,,
periodic,7,62697.928029933566,True,121,False,1.6578406064680822,0.11115233751468404,-1.6583300213636543,2015,True,,
periodic,8,62697.94600733496,True,151,False,1.6478254210798224,0.10759937707984708,-1.6537791973879492,2015,True,,
periodic,9,62698.41449245253,True,121,False,1.6559546889796646,0.1079221626257481,-1.667073215074932,2015,False,,
periodic,10,62697.88701155338,True,127,False,1.6471520220336693,0.10802645431817642,-1.662892050304621,2015,True,,
periodic,11,62697.96271490514,True,121,False,1.657039640435505,0.10842259277247734,-1.6572231119151684,2015,True,,
periodic,12,62697.87920999127,True,97,False,1.6408540088000305,0.10532911858513327,-1.6579003622930755,2015,True,,
periodic,13,62698.900063656474,True,207,False,1.6391647849316913,0.10768346351663045,-1.6476254034239786,2015,False,,
periodic,14,62698.64353545944,True,121,False,1.6513588878098577,0.10228337082113349,-1.668433046778872,2015,False,,
periodic,15,62698.56248136035,True,139,False,1.656159902995572,0.10526900876927182,-1.6678704972818617,2015,False,,
periodic,16,62698.360377680365,True,139,False,1.6442244904744483,0.10239156826242893,-1.6674491622500016,2015,True,,
periodic,17,62709.63927737676,False,240,False,1.6302499784678535,0.07989552328399316,-1.6929649588568716,2015,False,,
periodic,18,62697.81449558952,True,138,False,1.6426841534381673,0.10800247200251303,-1.6572404330457753,2015,True,,
periodic,19,62698.77499372924,True,133,False,1.6422029590284586,0.09980480033879142,-1.6690865737917908,2015,False,,
locally_periodic,0,53554.862747884785,True,165,True,1.7506178296722636,2.302585092994046,2.096796322848515,2015,False,-2.4183978457830753,
locally_periodic,1,75993.83593508351,False,240,False,1.229662907579267,-0.8062605363799094,3.345451473705113,2015,False,-3.5065471761723996,
locally_periodic,2,53584.580000478665,False,240,True,1.8300418527812177,2.302585092994046,2.145456831467728,2015,False,-2.4183978457830735,
locally_periodic,3,53553.31270274056,True,221,True,1.7306221001983886,2.302585092994046,2.085301018760869,2015,False,-2.4183978457830735,
locally_periodic,4,53553.48892676718,True,165,True,1.7001831096043352,2.302585092994046,2.072082497105092,2015,False,-2.4256151971481255,
locally_periodic,5,53553.29809550614,True,182,True,1.7310401927416952,2.302585092994046,2.0888260722360554,2015,False,-2.4183978457830735,
locally_periodic,6,53553.19960538565,True,205,True,1.7131288097895863,2.302585092994046,2.080991588648632,2015,False,-2.4183978457830735,
locally_periodic,7,54325.779461941915,False,240,False,1.635856531711184,0.5433978509606078,2.2693228591143857,2015,False,-2.301577621598089,
locally_periodic,8,53552.58510138988,True,240,True,1.7259297239569085,2.3025850929940455,2.082188437419635,2015,True,-2.4266355839685048,
locally_periodic,9,53552.8911099759,True,181,True,1.7310869787080954,2.302585092994046,2.086235745256667,2015,True,-2.4226989180932788,
locally_periodic,10,53552.743977353144,True,174,True,1.729908040396132,2.302585092994046,2.081676084659673,2015,True,-2.4305018472677875,
locally_periodic,11,53553.29338982252,True,181,True,1.7403150575569526,2.302585092994046,2.089628636827035,2015,False,-2.430944733035584,
locally_periodic,12,53654.99455888443,False,240,True,1.7879917613559777,2.302585092994046,2.031077630698168,2015,False,-2.5026185924960385,
locally_periodic,13,53555.45365429403,False,240,True,1.7180879285886286,2.302585092994046,2.072030111460049,2015,False,-2.454964948489328,
locally_periodic,14,53553.594288721586,True,167,True,1.7015408222373576,2.302585092994046,2.0694327735574336,2015,False,-2.4385175965246493,
locally_periodic,15,53553.13319319207,True,221,True,1.719089447965992,2.302585092994046,2.0822196245358424,2015,False,-2.438597732311386,
locally_periodic,16,53552.62166443587,True,205,True,1.7237120173349056,2.302585092994046,2.084752332223344,2015,True,-2.4252760055769005,
locally_periodic,17,53617.26237885932,False,240,False,1.6634823291836787,2.1625161699614814,2.0310776306981686,2015,False,-2.3732536375310045,
locally_periodic,18,53553.16730111223,True,196,True,1.728384419136068,2.302585092994046,2.086695092393652,2015,False,-2.4183978457830735,
locally_periodic,19,53554.57080983516,True,154,True,1.6945658626077325,2.302585092994046,2.072135146597984,2015,False,-2.418397845783074,
additive,0,52809.43280214227,False,240,False,1.4987725851260398,1.2952041148091518,0.7432368514873687,2015,False,1.636765477796084,-2.5090769566488516
additive,1,52817.55623825075,False,240,False,1.4730024813949354,1.4103333694588533,0.7904139799471221,2015,False,1.669475930116809,-2.4914017379738973
additive,2,53560.20122351321,False,240,True,-3.6460659820325296,2.302585092994046,1.8006403002913647,2015,False,2.0902153693286665,-2.3879830399306696
additive,3,52816.96862419315,False,240,False,1.5015224043092947,1.2664218011467256,0.6804179881319645,2015,False,1.6097160020675627,-2.559819675015972
additive,4,52822.17539644975,False,240,False,1.6247320520288997,1.151292546497023,0.5086941478466962,2015,False,1.5426178438861182,-2.5090769566488498
additive,5,52839.9983836241,False,240,False,1.6428750237349625,1.1143486724795237,0.43174364479883764,2015,False,1.4942857458471144,-2.546965172958603
additive,6,52919.59277930217,False,240,True,1.2241071810453694,2.302585092994046,1.1030157722676885,2015,False,1.8041976491273237,-2.540597518638713
additive,7,52820.01217595508,False,240,False,1.603571339721673,1.1792852679616252,0.5877490381917261,2015,False,1.6002052358546808,-2.5090769566488498
additive,8,52910.80853414976,False,240,False,1.3380396963753365,2.0723265836946405,1.032496704512006,2015,False,1.7093971531082215,-2.5815842319422377
additive,9,53210.39717675718,False,240,False,-1.4615085407533264,-0.7723421493457501,1.7433378207204702,2015,False,2.3588211024162065,-2.462302334098832
additive,10,53469.900425395484,False,240,False,-2.1117566189731716,-1.9023066481682918,1.7393878453290337,2015,False,2.1890955008101196,-5.237317722492583
additive,11,52817.63016561113,False,240,False,1.5589563464679101,1.199404225312487,0.5674151630436728,2015,False,1.5836929216430746,-2.5042627237453807
additive,12,52843.71564791049,False,240,False,1.5896542883636617,1.0937279191721723,0.42822692203854607,2015,False,1.496026188053395,-2.558177476189388
additive,13,52850.4985912516,False,240,False,1.3908389088919448,1.6118095650958326,0.9537453755356629,2015,False,1.7288719906789376,-2.5345878298138
additive,14,52885.566777151325,False,240,False,1.703123936254863,1.0361632918473211,0.3626762334705435,2015,False,1.520469237570239,-2.4730850360597407
additive,15,52811.22062669281,False,240,False,1.5669554038839848,1.202788761890867,0.6322389748205567,2015,False,1.582366278831397,-2.541055066972194
additive,16,52816.168603862534,False,240,False,1.5191404932475696,1.1861926579752573,0.569368464547882,2015,False,1.5726569547445433,-2.505137967093229
additive,17,52857.69098484243,False,240,False,1.3781289104062013,1.4966803104461301,0.9628731618620111,2015,False,1.7315838930466725,-2.451951415572578
additive,18,53037.85194136051,False,240,False,1.2339378490000814,1.7638922499147107,1.2482626935217929,2015,False,1.8764564691875283,-2.353643720285412
additive,19,52807.905013117655,False,240,False,1.5268706004655144,1.2376394874843,0.6532863390286278,2015,True,1.6043352834758962,-2.5228197861119783
se,0,58066.84848121049,True,115,False,1.5731073659068942,1.3738907091946948,-2.0533024056951796,2016,True,,
se,1,58068.13122259217,False,240,False,1.5624397460290411,1.3669902548099138,-2.0533024056951854,2016,False,,
se,2,58067.04531919451,True,163,False,1.5751685132015243,1.3792357551398846,-2.0395487669399155,2016,True,,
se,3,58068.06850220596,True,121,False,1.5781681446148939,1.3821503613499615,-2.034773502616742,2016,False,,
se,4,58066.74957436988,True,103,False,1.569539289567605,1.3747887533192196,-2.042038651504479,2016,True,,
se,5,58067.576795728535,True,115,False,1.5725870484625528,1.3713226961565255,-2.0578886716025835,2016,False,,
se,6,58066.9247556653,False,240,False,1.558220175644545,1.3746213535232097,-2.0533024056951854,2016,True,,
se,7,58066.66357465176,True,161,False,1.5675241820813566,1.3747744219086622,-2.053302405695177,2016,True,,
se,8,58067.42425825594,True,127,False,1.5759701684795788,1.3797673907893766,-2.036831084515042,2016,False,,
se,9,58067.732330762316,True,133,False,1.5622475122873334,1.369121402019871,-2.0586396325535095,2016,False,,
se,10,58067.825836567616,False,240,False,1.5497230774691597,1.3690656223922841,-2.0533024056951854,2016,False,,
se,11,58067.13522361082,True,171,False,1.5551184198678782,1.37105614471378,-2.053302405695177,2016,False,,
se,12,58066.51112924215,True,103,False,1.5606386448001475,1.3756525871173726,-2.0476263336789158,2016,True,,
se,13,58066.84412385123,True,127,False,1.5707363643935033,1.3793649092029965,-2.04802092957071,2016,True,,
se,14,58066.661982922684,True,120,False,1.5731073659068942,1.3740645331965837,-2.049228504138555,2016,True,,
se,15,58067.084576396446,True,127,False,1.5690998815082597,1.3737717763412363,-2.0567872770095543,2016,True,,
se,16,58067.949724109436,True,121,False,1.5608534864589616,1.3704591889686288,-2.061266995061101,2016,False,,
se,17,58067.15973545942,True,115,False,1.555833735565115,1.3746637003640412,-2.0401278768178694,2016,False,,
se,18,58067.274552524636,True,115,False,1.5705926946562336,1.3794319950965026,-2.036441248831263,2016,False,,
se,19,58066.675549566986,True,132,False,1.573107365906894,1.3742046107263446,-2.0506183891356686,2016,True,,
matern32,0,54194.871596622834,True,91,False,1.735007880258038,2.0803666498109283,-2.4386886268747294,2016,True,,
matern32,1,54195.08115961494,True,133,False,1.733582729404398,2.077617599914191,-2.4491847236915167,2016,True,,
matern32,2,54194.98945224365,True,149,False,1.740408869056161,2.08110728148179,-2.4386886268747268,2016,True,,
matern32,3,54195.2377210103,True,109,False,1.7193272946490978,2.069750115628026,-2.452912623464517,2016,False,,
matern32,4,54195.22494767667,True,121,False,1.7176015560708326,2.0649806273488487,-2.4486385391988406,2016,False,,
matern32,5,54194.8953315363,True,115,False,1.7234093402226145,2.0749177433963917,-2.4464121695957646,2016,True,,
matern32,6,54195.25250737765,True,109,False,1.7282444683837537,2.0760041913812763,-2.4296246177659113,2016,False,,
matern32,7,54194.61261989212,True,187,False,1.7216836303314331,2.0706141300681984,-2.443815191784709,2016,True,,
matern32,8,54195.09088566852,True,139,False,1.7257529631393491,2.0743366832974455,-2.450730806833647,2016,True,,
matern32,9,54195.0643645101,True,133,False,1.7371955678864188,2.0761684051207707,-2.4359919920286845,2016,True,,
matern32,10,54195.85797573638,True,115,False,1.7119372700212128,2.0618995699696687,-2.453168458925772,2016,False,,
matern32,11,54195.12098340466,True,115,False,1.7299524650340043,2.077156774834222,-2.449102370661596,2016,True,,
matern32,12,54194.866328975775,True,139,False,1.7326032345334008,2.0732461206110058,-2.4487536891049038,2016,True,,
matern32,13,54194.840249263216,True,121,False,1.7202025134008299,2.0749069788603736,-2.4400745565730526,2016,True,,
matern32,14,54195.837139291034,True,121,False,1.7253040094881462,2.0659490170308223,-2.4559941649129713,2016,False,,
matern32,15,54194.79849853338,True,155,False,1.7213383367142872,2.069737559274616,-2.4386886268747268,2016,True,,
matern32,16,54194.69563102184,True,115,False,1.7203323157982446,2.073255242319932,-2.4424570294152774,2016,True,,
matern32,17,54194.73044456275,True,121,False,1.7205246576290163,2.0737506561085612,-2.437589222889699,2016,True,,
matern32,18,54194.86936293093,True,109,False,1.7367589692644252,2.0757269179142006,-2.4394038731267464,2016,True,,
matern32,19,54195.04295118859,True,184,False,1.7417551083217289,2.0811999087118576,-2.4386886268747303,2016,True,,
matern52,0,55180.70088213187,True,127,False,1.6450631500629584,1.7764176986155717,-2.257330405143177,2016,False,,
matern52,1,55180.20084058024,True,115,False,1.6673721016319523,1.778354969333984,-2.270625151251788,2016,True,,
matern52,2,55181.125574838225,True,121,False,1.6440361537829042,1.7722409944774697,-2.2766073396247637,2016,False,,
matern52,3,55180.00947262747,True,151,False,1.6511811517139416,1.7804588423497125,-2.263741692355667,2016,True,,
matern52,4,55179.89150272646,True,121,False,1.654152617538307,1.7764176986155717,-2.265722527563357,2016,True,,
matern52,5,55180.29125840387,True,115,False,1.6542489152259747,1.7783358306508823,-2.2737431828561663,2016,True,,
matern52,6,55180.521958407495,True,157,False,1.6621215840529682,1.785830252600404,-2.25419209236186,2016,False,,
matern52,7,55180.40146358927,True,133,False,1.6635771796673053,1.7763960908708063,-2.2737713573726834,2016,False,,
matern52,8,55180.3471311281,True,121,False,1.6581347907460433,1.7807823190348864,-2.2548895292273414,2016,True,,
matern52,9,55181.17749894047,True,115,False,1.6818922266880185,1.7889503846584065,-2.2668027483782796,2016,False,,
matern52,10,55180.89905284846,True,109,False,1.6416306425252576,1.7717185278269425,-2.264554674826885,2016,False,,
matern52,11,55179.876553086375,True,133,False,1.6555579032298011,1.7810857747992153,-2.266402509405866,2016,True,,
matern52,12,55179.82394178561,True,121,False,1.662014853914955,1.7783868525797926,-2.2671591165386413,2016,True,,
matern52,13,55180.157239371474,True,127,False,1.6583585842563184,1.7753860459733077,-2.2711843268793857,2016,True,,
matern52,14,55180.719446218405,True,109,False,1.6431218495430486,1.772878477030416,-2.272110003925026,2016,False,,
matern52,15,55179.9700839205,True,145,False,1.6666043433877262,1.7791894364883651,-2.2663617952292583,2016,True,,
matern52,16,55180.41662851777,True,121,False,1.6488051691972236,1.7797657340628528,-2.2569386261913302,2016,False,,
matern52,17,55180.012759854486,True,121,False,1.6589921817225888,1.7820609237170146,-2.257597291449854,2016,True,,
matern52,18,55180.26555607167,True,133,False,1.6744664546994197,1.7854567559788561,-2.265485608473449,2016,True,,
matern52,19,55180.027210052824,True,157,False,1.6614272481766643,1.7845544935848037,-2.2595087317214846,2016,True,,
periodic,0,63517.42960303304,True,109,False,1.663052096101974,0.10793367623409614,-1.66791618451563,2016,False,,
periodic,1,63517.10544681945,True,127,False,1.6599115094121577,0.1097235927326154,-1.6631690582032141,2016,True,,
periodic,2,63516.77357578471,True,133,False,1.6465938649333896,0.1055607036392282,-1.6620246089680264,2016,True,,
periodic,3,63517.031883640455,True,240,False,1.6555036063662585,0.1035324553052064,-1.6679161845156307,2016,True,,
periodic,4,63518.02933409892,True,133,False,1.6556169829355971,0.11116807828174563,-1.6498410347538897,2016,False,,
periodic,5,63517.34057805974,True,133,False,1.6399427294646214,0.10163030351916842,-1.6574223753463282,2016,True,,
periodic,6,63516.82720987973,True,109,False,1.6486445914583057,0.10531371204824835,-1.6657890775877715,2016,True,,
periodic,7,63516.92109340966,True,178,False,1.6460147596104906,0.10263351660415707,-1.6679161845156272,2016,True,,
periodic,8,63517.86339986657,True,121,False,1.6399728448756636,0.10617180385853703,-1.6520852349975566,2016,False,,
periodic,9,63518.41705537937,True,121,False,1.6324522657471878,0.0943498194135259,-1.6745985709060256,2016,False,,
periodic,10,63516.76269119202,True,145,False,1.6520336225619217,0.10453280644632641,-1.6625733920028527,2016,True,,
periodic,11,63517.07134047203,True,121,False,1.648534941345376,0.10940854571115555,-1.6585642589807954,2016,True,,
periodic,12,63518.58706434194,True,133,False,1.6654689641946916,0.11512925464970208,-1.649621178973089,2016,False,,
periodic,13,63517.09132681198,True,121,False,1.6582550584082643,0.10833111964706747,-1.6658437222042517,2016,True,,
periodic,14,63518.55539481713,True,127,False,1.6510152129455535,0.09696568607957612,-1.6777925731547658,2016,False,,
periodic,15,63517.077970994855,True,145,False,1.6397138242356377,0.10181876930311123,-1.6601508305447774,2016,True,,
periodic,16,63517.88353355056,True,157,False,1.6564633225215686,0.10251433759125508,-1.674613830195779,2016,False,,
periodic,17,63517.496755191474,True,127,False,1.6535631184688715,0.10119852330377119,-1.672530527524385,2016,False,,
periodic,18,63517.34669407435,True,121,False,1.6536588107399384,0.11156583433700562,-1.6556713331112765,2016,True,,
periodic,19,63517.68886528422,True,139,False,1.6526685147996336,0.0990012659321953,-1.6729016723146826,2016,False,,
locally_periodic,0,54213.457211194895,True,186,True,1.717018934219022,2.302585092994046,2.080366649810928,2016,True,-2.4386886268747294,
locally_periodic,1,54345.611259869984,False,240,False,1.9628783416143263,1.9571973290449391,2.189381390107375,2016,False,-2.416018849158286,
locally_periodic,2,54698.32859025753,False,240,False,1.6026786251327787,0.7629012415341858,2.162515014998862,2016,False,-2.416018849158286,
locally_periodic,3,54306.616226248545,False,240,False,1.6967278526252534,1.5542449377709804,2.0967963228485162,2016,False,-2.357379915300857,
locally_periodic,4,54218.465784935106,True,240,True,1.6871989037169322,2.3025850929940455,2.0569764112230877,2016,False,-2.4613380480244245,
locally_periodic,5,54214.32819996512,True,185,True,1.7168746044725636,2.302585092994046,2.082213044406133,2016,False,-2.422602832789832,
locally_periodic,6,55680.20400268221,False,240,False,1.648781143008483,0.2760612242767344,2.885420628652682,2016,False,-2.234660627426733,
locally_periodic,7,54213.479956243726,True,150,True,1.7140004509123394,2.302585092994046,2.075916733204523,2016,True,-2.4322092211337476,
locally_periodic,8,54213.39053044323,True,157,True,1.7202443091628765,2.302585092994046,2.0814137304823035,2016,True,-2.4386886268747294,
locally_periodic,9,54213.604260726286,True,152,True,1.7078845157174012,2.302585092994046,2.0739030167010593,2016,True,-2.4398085228339728,
locally_periodic,10,54213.322702393096,True,238,True,1.724778303262817,2.302585092994046,2.0830726853814596,2016,True,-2.433829416118084,
locally_periodic,11,54213.66997647281,True,238,True,1.7368829627721254,2.302585092994046,2.0827595759292947,2016,True,-2.4386886268747303,
locally_periodic,12,54213.97529402418,True,233,True,1.7043298119191042,2.302585092994046,2.0709292842169233,2016,False,-2.434561478095041,
locally_periodic,13,54213.69869906954,True,215,True,1.706297567962827,2.302585092994046,2.072822672950503,2016,True,-2.4363292934548193,
locally_periodic,14,54213.547353723145,True,158,True,1.726100765461034,2.302585092994046,2.083075240679791,2016,True,-2.4420183034555456,
locally_periodic,15,54213.30641085796,True,197,True,1.7145955242688609,2.302585092994046,2.077308477682086,2016,True,-2.4353294201906652,
locally_periodic,16,54213.78433040524,True,199,True,1.7184122950048035,2.3025850929940455,2.079027428468006,2016,True,-2.4266420701408475,
locally_periodic,17,54213.81079373794,True,220,True,1.70986025525899,2.302585092994046,2.07251526804613,2016,True,-2.4462572791131,
locally_periodic,18,54214.551981660254,True,160,True,1.746767858608364,2.302585092994046,2.091045607331809,2016,False,-2.4315484268496985,
locally_periodic,19,54214.056181828855,True,197,True,1.74213767509364,2.302585092994046,2.0882023679943953,2016,False,-2.4386886268747268,
additive,0,53460.589544300674,False,240,False,1.50115158175083,1.2952041148091518,0.7456158481121593,2016,True,1.636765477796084,-2.5066979600240615
additive,1,53466.60275953129,False,240,False,1.5841742632231621,1.1490009111490158,0.5433174628253157,2016,False,1.5539937702156013,-2.5303715627232637
additive,2,53464.761179112356,False,240,False,1.5216857676660362,1.180948656769553,0.6017042798000313,2016,False,1.5954861213819715,-2.515368787493084
additive,3,53781.286125817845,False,240,False,1.7609558694675436,0.9785986645224694,-0.04187371034983289,2016,False,1.2394767079477647,-2.597377070889835
additive,4,53854.20804349169,False,240,False,1.7494103771849425,0.925620958246552,-0.13530241038677945,2016,False,1.2570755627188366,-2.597377070889835
additive,5,53491.420757221356,False,240,False,1.4928820731544692,1.2205989175551155,0.656260236396729,2016,False,1.5554579002541833,-2.597377070889835
additive,6,53737.799755354776,False,240,False,1.6810410421409903,0.9210340371976182,-0.011620924749734335,2016,False,1.292123235103785,-2.597377070889835
additive,7,53463.670744954274,False,240,False,1.587151676099848,1.1800748601594488,0.5666447332689157,2016,False,1.5595835339062867,-2.538088600915237
additive,8,54093.36698109402,True,181,False,-2.7874981793107945,-1.726377683631983,1.7446214314586659,2016,False,2.1492956357700796,-2.909837772468972
additive,9,53463.44549019572,False,240,False,1.5885753055394816,1.1710519739447285,0.5664924197812763,2016,False,1.5629203672481018,-2.5305441169360363
additive,10,54259.01266001702,False,240,True,-2.7802175755349725,2.302585092994046,1.898866979486754,2016,False,2.1581964959758198,-2.379169274696444
additive,11,53996.89323513386,False,240,False,-0.621544050853056,-0.5468639595860861,1.683040929504444,2016,False,2.5083150164214723,-2.3514965282678326
additive,12,53869.91310745606,False,240,False,-1.2501472698992253,-0.71620306885625,1.7298247039637262,2016,False,2.3815775995330037,-2.432042726620904
additive,13,53950.45937297749,False,240,False,-0.7654556191651837,-0.5756462732485117,1.6902407105685213,2016,False,2.4427870023145855,-2.428984555735458
additive,14,54101.04924259743,False,240,False,-2.744239683456941,-1.8708503880576608,1.7126017815066674,2016,False,2.119732481648337,-3.1414517360844965
additive,15,54102.5780525312,False,240,False,-2.6037510743167505,-1.8171691299697628,1.7673463243806962,2016,False,2.16793539983462,-3.1593642323668725
additive,16,53465.53798883567,False,240,False,1.500397459640136,1.180074860159449,0.6317933207452517,2016,False,1.5720010860282592,-2.540963993509939
additive,17,53472.36668429789,False,240,False,1.609085257984926,1.165683703328236,0.5103568486468868,2016,False,1.5327049604408416,-2.547512486021401
additive,18,53541.45205878299,False,240,False,1.3932179055167346,2.129891211019492,0.9727333954638738,2016,False,1.7229491700723274,-2.457732254899907
additive,19,53533.17573424038,False,240,False,1.2493063372046065,2.245020465669195,1.0508272509241376,2016,False,1.7569634443968676,-2.506697960024059
se,0,58720.15994924709,True,115,False,1.5736392589925745,1.3738907091946948,-2.0527705126094995,2017,True,,
se,1,58721.14771441804,True,133,False,1.5603771257783718,1.3785285196751016,-2.0403204698382336,2017,False,,
se,2,58720.20038653564,True,103,False,1.5773753090203868,1.3772534739046034,-2.0541290243864476,2017,True,,
se,3,58720.42135459877,True,121,False,1.5697739113652551,1.3749858120155245,-2.0615979563631726,2017,True,,
se,4,58720.18735565082,True,109,False,1.5748599961915748,1.377263391512024,-2.0563998059564335,2017,True,,
se,5,58720.86240798291,True,103,False,1.5693682185228548,1.3813776027146132,-2.0433030916959845,2017,False,,
se,6,58720.07737909387,True,79,False,1.5662673718373914,1.3757954264769003,-2.0470270897840592,2017,True,,
se,7,58720.908234090195,True,115,False,1.5614733657853608,1.3803211635248653,-2.0436250222085715,2017,False,,
se,8,58720.20597258372,True,132,False,1.573639258992574,1.3752106357742853,-2.0586330066329936,2017,True,,
se,9,58720.61044001291,True,240,False,1.5767683369661663,1.3806148539073928,-2.0527705126095066,2017,False,,
se,10,58721.09876832647,True,133,False,1.5556503129535582,1.3737363012163741,-2.0434636682097005,2017,False,,
se,11,58720.37123971714,True,121,False,1.5582550840176135,1.3766750199936242,-2.0464532894550844,2017,True,,
se,12,58719.95442908786,True,155,False,1.5604062989500285,1.3737461410025775,-2.0527705126094973,2017,True,,
se,13,58720.72764289625,True,138,False,1.555650312953558,1.3699225701683198,-2.0539370191331874,2017,False,,
se,14,58719.84099695476,True,126,False,1.5638980539737284,1.3761005398293726,-2.0527705126094977,2017,True,,
se,15,58764.93517963612,False,240,False,1.6853675187230173,1.388575369476264,-2.0527705126095066,2017,False,,
se,16,58720.4349597332,True,115,False,1.5681113473678865,1.37182900257213,-2.061138029102833,2017,False,,
se,17,58720.02455590174,True,166,False,1.5736392589925738,1.3749085014764033,-2.0527705126094973,2017,True,,
se,18,58720.001044078715,True,166,False,1.573639258992574,1.3751674786972798,-2.0527705126094973,2017,True,,
se,19,58720.537026720034,True,127,False,1.5653556913489841,1.373395091988522,-2.062964455969681,2017,False,,
matern32,0,54789.59582040318,True,91,False,1.7535287193827342,2.0885814863297214,-2.438156733789049,2017,False,,
matern32,1,54788.082973436656,True,121,False,1.7151636954553737,2.067412927466854,-2.447542781341535,2017,True,,
matern32,2,54788.57695439999,True,194,False,1.720237382960247,2.0779297558297056,-2.4381567337890515,2017,False,,
matern32,3,54787.768840243,True,121,False,1.7310023208912497,2.078606283089756,-2.447216902618703,2017,True,,
matern32,4,54787.917909305426,True,145,False,1.7216036728980308,2.0760922521786895,-2.445816527022703,2017,True,,
matern32,5,54788.086597398666,True,133,False,1.7282731394099429,2.070537912588071,-2.457992231513744,2017,True,,
matern32,6,54788.08507416655,True,157,False,1.7231782575065582,2.0755781028680733,-2.4543629578588875,2017,True,,
matern32,7,54787.781072483034,True,139,False,1.7188630004239227,2.0707423066986577,-2.4471251334991986,2017,True,,
matern32,8,54788.06798939788,True,151,False,1.733574538536514,2.0798347769698298,-2.452504169444894,2017,True,,
matern32,9,54787.899447851116,True,115,False,1.7307923444801103,2.073575488863003,-2.445087382925638,2017,True,,
matern32,10,54787.810445923045,True,145,False,1.7197683512896624,2.069247815632385,-2.452306592046198,2017,True,,
matern32,11,54788.58790705783,True,144,False,1.7205184959618065,2.065747367681398,-2.4608265115054913,2017,False,,
matern32,12,54788.51614905139,True,155,False,1.7374222618557074,2.0746116454108128,-2.4608265115054913,2017,False,,
matern32,13,54788.45954093388,True,161,False,1.7164962985593741,2.067335070506458,-2.4608265115054913,2017,False,,
matern32,14,54788.290178973504,True,173,False,1.723500671586232,2.0712993658895686,-2.4608265115054913,2017,True,,
matern32,15,54788.647816805504,True,109,False,1.7369498146680875,2.0731554137208836,-2.4615189308659047,2017,False,,
matern32,16,54788.30256848983,True,155,False,1.7286809617980319,2.070905850868309,-2.4608265115054913,2017,True,,
matern32,17,54787.937917985924,True,115,False,1.7159761825751465,2.0721624411235644,-2.4492564971611634,2017,True,,
matern32,18,54787.816158481684,True,157,False,1.7240601293342863,2.0701016394675613,-2.4540704790275223,2017,True,,
matern32,19,54787.869700185845,True,157,False,1.7307503723268525,2.072985133384241,-2.4468840254514213,2017,True,,
matern52,0,55787.05955012945,True,121,False,1.6635839891876547,1.7764176986155717,-2.2794682897739404,2017,True,,
matern52,1,55787.07684233248,True,127,False,1.650584843984698,1.7759364528607873,-2.2666982032378686,2017,True,,
matern52,2,55786.758660473024,True,103,False,1.6631630196444724,1.7845403030558529,-2.2722328234723537,2017,True,,
matern52,3,55787.06684879329,True,184,False,1.6515564681823833,1.7783540100474418,-2.279468289773943,2017,True,,
matern52,4,55786.813456897304,True,115,False,1.6677019474055381,1.7838629723505972,-2.2755663649811853,2017,True,,
matern52,5,55787.0316079139,True,167,False,1.661428010370445,1.7758343665736662,-2.2794682897739387,2017,True,,
matern52,6,55786.74733269015,True,109,False,1.6705306394114987,1.7847372191196538,-2.269837564881467,2017,True,,
matern52,7,55786.87426161238,True,173,False,1.6559791695078176,1.7788154563992171,-2.2794682897739387,2017,True,,
matern52,8,55787.71056927669,True,161,False,1.6762749490817255,1.7858299154968817,-2.2794682897739387,2017,False,,
matern52,9,55787.043105757526,True,139,False,1.6710397461634736,1.7841294813380006,-2.264359537591858,2017,True,,
matern52,10,55786.62083227506,True,115,False,1.6580604835395494,1.7826044847695866,-2.2681659365517253,2017,True,,
matern52,11,55786.957406143556,True,173,False,1.6611873636236743,1.7762943177531736,-2.2794682897739387,2017,True,,
matern52,12,55788.179883916935,True,127,False,1.6715412799991716,1.7904666447946445,-2.258400597747034,2017,False,,
matern52,13,55786.949195759706,True,121,False,1.652362729357524,1.777331708810661,-2.2659112548685227,2017,True,,
matern52,14,55787.39715326857,True,127,False,1.667287617168706,1.7817289015755169,-2.2825615816647353,2017,False,,
matern52,15,55786.54003648446,True,133,False,1.6648470138510223,1.780926699071029,-2.269663122822644,2017,True,,
matern52,16,55786.811927144576,True,148,False,1.6579125024983932,1.7773181177623982,-2.2794682897739387,2017,True,,
matern52,17,55786.92656344209,True,207,False,1.6617259241157227,1.781195360459067,-2.279468289773943,2017,True,,
matern52,18,55787.07913321192,True,132,False,1.6589086760546756,1.7816139109328135,-2.2794682897739422,2017,True,,
matern52,19,55786.85547527457,True,179,False,1.6611313645650532,1.7803285107985536,-2.2794682897739387,2017,True,,
periodic,0,64267.69578177515,True,109,False,1.6455950431486384,0.10073809781848975,-1.6673842914299497,2017,True,,
periodic,1,64267.81735007932,True,161,False,1.6400508007656724,0.10013978389210093,-1.6673842914299477,2017,True,,
periodic,2,64267.936530135834,True,145,False,1.6490277864881937,0.10643383007385288,-1.6730713465036833,2017,True,,
periodic,3,64267.89124614873,True,109,False,1.6409792642752825,0.09885439854425149,-1.6711233937362349,2017,True,,
periodic,4,64267.51894425263,True,133,False,1.6497892944087535,0.10494025720820373,-1.6649027259998999,2017,True,,
periodic,5,64268.32158100199,True,157,False,1.639300805983069,0.1007380978184893,-1.6765143741106072,2017,False,,
periodic,6,64267.53773137522,True,127,False,1.6453266953261179,0.1046162076819104,-1.6658449361803855,2017,True,,
periodic,7,64267.759175435844,True,145,False,1.6460687315720082,0.10827234245921719,-1.664531137603428,2017,True,,
periodic,8,64272.90542539848,False,240,False,1.6543432943961047,0.10771731270302076,-1.690054069146401,2017,False,,
periodic,9,64268.01966064409,True,115,False,1.6412101142660767,0.1065529924677702,-1.6609471483716631,2017,True,,
periodic,10,64267.55109620208,True,133,False,1.6542559855706476,0.1043220357870017,-1.6683722508543453,2017,True,,
periodic,11,64286.26302459301,False,240,False,1.5703117864892997,0.08579316334719345,-1.690054069146401,2017,False,,
periodic,12,64268.7611096558,True,150,False,1.6635839891876538,0.11214854548629746,-1.6558952964920088,2017,False,,
periodic,13,64267.65518572714,True,139,False,1.643371260410529,0.10586200793321127,-1.6658855076473622,2017,True,,
periodic,14,64268.22484502501,True,151,False,1.6455950431486384,0.09810711675516054,-1.6760954411647375,2017,False,,
periodic,15,64268.13276150053,True,109,False,1.6416072837573976,0.10621742989504848,-1.659441579343556,2017,True,,
periodic,16,64268.739790020074,True,121,False,1.660471281056142,0.11284080582046715,-1.6553938360858746,2017,False,,
periodic,17,64268.25360372358,True,133,False,1.6459507723603437,0.09779129795984098,-1.6759571780396612,2017,False,,
periodic,18,64269.039713787315,True,127,False,1.6536609665372306,0.09833297103614702,-1.680726046658184,2017,False,,
periodic,19,64275.18470262547,False,240,False,1.6680233695802456,0.11423389878573129,-1.690054069146401,2017,False,,
locally_periodic,0,54806.66264753675,True,200,True,1.7175508273047022,2.302585092994046,2.080366649810928,2017,True,-2.438156733789049,
locally_periodic,1,54806.823494319775,True,204,True,1.7235674920280715,2.302585092994046,2.0782642026979223,2017,True,-2.438156733789047,
locally_periodic,2,54806.746973728405,True,156,True,1.7130211756473284,2.302585092994046,2.0779593744875196,2017,True,-2.4481327198801686,
locally_periodic,3,54807.37980928376,True,188,True,1.7082035598936884,2.302585092994046,2.0738754244108715,2017,False,-2.4356225540236367,
locally_periodic,4,54807.00365918869,True,224,True,1.7061188226764874,2.302585092994046,2.071541042394099,2017,True,-2.4472268737990404,
locally_periodic,5,54807.055184921264,True,144,True,1.72364950504435,2.302585092994046,2.079476395447516,2017,True,-2.4559448112353306,
locally_periodic,6,54806.783048775134,True,165,True,1.7143664374679313,2.302585092994046,2.0798767780883924,2017,True,-2.4462157397644004,
locally_periodic,7,54813.56768851017,False,240,True,1.753528719382733,2.302585092994046,2.0739647816778417,2017,False,-2.4593895697838417,
locally_periodic,8,54806.6694692079,True,238,True,1.7152700900226208,2.302585092994046,2.0739385951435647,2017,True,-2.4452460816292216,
locally_periodic,9,54806.81454261717,False,240,True,1.7292059241668043,2.302585092994046,2.081072065293464,2017,True,-2.4381567337890515,
locally_periodic,10,54809.992128471575,False,240,True,1.7171795519905988,2.302585092994046,2.0636045965965826,2017,False,-2.4510293578668416,
locally_periodic,11,54830.75072095766,False,240,False,1.7358039546909056,1.9571973290449391,2.0891413959102247,2017,False,-2.4154869560726073,
locally_periodic,12,55097.692789148976,False,240,False,1.6031222514348102,1.0988291875191865,2.1625150149988634,2017,False,-2.415486956072603,
locally_periodic,13,54863.62843508625,False,240,False,1.6001437349296,2.1871075065558703,2.0310776306981677,2017,False,-2.5075702863904246,
locally_periodic,14,54809.0094442689,False,240,True,1.7192298169505191,2.302585092994046,2.0774175158112387,2017,False,-2.466652444879936,
locally_periodic,15,54807.562038796794,True,153,True,1.7310305581007244,2.302585092994046,2.078579522358241,2017,False,-2.459165207894972,
locally_periodic,16,56126.09362604287,False,240,False,1.651630193326254,0.33238242908369964,2.6882645522016406,2017,False,-2.2341287343410543,
locally_periodic,17,54806.91312278481,True,155,True,1.7349927524546878,2.302585092994046,2.0825911661784007,2017,True,-2.4512000379846897,
locally_periodic,18,54806.65981216375,True,233,True,1.727330858986774,2.302585092994046,2.081722698076956,2017,True,-2.438156733789047,
locally_periodic,19,54811.5535793952,False,240,True,1.763739894866486,2.302585092994046,2.105357293954572,2017,False,-2.433100911381949,
additive,0,54043.41375227609,False,240,False,1.5736392589925743,1.2016615954062682,0.6202251189247274,2017,True,1.5956912952021172,-2.528835844654825
additive,1,54076.504102733954,False,240,False,1.4328106862318313,1.4966803104461301,0.8263671146993379,2017,False,1.708085514773299,-2.4913531862420677
additive,2,54046.52598842069,False,240,False,1.5856963096130774,1.1838046167590512,0.6050526959323936,2017,False,1.5686465602030175,-2.552167009127535
additive,3,54115.04886948709,False,240,False,1.688941472459654,1.0472247381357795,0.32769616047684214,2017,False,1.467324540617535,-2.574291393280207
additive,4,54546.92879363206,False,240,False,0.9437426617511625,2.204521078078944,1.4742069373334794,2017,False,2.0313748820835604,-2.29523617118026
additive,5,54526.712679108336,False,240,False,-0.8509982584406225,-0.6099607858661183,1.6755453166629302,2017,False,2.4582491296754254,-2.4473276981363163
additive,6,54124.82973567542,False,240,False,1.2498382302902875,2.014761956369789,1.0475107506992156,2017,False,1.729234598328245,-2.5289208013228
additive,7,56092.974122026804,False,240,False,-1.7308977878662555,-1.7422431580777809,2.6360221791644434,2017,False,2.5844309140553,-7.493517164556083
additive,8,54054.442418595325,False,240,False,1.5678590935340895,1.1816405833413692,0.5739005404417129,2017,False,1.5753687191692216,-2.491091161684573
additive,9,54088.04663733888,False,240,False,1.7058857277547619,1.0988524481269544,0.400318652612798,2017,False,1.5093207967594762,-2.5375453115860176
additive,10,54722.14492932022,False,240,False,-2.144678327493929,-1.9571973290449385,1.8193582000866564,2017,False,2.1721123650734393,-7.856233608019183
additive,11,54127.584385275826,False,240,False,1.6849573915589724,1.0404119848045659,0.3059923848985404,2017,False,1.4462439836972503,-2.5968451778041564
additive,12,54085.982258160206,False,240,False,1.5155675640593032,1.2664218011467252,0.7327125516692724,2017,False,1.5806767288135977,-2.6061148370793066
additive,13,54123.10070873152,False,240,False,1.2587280033179762,1.957197329044938,1.024837752634282,2017,False,1.7157616187642017,-2.5650689937522912
additive,14,54474.31722242663,False,240,False,-1.1247026468598225,-0.6898722940989127,1.744387733928794,2017,False,2.4178707384978533,-2.4482905747427726
additive,15,54883.02620152655,False,240,False,0.28752804218684486,-0.29437407932151705,1.5407381403009754,2017,False,2.970407768398091,-2.273224271243113
additive,16,54057.2662505573,False,240,False,1.609617151070607,1.1512925464970227,0.5083025497962412,2017,False,1.536656716824192,-2.5569877283105455
additive,17,54564.723373893285,False,240,False,1.6815729352266708,0.8634694098727669,-0.15612180677197524,2017,False,1.1492356515324456,-2.5968451778041564
additive,18,54702.810638132316,False,240,False,-2.635774114137165,-1.957197329044939,1.6989378762136917,2017,False,2.1043146912591997,-3.445671736965727
additive,19,54049.31579863741,False,240,False,1.5811879391002013,1.1827574868223425,0.561302372319061,2017,False,1.5616475569520893,-2.518817351102629
se,0,59396.329298755234,True,115,False,1.5713200925188988,1.3738907091946948,-2.055089679083175,2018,True,,
se,1,59396.40236894257,True,109,False,1.5549407819590435,1.3721372510546357,-2.060711169397452,2018,True,,
se,2,59396.284362554296,True,237,False,1.5577699499916349,1.3750487303163665,-2.0550896790831787,2018,True,,
se,3,59396.656940459834,True,109,False,1.5573641624362042,1.3766839263174557,-2.0513128577526873,2018,True,,
se,4,59396.245455974786,True,121,False,1.5713200925188986,1.3760093981831782,-2.0594570237688288,2018,True,,
se,5,59396.16033556071,True,195,False,1.5600595386992102,1.3740157293445854,-2.0550896790831774,2018,True,,
se,6,59396.43104220655,True,115,False,1.5734346306306355,1.3737561550230593,-2.0619155541159007,2018,True,,
se,7,59396.179807137945,True,120,False,1.5713200925188981,1.3749484682360495,-2.056724883879979,2018,True,,
se,8,59396.190906658274,True,133,False,1.5684876218428203,1.376667928398852,-2.054602183337096,2018,True,,
se,9,59397.01689840024,True,115,False,1.554657172520281,1.3744801204219013,-2.0488139821655458,2018,False,,
se,10,59397.20174710403,True,127,False,1.5636031106064405,1.3749639198975148,-2.0684256664884173,2018,False,,
se,11,59397.5321437785,True,103,False,1.5621283684762952,1.367404376668011,-2.069019496537924,2018,False,,
se,12,59396.36365357242,True,121,False,1.5659679302717129,1.3763014907302962,-2.061425025393763,2018,True,,
se,13,59398.72323311916,True,121,False,1.5670866567600268,1.3820999020403344,-2.040430201303714,2018,False,,
se,14,59397.1819119874,True,103,False,1.5714940208622203,1.378890558385283,-2.046323205484047,2018,False,,
se,15,59400.04584502756,False,240,False,1.5380288188878757,1.3649042095882262,-2.0550896790831823,2018,False,,
se,16,59396.28206006886,True,91,False,1.5713389947179934,1.37318273913572,-2.058366277337538,2018,True,,
se,17,59397.08056012991,True,127,False,1.5713200925188981,1.3704832503487967,-2.0673433809082913,2018,False,,
se,18,59396.217996060135,True,115,False,1.5670157857276847,1.3768861038011975,-2.053996710283458,2018,True,,
se,19,59396.25900112768,True,121,False,1.558431664768675,1.3726083017103772,-2.0557077289937062,2018,True,,
matern32,0,55415.00758482453,True,109,False,1.7332206068700429,2.0721518132921344,-2.4631456779791687,2018,True,,
matern32,1,55416.10336009259,True,109,False,1.7497090794966281,2.0860594580781706,-2.4549031563486885,2018,False,,
matern32,2,55415.73623375504,True,189,False,1.7035723907589735,2.063045859082061,-2.4631456779791714,2018,False,,
matern32,3,55414.583412284075,True,127,False,1.723075819870674,2.0702392419928253,-2.4563986888101463,2018,True,,
matern32,4,55415.24799221726,True,127,False,1.7169981814462856,2.0699181628723107,-2.4457450603074404,2018,False,,
matern32,5,55415.25695069826,True,109,False,1.707614188028577,2.0639306633750834,-2.4584553893100978,2018,False,,
matern32,6,55415.03580498,True,139,False,1.7105128445628808,2.0685048930753687,-2.457251863091956,2018,True,,
matern32,7,55415.00853540124,True,133,False,1.7325585432032191,2.0714336961133104,-2.4627078797733732,2018,True,,
matern32,8,55414.61201062616,True,115,False,1.728152802372309,2.0743830875539966,-2.458605693066255,2018,True,,
matern32,9,55415.693289048955,True,121,False,1.7382009170714146,2.0736205437001427,-2.4683002088426673,2018,False,,
matern32,10,55417.42502727738,True,91,False,1.6965841355987015,2.056051605587145,-2.4709874952183988,2018,False,,
matern32,11,55414.801165025485,True,121,False,1.7163627635854928,2.068897548921864,-2.4519904586561023,2018,True,,
matern32,12,55415.16028215208,True,161,False,1.7118142722401029,2.065145214792898,-2.463145677979167,2018,False,,
matern32,13,55415.06290850634,True,85,False,1.7384792042761772,2.0760429090654875,-2.4615330196686487,2018,True,,
matern32,14,55415.26409085606,True,103,False,1.7399905924617034,2.0816956655496095,-2.4564411437663822,2018,False,,
matern32,15,55415.09196487366,True,205,False,1.714427443079987,2.0721518132921366,-2.4487520847919355,2018,True,,
matern32,16,55415.26266983449,True,145,False,1.7090148759242976,2.0639369767733418,-2.461571316014245,2018,False,,
matern32,17,55415.12546273427,True,115,False,1.7329401564646234,2.0761563178601357,-2.4460977257000875,2018,True,,
matern32,18,55414.83573017799,True,115,False,1.7202045481355226,2.0727384237520456,-2.448467490513786,2018,True,,
matern32,19,55414.832769064975,True,121,False,1.7331880276784728,2.072520935912931,-2.4582517528041343,2018,True,,
matern52,0,56423.72208120266,True,121,False,1.661264822713979,1.7764176986155717,-2.281787456247616,2018,True,,
matern52,1,56424.715918477625,True,115,False,1.6646676690167972,1.7853616996994361,-2.2644457387501338,2018,False,,
matern52,2,56423.60522233871,True,142,False,1.6612648227139781,1.778943708900606,-2.2817874562476144,2018,True,,
matern52,3,56424.367099349394,True,103,False,1.6552211063946585,1.7797741834839909,-2.2866698515392287,2018,False,,
matern52,4,56424.47495668458,True,103,False,1.668364765809825,1.7816703874968451,-2.287229060127972,2018,False,,
matern52,5,56424.588650523045,True,157,False,1.6663541541422928,1.7866221582761772,-2.266890699717935,2018,False,,
matern52,6,56423.64933305289,True,207,False,1.6546191733519628,1.7781381699068732,-2.281787456247619,2018,True,,
matern52,7,56423.70434169317,True,145,False,1.650696041560835,1.7784978416823638,-2.277817990641561,2018,True,,
matern52,8,56423.84272355207,True,163,False,1.6506752243185216,1.7735969559454547,-2.2789525571157183,2018,True,,
matern52,9,56423.97804978087,True,115,False,1.6517936869779157,1.77268328963813,-2.282130855047511,2018,True,,
matern52,10,56423.74168103658,True,143,False,1.6630756223641459,1.7770648864537046,-2.2817874562476144,2018,True,,
matern52,11,56423.94206709228,True,133,False,1.6593532762302472,1.7800679893757694,-2.284575815538346,2018,True,,
matern52,12,56424.209881798444,True,115,False,1.6633567214596257,1.7752123809814844,-2.2862001245858647,2018,False,,
matern52,13,56424.52126347795,True,121,False,1.6596237960034468,1.7835017774049395,-2.2650091961316265,2018,False,,
matern52,14,56423.86288884253,True,145,False,1.6512997300258823,1.7785033529343257,-2.271464268935748,2018,True,,
matern52,15,56423.961712019154,True,115,False,1.6682041334691882,1.7847544403728879,-2.276312153059958,2018,True,,
matern52,16,56424.41739200709,True,145,False,1.6751786049278505,1.7850583465125456,-2.280573775153712,2018,False,,
matern52,17,56424.96798681139,True,154,False,1.6792537687529943,1.786525245470892,-2.2817874562476144,2018,False,,
matern52,18,56423.96568255547,True,161,False,1.6524784738082494,1.7797897814454289,-2.2817874562476144,2018,True,,
matern52,19,56424.09992354989,True,155,False,1.670335770649764,1.7833634473176996,-2.2817874562476144,2018,True,,
periodic,0,65052.2313243815,True,103,False,1.6432758766749627,0.10073809781848975,-1.6697034579036254,2018,True,,
periodic,1,65052.68356927122,True,115,False,1.6407764971884526,0.10062268741100461,-1.6645916007363144,2018,True,,
periodic,2,75601.01853873473,False,240,False,1.2075750942549734,-0.7262743907540514,-2.417806122546288,2018,False,,
periodic,3,65052.45269406304,True,133,False,1.647698620607807,0.10487247527415741,-1.6633183437000634,2018,True,,
periodic,4,65052.87528696424,True,121,False,1.6599743907359288,0.10819622063768058,-1.6617008521614614,2018,False,,
periodic,5,65053.0337557782,True,103,False,1.650531188471313,0.10353340547503459,-1.680594743307926,2018,False,,
periodic,6,65052.569630628044,True,115,False,1.6477782137833825,0.0995483604911794,-1.677835901859433,2018,True,,
periodic,7,65053.21746860465,True,126,False,1.6612648227139784,0.11201745064346609,-1.660040012216302,2018,False,,
periodic,8,65052.209704816516,True,231,False,1.6412985244284464,0.10246797151479525,-1.669703457903629,2018,True,,
periodic,9,65052.24222057439,True,115,False,1.652816556855417,0.10296993870540169,-1.6685241690429427,2018,True,,
periodic,10,65052.11049367318,True,155,False,1.6452313305317092,0.10296983206702531,-1.6697034579036234,2018,True,,
periodic,11,65053.00721648526,True,103,False,1.632865392113188,0.09575265014141615,-1.675974723210218,2018,False,,
periodic,12,65052.751144666196,True,133,False,1.6409875829126568,0.10648393446964977,-1.6625269268105152,2018,True,,
periodic,13,65052.25450215792,True,126,False,1.647066844189291,0.10675300155863263,-1.6697034579036238,2018,True,,
periodic,14,65052.29356627096,True,133,False,1.6565548419845562,0.10374851638151557,-1.6714248054578857,2018,True,,
periodic,15,65053.09479508348,True,115,False,1.643860928400193,0.10868726804274115,-1.6596976367904903,2018,False,,
periodic,16,65052.20057013228,True,144,False,1.6432758766749624,0.10118470222206924,-1.6697034579036238,2018,True,,
periodic,17,65052.54890100312,True,115,False,1.655140628454961,0.10113649861031229,-1.6757547458370443,2018,True,,
periodic,18,65052.905463257426,True,127,False,1.6421319552486007,0.09786692857247523,-1.6800702995944587,2018,False,,
periodic,19,65052.35738035071,True,133,False,1.6550373103810003,0.1022715634257343,-1.6699443066772564,2018,True,,
locally_periodic,0,55434.37832187432,True,193,True,1.7332206068700424,2.302585092994046,2.080366649810928,2018,False,-2.4631456779791687,
locally_periodic,1,55433.76796740894,True,181,True,1.707883320104128,2.302585092994046,2.072133943454735,2018,True,-2.4496519595927917,
locally_periodic,2,55601.90844285475,False,240,False,1.8261906236316694,1.8326343588780571,2.162515014998864,2018,False,-2.290151389848691,
locally_periodic,3,55433.72912888802,True,159,True,1.7310468816326383,2.302585092994046,2.080161810551939,2018,True,-2.448497115942141,
locally_periodic,4,55433.85716993752,False,240,True,1.7203213443589755,2.302585092994046,2.0784896502875805,2018,True,-2.4601648083580536,
locally_periodic,5,55434.26456740155,True,223,True,1.7216317045091438,2.302585092994046,2.0723350849167597,2018,False,-2.4631456779791714,
locally_periodic,6,55434.327603824255,True,215,True,1.7221658722511566,2.302585092994046,2.0721518132921344,2018,False,-2.463145677979167,
locally_periodic,7,55433.81151491593,True,166,True,1.7170415740353975,2.302585092994046,2.0754337583243454,2018,True,-2.460820282994487,
locally_periodic,8,55433.509266766385,True,171,True,1.728733506868639,2.302585092994046,2.0821665911911014,2018,True,-2.4518909961886206,
locally_periodic,9,55435.08373911718,True,191,True,1.7435740871868448,2.302585092994046,2.0885814863297205,2018,False,-2.4592962337789834,
locally_periodic,10,55433.9056667608,True,209,True,1.7049493655743118,2.302585092994046,2.0707597600475207,2018,True,-2.453245372807118,
locally_periodic,11,55434.28983234102,True,175,True,1.7086446448408055,2.302585092994046,2.0712143955308586,2018,False,-2.463145677979167,
locally_periodic,12,55434.09942315069,True,197,True,1.729251523188338,2.302585092994046,2.0822192296059874,2018,False,-2.4404759002627228,
locally_periodic,13,55473.01311869455,False,240,True,1.8392025345159642,2.302585092994046,2.1223930160085893,2018,False,-2.492896098451249,
locally_periodic,14,55437.50812984003,False,240,True,1.7451725605363841,2.302585092994046,2.080366649810928,2018,False,-2.475177039538012,
locally_periodic,15,55434.11544443469,True,155,True,1.7113307452883184,2.302585092994046,2.0789376663703454,2018,False,-2.441462377980825,
locally_periodic,16,55434.41551616354,True,205,True,1.7078707534814157,2.302585092994046,2.073533185381515,2018,False,-2.4404759002627228,
locally_periodic,17,55434.212161378,True,155,True,1.7266706904004099,2.302585092994046,2.0822424843191043,2018,False,-2.4607355398787014,
locally_periodic,18,56171.03263628633,False,240,False,1.663321235913788,0.6481676569255272,2.359671091449905,2018,False,-2.2364479008147256,
locally_periodic,19,55434.038046894406,True,144,True,1.704693928392952,2.302585092994046,2.0708749177759485,2018,True,-2.4573333137184767,
additive,0,54669.20259382996,False,240,False,1.5353422004408666,1.2376394874842995,0.6718727905680997,2018,False,1.6039061317209105,-2.5084852334120566
additive,1,54671.092300521486,False,240,False,1.4454658243044967,1.3239864284715765,0.7816140792515862,2018,False,1.6509011079296179,-2.556348203176273
additive,2,54748.14635647042,False,240,False,1.688416836199395,1.021538956113739,0.3216024628949409,2018,False,1.4490279001295834,-2.599164344277832
additive,3,54698.02807513652,False,240,False,1.589914609357608,1.151292546497023,0.5783561137964663,2018,False,1.5254046336557139,-2.5991643442778316
additive,4,55898.92148347475,False,240,False,-1.7055486109928215,-1.721079982064412,1.7720674838585277,2018,False,2.2138955394558377,-7.858552774492867
additive,5,54674.36291265681,False,240,False,1.5959817856567367,1.2298460503944686,0.6012674914873647,2018,False,1.5560290656239573,-2.572789857765037
additive,6,55673.34942345624,False,240,False,1.7744579256945636,0.7461969066217657,-0.47452306950395884,2018,False,0.964753411561109,-2.780522566009389
additive,7,55533.29735783481,False,240,False,1.8480730968659345,0.8344441283950259,-0.3883220785795996,2018,False,1.0037437431046632,-2.7805225660093855
additive,8,54714.532226347714,False,240,False,1.655391402727753,1.090827207467281,0.41810573715715793,2018,False,1.5006935623928706,-2.597347399854869
additive,9,54665.64010402172,False,240,False,1.5376720005747033,1.1929272537974125,0.6252890343739285,2018,True,1.5913558715837457,-2.532196584740971
additive,10,54792.30306634004,False,240,False,1.6940778534192944,1.0219570845041646,0.25297362058797135,2018,False,1.395871901835848,-2.639181745593749
additive,11,55520.2357720639,False,240,True,-1.198977597489562,2.302585092994046,1.9316282341790947,2018,False,2.1952831041610628,-2.369142375848648
additive,12,54670.40767071748,False,240,False,1.5219232345407565,1.211632890786975,0.6348382764951123,2018,False,1.611279353834354,-2.5084852334120558
additive,13,55075.07777045768,False,240,False,1.967076905377251,1.2664218011467256,0.10955037670145407,2018,False,1.2855569634443544,-2.780522566009384
additive,14,54696.42725725446,False,240,False,1.376770039655922,1.5254626241085554,0.9091590651792719,2018,False,1.6829784532122323,-2.5541572961726695
additive,15,55319.34525911094,True,218,False,-2.816120245835155,-1.777307868654779,1.7260373987208173,2018,False,2.1342657236324594,-2.9742416224285315
additive,16,55073.91627547631,False,240,False,-1.4061271436208853,-0.7742279189607228,1.7215590190082144,2018,False,2.3459924368059895,-2.48167017410937
additive,17,55336.71785249003,False,240,False,-2.530159604376745,-2.0003707995385778,1.6767715092971867,2018,False,2.0905227854970487,-3.757494824289082
additive,18,54669.71945149101,False,240,False,1.5748340372004537,1.198491582450992,0.580140716916659,2018,False,1.562066457866326,-2.5439804671095008
additive,19,55364.10684086793,False,240,False,-2.1988923279724064,-1.931566652067495,1.823165337065123,2018,False,2.213277481247374,-4.775463005056469
se,0,60101.05640511456,True,127,False,1.5794783706632705,1.3738907091946948,-2.0696011786552475,2019,True,,
se,1,60100.88912802857,True,139,False,1.5648417573279163,1.3761169949890038,-2.057576390458341,2019,True,,
se,2,60101.19202980528,True,127,False,1.5661826324231114,1.3738907091946948,-2.0554642528560603,2019,True,,
se,3,60101.55850082477,True,151,False,1.5664778549949527,1.379878609671837,-2.0545126606931596,2019,False,,
se,4,60100.91778852936,True,115,False,1.567187692581193,1.3774713137207033,-2.064386967163387,2019,True,,
se,5,60101.145883832105,True,219,False,1.5614894246242548,1.3723605883632464,-2.0696011786552484,2019,True,,
se,6,60100.70855448628,True,97,False,1.5724829560278453,1.3770706570034275,-2.0576562246249575,2019,True,,
se,7,60101.52882788603,True,127,False,1.5806191311774844,1.3814939868190408,-2.057180133766242,2019,False,,
se,8,60100.68429913518,True,109,False,1.5690285701127336,1.3722986395533538,-2.0641824009151652,2019,True,,
se,9,60100.89229312295,True,133,False,1.563377731533447,1.3758213005812117,-2.058649577592537,2019,True,,
se,10,60101.39973975555,True,138,False,1.5614894246242543,1.3705955255695534,-2.060425241991225,2019,False,,
se,11,60101.00840547764,True,145,False,1.5757271901062402,1.3796716867620824,-2.0581412609822842,2019,True,,
se,12,60101.0929682393,True,151,False,1.5614894246242548,1.3713100453783034,-2.0682020172577715,2019,True,,
se,13,60103.16882420947,True,189,False,1.5805052756513922,1.3837227584350151,-2.046931400938804,2019,False,,
se,14,60101.21856068725,True,172,False,1.5737651143790823,1.3772676238515917,-2.0696011786552444,2019,True,,
se,15,60101.830231099884,True,151,False,1.5573905674247155,1.369994153058759,-2.0599180292815493,2019,False,,
se,16,60100.80167778749,True,109,False,1.5796368480553846,1.377943039930259,-2.0598694999556497,2019,True,,
se,17,60101.14603189942,True,103,False,1.5770449978425936,1.3724676037998071,-2.0603317008813584,2019,True,,
se,18,60100.9627266404,True,109,False,1.571597363613333,1.3711932362328019,-2.0638320438836906,2019,True,,
se,19,60100.667569138444,True,115,False,1.566666228862504,1.375370025216173,-2.0652881516622843,2019,True,,
matern32,0,56065.42643926322,True,121,False,1.741378885014414,2.080366649810928,-2.4549873998347973,2019,True,,
matern32,1,56066.327225565095,True,167,False,1.7103605760581575,2.0678478067286985,-2.4549873998347937,2019,False,,
matern32,2,56065.94301669947,True,109,False,1.7458208918603413,2.0848299632646827,-2.453954631637596,2019,False,,
matern32,3,56065.40947143832,True,121,False,1.7360510765982178,2.073530347371517,-2.457460125843792,2019,True,,
matern32,4,56068.019742836645,True,115,False,1.76873042977516,2.092525960974373,-2.458251205023997,2019,False,,
matern32,5,56065.4875962903,True,143,False,1.741237931026418,2.0814429350025425,-2.4549873998347933,2019,True,,
matern32,6,56066.10189197183,True,109,False,1.7484429172120293,2.0829371762570053,-2.469609810000252,2019,False,,
matern32,7,56065.24204403578,True,151,False,1.732636248449818,2.0785486943394056,-2.458996264582054,2019,True,,
matern32,8,56067.14169095825,True,149,False,1.761641916272045,2.089838843604181,-2.4549873998347946,2019,False,,
matern32,9,56065.66886715042,True,155,False,1.727302095383871,2.0704738825290296,-2.454987399834794,2019,True,,
matern32,10,56065.45276161512,True,127,False,1.742121259796749,2.074436931276945,-2.468221557735992,2019,True,,
matern32,11,56065.80063954403,True,109,False,1.7507456246528401,2.0833790742255136,-2.4642000108289146,2019,False,,
matern32,12,56065.665016878964,True,155,False,1.7250876502161872,2.0771134785393293,-2.4549873998347946,2019,True,,
matern32,13,56065.40619638194,True,109,False,1.7415098491379435,2.0741104580090104,-2.4655287360645737,2019,True,,
matern32,14,56065.231409985245,True,155,False,1.723389938975399,2.0710454469161768,-2.4672939573375605,2019,True,,
matern32,15,56065.15446934652,True,121,False,1.7278568216852876,2.07403485839079,-2.466528760208925,2019,True,,
matern32,16,56065.47563133025,True,155,False,1.738893168154218,2.0811784698107876,-2.4549873998347937,2019,True,,
matern32,17,56065.321652686165,True,121,False,1.7273567005734893,2.076495542384039,-2.4571986576119595,2019,True,,
matern32,18,56065.51926411825,True,173,False,1.7329074628018213,2.0730794690309176,-2.4549873998347946,2019,True,,
matern32,19,56065.47873873907,True,115,False,1.7437881417339693,2.07984030184144,-2.46787311653961,2019,True,,
matern52,0,57084.805393044364,True,127,False,1.6694231008583502,1.7846325351343653,-2.2736291781032443,2019,False,,
matern52,1,57084.4473872227,True,127,False,1.664379615470596,1.7819047894011004,-2.288185542596327,2019,True,,
matern52,2,57085.048588497855,True,150,False,1.6729890906330493,1.7871093344231868,-2.273629178103243,2019,False,,
matern52,3,57084.49993799048,True,127,False,1.670967057427788,1.7854370379588924,-2.2823387376413637,2019,True,,
matern52,4,57084.33608039405,True,91,False,1.6687372296923229,1.7777033036114098,-2.2861553029826442,2019,True,,
matern52,5,57084.951424527804,True,139,False,1.657163052598202,1.7765035924389112,-2.2759440148763153,2019,False,,
matern52,6,57084.27640506731,True,115,False,1.6637478960349115,1.781705520780906,-2.278880938112843,2019,True,,
matern52,7,57084.872256108305,True,153,False,1.6514341548193339,1.7737615123620143,-2.282001844332995,2019,False,,
matern52,8,57084.912187024755,True,115,False,1.6752456682770738,1.7794901370868599,-2.2930098809318733,2019,False,,
matern52,9,57084.19358329862,True,133,False,1.66942310085835,1.7824416534653826,-2.284832572979107,2019,True,,
matern52,10,57085.10319055259,True,115,False,1.6481418137629096,1.7730193245761932,-2.2902013058986794,2019,False,,
matern52,11,57085.40240430889,True,169,False,1.6814002966844046,1.7842541427171321,-2.292851674711611,2019,False,,
matern52,12,57084.41204175941,True,115,False,1.6722731654675116,1.7790678937868554,-2.283719353073156,2019,True,,
matern52,13,57085.10272001463,True,127,False,1.6823134878411818,1.7867911080571206,-2.2866930177395637,2019,False,,
matern52,14,57084.364798813185,True,133,False,1.6717862911616481,1.7789705613362823,-2.2870511015734505,2019,True,,
matern52,15,57084.618696446516,True,132,False,1.6514341548193356,1.7761392608046351,-2.2827785771282856,2019,True,,
matern52,16,57084.92323944331,True,109,False,1.6800368861966997,1.7847539865076345,-2.2889480601640546,2019,False,,
matern52,17,57085.09233292054,True,115,False,1.6597579008711045,1.7791527905960365,-2.272632175767435,2019,False,,
matern52,18,57084.613760271466,True,115,False,1.6678013455583716,1.778781930225481,-2.277756666577012,2019,True,,
matern52,19,57085.08002139313,True,143,False,1.6554322940984174,1.7809711547709053,-2.2736291781032416,2019,False,,
periodic,0,65859.30401040653,True,85,False,1.6694231008583504,0.10793367623409614,-1.6842149574756977,2019,False,,
periodic,1,65858.79365828341,True,121,False,1.6620017397190183,0.10678768577188741,-1.6630668406717635,2019,False,,
periodic,2,65857.83536818174,True,127,False,1.6522352435906122,0.10482865579303158,-1.6728142397638746,2019,True,,
periodic,3,65858.04318881301,True,151,False,1.6605303868235404,0.10438225353837584,-1.6702090179766995,2019,True,,
periodic,4,65857.96309184592,True,115,False,1.65568152236881,0.10373967031924569,-1.6783328847609635,2019,True,,
periodic,5,65857.93582495801,True,103,False,1.655681848286821,0.10838724362119644,-1.672726493299241,2019,True,,
periodic,6,65858.06247686716,True,103,False,1.6564215778845663,0.10289351239241576,-1.67054211837434,2019,True,,
periodic,7,65858.18995276456,True,139,False,1.6532128754934623,0.1048594047671586,-1.679780735111295,2019,True,,
periodic,8,65858.92983279642,True,195,False,1.665435110531433,0.10287798852927138,-1.6842149574756988,2019,False,,
periodic,9,65858.24493400275,True,121,False,1.6584743195424698,0.10291124336121549,-1.6810631495601733,2019,True,,
periodic,10,65858.19274293323,True,145,False,1.6473697372214562,0.1007380978184893,-1.6785652712344137,2019,True,,
periodic,11,65857.92330658165,True,121,False,1.6646052719376516,0.10804755860456698,-1.672807715335798,2019,True,,
periodic,12,65859.23800434597,True,115,False,1.6539534534633713,0.1111806758333387,-1.6600820402920393,2019,False,,
periodic,13,65858.21787228127,True,133,False,1.6458927540774968,0.10100369826136862,-1.678123006720837,2019,True,,
periodic,14,65858.83571344304,True,149,False,1.662519560470132,0.10171064003656244,-1.684214957475695,2019,False,,
periodic,15,65858.6799524462,True,154,False,1.654547727895445,0.10067755571604133,-1.684214957475695,2019,False,,
periodic,16,65858.1081534432,True,145,False,1.645769947160906,0.1015981916594893,-1.674387990319296,2019,True,,
periodic,17,65858.65433874205,True,115,False,1.6732616787876577,0.11162900756629873,-1.6755966076548525,2019,False,,
periodic,18,65858.30958225406,True,139,False,1.6667466956364108,0.10880232357374155,-1.6668172158451107,2019,True,,
periodic,19,65857.83933250856,True,109,False,1.6611952076084424,0.10546777388469833,-1.673789988289594,2019,True,,
locally_periodic,0,56084.40570545426,True,207,True,1.7413788850144143,2.302585092994046,2.0885814863297214,2019,True,-2.4549873998347973,
locally_periodic,1,56088.39534044854,False,240,True,1.6962325435298609,2.302585092994046,2.062976539577182,2019,False,-2.481613759355858,
locally_periodic,2,56084.52168165759,True,145,True,1.7281357615610504,2.302585092994046,2.0852304995526767,2019,False,-2.447777262475804,
locally_periodic,3,56084.48038385315,True,144,True,1.73600820201305,2.302585092994046,2.080380988556502,2019,True,-2.4687420418578903,
locally_periodic,4,56084.91324344476,True,175,True,1.748388993152383,2.302585092994046,2.0912933984889506,2019,False,-2.4549873998347946,
locally_periodic,5,56084.74245570011,True,210,True,1.741238459224145,2.302585092994046,2.0870986628387334,2019,False,-2.4474162574902,
locally_periodic,6,56084.18042613802,False,240,True,1.7326384753051551,2.302585092994046,2.078110298445282,2019,True,-2.457387869823769,
locally_periodic,7,56084.328062526736,True,150,True,1.7375824800280653,2.302585092994046,2.0838662771773473,2019,True,-2.465354297360241,
locally_periodic,8,56085.0298917485,True,121,True,1.7099109687649496,2.302585092994046,2.075095509771585,2019,False,-2.448457371705298,
locally_periodic,9,56084.10506534307,True,157,True,1.73380191731151,2.302585092994046,2.0786722996449183,2019,True,-2.462481291628252,
locally_periodic,10,56086.338182930645,True,155,True,1.699009022699343,2.302585092994046,2.0639369767733413,2019,False,-2.4702923393937652,
locally_periodic,11,56086.070278847445,True,240,True,1.7531760790898683,2.302585092994046,2.087537670337575,2019,False,-2.4713280642441395,
locally_periodic,12,56087.86484645828,False,240,True,1.7714115916500035,2.302585092994046,2.094403252537232,2019,False,-2.4614397864149176,
locally_periodic,13,56085.663887322895,True,150,True,1.704005930742219,2.302585092994046,2.070718596066169,2019,False,-2.448935931951185,
locally_periodic,14,56090.7898211359,False,240,True,1.7256636237948626,2.302585092994046,2.082803882054006,2019,False,-2.48874292262815,
locally_periodic,15,56084.68754217974,False,240,True,1.740003327345185,2.302585092994046,2.0803666498109283,2019,False,-2.4549873998347946,
locally_periodic,16,56083.95451236062,True,156,True,1.7338463913899311,2.302585092994046,2.080483256977377,2019,True,-2.4617556901618167,
locally_periodic,17,56084.19293031993,True,144,True,1.721454201549671,2.302585092994046,2.0808945176423075,2019,True,-2.459968824702667,
locally_periodic,18,56084.17359961539,True,187,True,1.7312201607826232,2.302585092994046,2.0775456440437083,2019,True,-2.457162754693206,
locally_periodic,19,56084.748390160144,True,216,True,1.7077284794204857,2.302585092994046,2.0734929517290883,2019,False,-2.454987399834798,
additive,0,55310.984298206415,False,240,False,1.5794783706632702,1.2088571738218743,0.6080752845564076,2019,False,1.5874764586833234,-2.545666510700573
additive,1,55427.65213455829,False,240,False,1.2189818717419996,1.912180851221748,1.1469114660893218,2019,False,1.8029721789472115,-2.4613966154472537
additive,2,56129.97431186972,False,240,False,1.8466904267195041,0.819575342025818,-0.35021335441462015,2019,False,1.027750181474115,-2.7723642878650154
additive,3,55313.312932605775,False,240,False,1.5749309298061551,1.1800748601594484,0.5971245645958482,2019,False,1.5759723705963882,-2.566553639369893
additive,4,55386.63782716112,False,240,False,1.5199909649940244,1.1512925464970234,0.6460537632167322,2019,False,1.6427194483911716,-2.40964784440191
additive,5,55307.8643085888,True,240,False,1.5582426747422418,1.2520306443155125,0.6600495050222221,2019,True,1.6043912062031125,-2.545457753074772
additive,6,55309.93650845614,False,240,False,1.57501113305237,1.190704373259178,0.6440531766344395,2019,False,1.6068500949488693,-2.5362846751147536
additive,7,58666.33374965124,False,240,False,2.0018603519539457,0.6698050851805502,-0.8167997625206229,2019,False,0.3260692700959934,-5.674095835569863
additive,8,55318.55367185739,False,240,False,1.5487089451098957,1.2694179735876836,0.6973195316099461,2019,False,1.6174680536113597,-2.588971475171167
additive,9,55374.842986619726,False,240,False,1.3276331261170466,1.9859796427073657,1.01487355893798,2019,False,1.7608591505477493,-2.518896844141842
additive,10,55697.76761969492,False,240,False,1.6671311980901715,0.9210340371976189,0.030622532876730224,2019,False,1.2779353477768158,-2.7723642878650154
additive,11,55780.04384118077,False,240,False,-1.0528110266618917,-0.6401720389414765,1.6874120468973663,2019,False,2.4215726268748994,-2.4121719102025234
additive,12,55388.811017357904,False,240,False,1.7482003564710724,1.0208380306850655,0.3774128862454448,2019,False,1.5167532839438607,-2.5129382080444316
additive,13,55307.91838315067,False,240,False,1.5497859212562424,1.2319579652566286,0.6519895063226364,2019,True,1.5991841742442872,-2.5426039467823425
additive,14,55463.88384816346,False,240,False,1.6874120468973668,0.9785986645224696,0.16960870481129608,2019,False,1.3786722339619948,-2.591006066133459
additive,15,55731.78218256944,False,240,False,-1.743647862657301,-0.857945346103948,1.7067664460538665,2019,False,2.278629951065559,-2.5121925905815194
additive,16,55338.40638747295,False,240,False,1.4259340675200565,1.4966803104461293,0.9211994168519109,2019,False,1.7271293222860835,-2.5184285422106734
additive,17,55310.37667337556,False,240,False,1.545991326560406,1.266421801146725,0.684221607114906,2019,False,1.6053409126756804,-2.530497435100496
additive,18,55317.98647026412,False,240,False,1.4652257391631043,1.3291826341507618,0.8186170767418662,2019,False,1.6812712931412477,-2.5175236845833053
additive,19,55730.04557721695,False,240,False,-1.3886977257743665,-0.7561394912056029,1.7188779600735349,2019,False,2.3397117047275353,-2.4695353543112923
se,0,60782.741385379224,True,145,False,1.5665484287853526,1.3738907091946948,-2.0645421744941492,2020,True,,
se,1,60783.5220396059,True,127,False,1.5722477595335553,1.3693951938595303,-2.078730666579638,2020,False,,
se,2,60782.593977848315,True,144,False,1.5665484287853522,1.3736048369067457,-2.0674659174430112,2020,True,,
se,3,60782.49113113547,True,115,False,1.5772285666422727,1.3737174181022191,-2.07409062878126,2020,True,,
se,4,60782.893878538685,True,125,False,1.584537374824367,1.3791217680777148,-2.071903168510548,2020,True,,
se,5,60783.36684134655,True,109,False,1.5806878732373542,1.3752206925394093,-2.058440617404115,2020,False,,
se,6,60782.43740281621,True,138,False,1.5845373748243679,1.376858398888522,-2.068406686649231,2020,True,,
se,7,60782.55403802238,True,195,False,1.5748964047228806,1.3738383046002824,-2.064542174494151,2020,True,,
se,8,60782.55568803672,True,219,False,1.584537374824368,1.3783646797414846,-2.064542174494151,2020,True,,
se,9,60782.7352337065,True,120,False,1.584537374824368,1.374420669931917,-2.073897476788137,2020,True,,
se,10,60782.7419537591,True,103,False,1.5770791789617493,1.377224794387539,-2.0600124930502965,2020,True,,
se,11,60783.18004052517,True,109,False,1.5798650614036613,1.376409969422178,-2.0780273120407773,2020,False,,
se,12,60782.71395261935,True,132,False,1.584537374824368,1.3794606322195766,-2.063100747277445,2020,True,,
se,13,60782.30869512022,True,127,False,1.5764290436488104,1.3771455525649867,-2.064940983265744,2020,True,,
se,14,60815.3613638042,False,240,False,1.5485594827463365,1.3511998423540017,-2.0418723967777117,2020,False,,
se,15,60784.024896443225,True,109,False,1.5640277894960781,1.368929264051645,-2.080266482403888,2020,False,,
se,16,60782.36284902187,True,91,False,1.5721935471245638,1.375042070625332,-2.065371961532774,2020,True,,
se,17,60782.80823785601,True,103,False,1.5764262806579308,1.3741809628640713,-2.0771522355655443,2020,True,,
se,18,60784.099445821324,True,97,False,1.5727610277105573,1.3819535506277025,-2.0550707083037545,2020,False,,
se,19,60782.59078709107,True,214,False,1.5679132946268814,1.3761716760787348,-2.0645421744941514,2020,True,,
matern32,0,56683.2050025779,True,115,False,1.7284489431364964,2.0721518132921344,-2.4725981733901436,2020,True,,
matern32,1,56683.232585773614,True,103,False,1.7479272344246164,2.082594396318012,-2.466323420836951,2020,True,,
matern32,2,56683.90596676329,True,139,False,1.7339023144894046,2.069228171670753,-2.479561893194312,2020,False,,
matern32,3,56683.188000803566,True,151,False,1.7464286370109587,2.0787442036447907,-2.4722005943559116,2020,True,,
matern32,4,56683.59642271025,True,127,False,1.721066845741533,2.071544184628186,-2.4663523659960114,2020,True,,
matern32,5,56683.23719453333,True,115,False,1.7270279989450819,2.0736841094089096,-2.4665539682611515,2020,True,,
matern32,6,56684.574613214056,True,121,False,1.7562448172074603,2.0881168075061276,-2.455321394771491,2020,False,,
matern32,7,56683.33066402409,True,133,False,1.7340760040575631,2.078480044674678,-2.4726397136802754,2020,True,,
matern32,8,56684.18401228074,True,115,False,1.7405098216907764,2.0721693670105004,-2.483527078424307,2020,False,,
matern32,9,56683.40524624627,True,103,False,1.7388046102111459,2.082295528032301,-2.463195032404525,2020,True,,
matern32,10,56683.77357065237,True,115,False,1.748277071375102,2.0808563833461777,-2.478763626170658,2020,False,,
matern32,11,56683.36289541365,True,145,False,1.7425518810109604,2.0750791565759372,-2.4759156653833863,2020,True,,
matern32,12,56683.79022625108,True,133,False,1.7179848574881862,2.0695729951531106,-2.4696724908463725,2020,False,,
matern32,13,56683.51070973985,True,133,False,1.7363076189102513,2.0743613293864214,-2.462209723287332,2020,True,,
matern32,14,56683.51452629929,True,127,False,1.742830404872866,2.074197292314408,-2.4764496373404437,2020,True,,
matern32,15,56683.13468612374,True,132,False,1.731310507612017,2.0751605729623277,-2.4725981733901436,2020,True,,
matern32,16,56683.11625366515,True,210,False,1.7464378891755137,2.0803666498109297,-2.4693035708304554,2020,True,,
matern32,17,56683.55150935912,True,115,False,1.7219034490652454,2.071438305202472,-2.4723114580585475,2020,True,,
matern32,18,56683.28982039793,True,115,False,1.7397691743803485,2.073966052302172,-2.4749612976016575,2020,True,,
matern32,19,56683.34936758895,True,145,False,1.7337230697327783,2.0780986251244657,-2.4733619206291353,2020,True,,
matern52,0,57716.114293361694,True,139,False,1.6564931589804324,1.7764176986155717,-2.2912399516585915,2020,True,,
matern52,1,57716.11407630661,True,115,False,1.6685831474917279,1.7803589523931633,-2.282155486838489,2020,True,,
matern52,2,57716.39182120713,True,139,False,1.6578791180557566,1.7762501210995594,-2.2852310516252765,2020,True,,
matern52,3,57715.996564893016,True,155,False,1.6675473911730183,1.784599295757528,-2.2912399516585884,2020,True,,
matern52,4,57716.069305675526,True,133,False,1.6714751360652929,1.777520935541897,-2.296809558451456,2020,True,,
matern52,5,57715.92206568521,True,157,False,1.6807988386473653,1.782944956583403,-2.2932160923101343,2020,True,,
matern52,6,57716.04815697526,True,133,False,1.660842093109601,1.7782634555918393,-2.296373100174315,2020,True,,
matern52,7,57716.5119776004,True,127,False,1.6721140944232613,1.7806943619032602,-2.3018028468744722,2020,False,,
matern52,8,57716.23102766002,True,200,False,1.6830658528588804,1.7877988566154561,-2.2912399516585924,2020,True,,
matern52,9,57716.104917214296,True,127,False,1.6787633864898204,1.7801361830147062,-2.2955815440890204,2020,True,,
matern52,10,57716.764184964944,True,103,False,1.6895931307227614,1.7895765770472145,-2.283329877659089,2020,False,,
matern52,11,57716.22614623654,True,145,False,1.6835335365258455,1.7859395116931058,-2.2834829116605153,2020,True,,
matern52,12,57716.09981370725,True,115,False,1.679092454461792,1.7876392279170414,-2.2899835348923725,2020,True,,
matern52,13,57715.94610481737,True,139,False,1.6714378264259375,1.7802614348498216,-2.284543343815981,2020,True,,
matern52,14,57716.32411374157,True,121,False,1.6761705596881402,1.7857404018911982,-2.2962276524427847,2020,True,,
matern52,15,57715.848688376325,True,133,False,1.6695987058842874,1.78366481595205,-2.2931892027253338,2020,True,,
matern52,16,57715.91693517831,True,133,False,1.6722749530790326,1.7862609477376898,-2.2874116632201154,2020,True,,
matern52,17,57716.11181351774,True,133,False,1.6675524389640928,1.7856030322458871,-2.283279815508683,2020,True,,
matern52,18,57716.44789618699,True,155,False,1.674482105019447,1.787896829381707,-2.2795326850570365,2020,False,,
matern52,19,57716.10354808619,True,133,False,1.6786817422137905,1.7809433204854554,-2.296912723504233,2020,True,,
periodic,0,66717.38558899568,True,85,False,1.6564931589804324,0.10073809781848975,-1.6791559533146003,2020,True,,
periodic,1,66716.83205458475,True,109,False,1.6607078465020026,0.10577237085207418,-1.6744328561083663,2020,True,,
periodic,2,66717.59377982741,True,121,False,1.658206104641775,0.1012244277803965,-1.6821005043518782,2020,False,,
periodic,3,66716.81666786716,True,103,False,1.6620302924688184,0.10610368481491042,-1.6735783239317896,2020,True,,
periodic,4,66716.94468680021,True,133,False,1.6564311654703952,0.1073360911900747,-1.670057575162774,2020,True,,
periodic,5,66717.23087540301,True,149,False,1.667896840993963,0.10574152679233696,-1.6791559533145977,2020,True,,
periodic,6,66717.43801004559,True,127,False,1.6593508667723094,0.11025660348353124,-1.6638265570229418,2020,True,,
periodic,7,66717.61565987734,True,121,False,1.6652815690913902,0.11235275312372708,-1.662388866039855,2020,False,,
periodic,8,66717.89982328199,True,121,False,1.663757629312183,0.11254074735417247,-1.6606809724471443,2020,False,,
periodic,9,66717.52688342844,False,240,False,1.6726870916807814,0.11006379808334783,-1.6791559533146043,2020,False,,
periodic,10,66718.09308885087,True,145,False,1.6727555435560943,0.10695049374451501,-1.683756208626321,2020,False,,
periodic,11,66716.89645864195,True,121,False,1.664337486488571,0.10760785068583853,-1.6696035202132053,2020,True,,
periodic,12,66717.1951263408,True,149,False,1.6583240533118446,0.10618392980108426,-1.6791559533145977,2020,True,,
periodic,13,66718.14578492881,True,121,False,1.6752747244429538,0.11508753839531666,-1.6610137514259649,2020,False,,
periodic,14,66717.01288894788,True,121,False,1.662657269188654,0.11010032901383614,-1.6674638501400918,2020,True,,
periodic,15,66716.82107811142,True,127,False,1.6604687436541197,0.10779166716317466,-1.6732931661595563,2020,True,,
periodic,16,66717.17274246713,True,121,False,1.6556676249028925,0.10975037980304514,-1.668416740779575,2020,True,,
periodic,17,66717.33392453287,True,144,False,1.6602367258548163,0.10152190018461707,-1.679155953314599,2020,True,,
periodic,18,66717.09456432227,True,127,False,1.6583288860086873,0.1063603536951589,-1.6781348334421227,2020,True,,
periodic,19,66717.81472914242,True,133,False,1.666705549610442,0.11451729397993195,-1.661972590387263,2020,False,,
locally_periodic,0,56702.41007497691,True,200,True,1.7284489431364962,2.302585092994046,2.080366649810928,2020,True,-2.4725981733901436,
locally_periodic,1,56704.350079173164,True,150,True,1.7122111647035752,2.302585092994046,2.0678260700681648,2020,False,-2.4803609718179533,
locally_periodic,2,56702.529301847884,True,240,True,1.7236588585459334,2.302585092994046,2.0830650312522923,2020,True,-2.4601715245966096,
locally_periodic,3,56702.29011178736,True,171,True,1.7343598532324038,2.302585092994046,2.0867910952398514,2020,True,-2.462800688149004,
locally_periodic,4,56706.799188615536,False,240,True,1.704817680731403,2.302585092994046,2.080106000614721,2020,False,-2.441362635280124,
locally_periodic,5,56702.4252891614,True,191,True,1.7371256227489948,2.302585092994046,2.083801664491838,2020,True,-2.47259817339014,
locally_periodic,6,56703.96802283604,True,157,True,1.7247164870699485,2.302585092994046,2.071728035563916,2020,False,-2.4823834703736067,
locally_periodic,7,56702.403255742596,True,173,True,1.7303787608050931,2.302585092994046,2.08547698167197,2020,True,-2.4650648681227088,
locally_periodic,8,56703.12858277856,False,240,True,1.730034537476734,2.302585092994046,2.084134838348622,2020,False,-2.4499283956737004,
locally_periodic,9,56703.42579886885,False,240,True,1.7222272549538817,2.302585092994046,2.070404145717243,2020,False,-2.4725981733901445,
locally_periodic,10,56702.914604428544,True,213,True,1.7185212913581591,2.302585092994046,2.0806395679555436,2020,False,-2.456364485753876,
locally_periodic,11,56703.172407663194,True,217,True,1.7111449749547565,2.302585092994046,2.0733627486954425,2020,False,-2.4621001674483085,
locally_periodic,12,56703.155691338645,True,189,True,1.7322956465727477,2.302585092994046,2.087230878547666,2020,False,-2.449928395673697,
locally_periodic,13,56702.53799970045,True,197,True,1.7407741749400278,2.302585092994046,2.0853632942028466,2020,True,-2.47259817339014,
locally_periodic,14,56703.08825832516,True,203,True,1.717543636381296,2.302585092994046,2.0714575475530896,2020,False,-2.472598173390141,
locally_periodic,15,56702.49600135785,True,171,True,1.7356255193249202,2.302585092994046,2.0843446314618714,2020,True,-2.472477353222689,
locally_periodic,16,56722.72378477236,False,240,True,1.7457029752843243,2.302585092994046,2.0896737831120067,2020,False,-2.404588840240809,
locally_periodic,17,56702.39649289635,True,221,True,1.7233674857976047,2.302585092994046,2.0797138288244934,2020,True,-2.4692560899147806,
locally_periodic,18,56702.78133011026,True,240,True,1.7467506548364817,2.302585092994046,2.089432647638594,2020,True,-2.4700659242089813,
locally_periodic,19,56702.76792205054,True,161,True,1.7346093623278303,2.302585092994046,2.083651837384637,2020,True,-2.4751572740410803,
additive,0,55932.529735261836,False,240,False,1.5845373748243683,1.2088571738218747,0.6131342887175055,2020,False,1.5792616221645301,-2.585947061972364
additive,1,56632.735784515615,False,240,False,-2.172811630459682,-1.916801144852141,1.8126044708277564,2020,False,2.1905468194139837,-5.215641277079876
additive,2,56081.024332530746,False,240,False,1.6924710510584648,1.1512925464970234,0.40528126781245966,2020,False,1.5264699019235197,-2.4045888402408124
additive,3,56964.156225940875,False,240,False,-1.8571964599779571,-1.7735777378925972,1.647242931394062,2020,False,2.1390920950258296,-8.93348482257671
additive,4,55925.60379608147,False,240,False,1.5833636405952791,1.2637008597601076,0.674019081105016,2020,False,1.6053992390062182,-2.565389199360692
additive,5,57382.31214256163,False,240,False,1.965446690303146,0.805904782547916,-0.6935075473876633,2020,False,0.875713599251079,-2.7673052837039185
additive,6,56046.90044514087,False,240,False,1.4046479144342083,1.3815510557964275,0.8013158917982296,2020,False,1.7000135835268253,-2.6364322503353335
additive,7,55950.64742135894,False,240,False,1.6205152669024008,1.1369013896658102,0.48713005372096774,2020,False,1.528471756136951,-2.540607506539474
additive,8,55984.39086442015,False,240,False,1.4547061230338725,1.7845034470703847,0.9305940252169889,2020,False,1.7361991602050535,-2.555435118940151
additive,9,55924.41513865004,False,240,False,1.5233984822121434,1.2671594491582985,0.7210679649516019,2020,True,1.6293934938327812,-2.53754724583814
additive,10,55936.08482654228,False,240,False,1.450248943902679,1.3814531275267012,0.8545400891010584,2020,False,1.687878606802604,-2.5297195428834756
additive,11,55944.12782863701,False,240,False,1.4016488784577243,1.4742781236161335,0.8873974986087294,2020,False,1.7039822916762781,-2.5425203542457506
additive,12,55931.79462077515,False,240,False,1.5454432284546966,1.2088571738218743,0.6474017566717714,2020,False,1.581849898913676,-2.5859470619723606
additive,13,55989.622715714126,False,240,False,1.2966487668151878,1.8420680743952358,1.035398030976701,2020,False,1.7741719063504489,-2.53383926217264
additive,14,56599.54355657188,False,240,False,-2.765552757195173,-1.666604491483167,1.794195160338184,2020,False,2.1803905553896863,-2.880749457900004
additive,15,56015.1518848854,False,240,False,1.284226311993321,2.0723265836946405,1.0964223650106155,2020,False,1.766961022108221,-2.5055622058216556
additive,16,55953.85400052665,False,240,False,1.548559482746336,1.078325618564933,0.56314380048969,2020,False,1.599255983487242,-2.5305833973773018
additive,17,56344.52380425454,False,240,False,-1.7094092240314585,-0.8366537596724973,1.7218906107756633,2020,False,2.2928811359741026,-2.4992448520977235
additive,18,55931.17760264102,False,240,False,1.5373228948116306,1.3815510557964275,0.7381143193520757,2020,False,1.6375388124984027,-2.5635732773050033
additive,19,56450.81746547343,False,240,False,-2.6655885181823975,-1.1225102328345962,1.692471051058463,2020,False,2.1625150149988626,-2.540482059581783
se,0,61497.84672129931,True,133,False,1.5881861308578349,1.3821055457134883,-2.060893418460682,2021,False,,
se,1,61510.99153540908,False,240,False,1.5466065626513574,1.3857930519686863,-2.0382236407442447,2021,False,,
se,2,63593.359359692455,False,240,False,1.4896280880669053,1.0934361409811497,-2.4009400842073503,2021,False,,
se,3,61498.01616386908,True,139,False,1.5779704472357767,1.3711966581676769,-2.085839956848389,2021,False,,
se,4,95588.92885202443,False,240,False,1.4082966704676751,0.1595821542003678,-6.0281045188383855,2021,False,,
se,5,61497.778629506895,True,149,False,1.582548480130159,1.382009478741888,-2.0608934184606804,2021,False,,
se,6,61497.1689111251,True,127,False,1.5751106365930854,1.3780116200968642,-2.0767333874681944,2021,False,,
se,7,61496.47060237969,True,115,False,1.5789169836613421,1.374714644484698,-2.0727509084336226,2021,True,,
se,8,61497.84719771247,True,109,False,1.5748605983768267,1.3774429210697126,-2.0590299274010864,2021,False,,
se,9,61497.376233862014,True,115,False,1.579533117724015,1.3706726270199,-2.0801630105726274,2021,False,,
se,10,61496.75519845571,True,109,False,1.5782192421580525,1.3774593706366587,-2.0656404025901236,2021,True,,
se,11,61496.6924095939,True,109,False,1.5801105679672423,1.3745843301497433,-2.077697704446234,2021,True,,
se,12,61497.62964143332,True,155,False,1.578828125471676,1.3752824509813864,-2.0835631961771246,2021,False,,
se,13,61496.51982282446,True,121,False,1.5837570548173767,1.3754182856199855,-2.072403394811123,2021,True,,
se,14,61496.46949725879,True,133,False,1.5790087012967278,1.3767032971555113,-2.072419284081957,2021,True,,
se,15,61496.790045719805,True,127,False,1.5711631788266036,1.3755589926660459,-2.0744832740918446,2021,True,,
se,16,61526.2938324374,False,240,False,1.627441746378171,1.3692947595305829,-2.0382236407442447,2021,False,,
se,17,61510.688531958025,False,240,False,1.617670598163665,1.3935385623102843,-2.0382236407442447,2021,False,,
se,18,61497.552116617124,True,127,False,1.5823966165693932,1.3723508576322554,-2.0833433229263347,2021,False,,
se,19,61497.215540528596,True,121,False,1.570197184818819,1.3737607556293947,-2.06614762212883,2021,False,,
matern32,0,57340.42169105139,True,109,False,1.7500866452089787,2.080366649810928,-2.4689494173566766,2021,True,,
matern32,1,57340.425494469906,True,167,False,1.7486263058468614,2.0792870965739096,-2.468949417356674,2021,True,,
matern32,2,57342.01630688751,True,133,False,1.7667019525005023,2.090720503686675,-2.4630223412392898,2021,False,,
matern32,3,57340.10289384954,True,133,False,1.7454026148814579,2.07912620017089,-2.476526346002862,2021,True,,
matern32,4,57340.789380400136,True,103,False,1.7322520259929695,2.073517776570698,-2.4848799575240164,2021,False,,
matern32,5,57340.511281996514,True,127,False,1.7299696938488598,2.0763178518865733,-2.469953316806728,2021,True,,
matern32,6,57341.5603550082,True,121,False,1.7165747832786376,2.0685519439908524,-2.4693984793965207,2021,False,,
matern32,7,57340.1661685476,True,139,False,1.7449766848403663,2.08089056190208,-2.4704918043983497,2021,True,,
matern32,8,57340.50029779787,True,115,False,1.7294242559063053,2.0707362195305525,-2.4744451810330994,2021,True,,
matern32,9,57340.93428293741,True,121,False,1.747834008986513,2.081446794677098,-2.484417634042437,2021,False,,
matern32,10,57340.39980920701,True,139,False,1.7386395578017377,2.080285941589079,-2.4675085953465943,2021,True,,
matern32,11,57340.633966681686,True,145,False,1.7476892448338366,2.07947655586355,-2.4838496001304113,2021,True,,
matern32,12,57340.579015210555,True,213,False,1.7379057242044043,2.073742875598166,-2.4689494173566775,2021,True,,
matern32,13,57340.510097338,True,205,False,1.7334588358265917,2.076584674708079,-2.4797586926434327,2021,True,,
matern32,14,57340.29939747399,True,115,False,1.7355823301110176,2.0782587540926447,-2.4751167271544965,2021,True,,
matern32,15,57340.33444382623,True,161,False,1.7349606776231872,2.0751768255310368,-2.468949417356674,2021,True,,
matern32,16,57340.349062491136,True,121,False,1.7320675153837535,2.073671192728031,-2.4707887591404667,2021,True,,
matern32,17,57340.31800112345,True,121,False,1.7524972373268481,2.0811480116067074,-2.474889834200374,2021,True,,
matern32,18,57340.32494335485,True,121,False,1.7314162181579462,2.075535859177187,-2.471347120640226,2021,True,,
matern32,19,57340.77441611723,True,169,False,1.7403112278663853,2.071734497253252,-2.483994426787175,2021,False,,
matern52,0,58385.51436989705,True,133,False,1.660141915013899,1.776417698615572,-2.287591195625124,2021,False,,
matern52,1,58385.81915488391,True,109,False,1.669172369182564,1.7760100296088244,-2.3095785665205235,2021,False,,
matern52,2,58385.36892653487,True,115,False,1.6555895067125677,1.7757478362947245,-2.2924479216686104,2021,False,,
matern52,3,58384.880922659955,True,109,False,1.6830835486569948,1.7855900367910829,-2.2872161868868153,2021,True,,
matern52,4,58384.57298997295,True,121,False,1.6834228434984944,1.7837635267320555,-2.294551000439523,2021,True,,
matern52,5,58385.52971228366,True,115,False,1.66788048990572,1.7842103208663662,-2.2818898834370334,2021,False,,
matern52,6,58386.050554201895,True,127,False,1.6686305060666085,1.7742801942836666,-2.3099120545448604,2021,False,,
matern52,7,58384.68449018669,True,163,False,1.6831419618404893,1.7835867362942759,-2.291027497659115,2021,True,,
matern52,8,58385.26238749957,True,127,False,1.6792210870235125,1.7886357097247843,-2.284797987985265,2021,False,,
matern52,9,58384.69149488356,True,127,False,1.6623233754377449,1.7789100238223583,-2.2953804420943595,2021,True,,
matern52,10,58384.82996071187,True,115,False,1.6671608266170426,1.7806434438140515,-2.3013288838295884,2021,True,,
matern52,11,58385.99718367051,True,149,False,1.6739470692859282,1.7762010522163347,-2.3102609733415655,2021,False,,
matern52,12,58384.356426061524,True,121,False,1.6749903570811315,1.7831941625729355,-2.29448041611056,2021,True,,
matern52,13,58386.13990309672,True,115,False,1.6785829304009476,1.7902897002450222,-2.279910189015824,2021,False,,
matern52,14,58384.50297143262,True,138,False,1.6781308610529149,1.7828972664460518,-2.2987291014527136,2021,True,,
matern52,15,58384.91633483561,True,151,False,1.6611043126085128,1.776703103432046,-2.2931400542660443,2021,True,,
matern52,16,58384.966225130105,True,151,False,1.6715243254251704,1.778620827502346,-2.288958694908489,2021,False,,
matern52,17,58386.69790644395,True,133,False,1.6567895816156086,1.7716034004942385,-2.310260973341569,2021,False,,
matern52,18,58384.728300142226,True,121,False,1.6726897074115374,1.7819111990506546,-2.3015383189386878,2021,True,,
matern52,19,58384.5521693132,True,144,False,1.6781308610529146,1.7857211953767151,-2.293981107015651,2021,True,,
periodic,0,67521.93945837131,True,103,False,1.660141915013899,0.10793367623409614,-1.6755071972811333,2021,True,,
periodic,1,67522.17024090984,True,97,False,1.6722264981963884,0.10757850521719484,-1.6710703943076455,2021,True,,
periodic,2,67573.4325366429,False,240,False,1.666190426914362,0.15957488508260453,-1.675507197281139,2021,False,,
periodic,3,67523.36326613263,True,145,False,1.6823105358317894,0.11757911738497362,-1.6647410036373338,2021,False,,
periodic,4,67522.01890035764,True,103,False,1.6693155325031357,0.1049813613038483,-1.6777973361302854,2021,True,,
periodic,5,67523.23324008904,True,103,False,1.6666091228878073,0.11408168030927479,-1.6620964685365474,2021,False,,
periodic,6,67522.6900515377,True,109,False,1.660959470192518,0.11102588826402479,-1.665425762825403,2021,False,,
periodic,7,67522.02902406361,True,212,False,1.660141915013899,0.10901377310632648,-1.6755071972811344,2021,True,,
periodic,8,67522.64507515052,True,121,False,1.6692544501351896,0.1141087641413546,-1.665816393778544,2021,False,,
periodic,9,67522.61306406805,True,109,False,1.6736167436515128,0.1149740045400896,-1.6669119453124543,2021,False,,
periodic,10,67522.59334538746,True,139,False,1.6617389671319875,0.10509477355398364,-1.684981484832477,2021,False,,
periodic,11,67521.93441330618,True,133,False,1.6655265115898197,0.10465643291881924,-1.6767014735912045,2021,True,,
periodic,12,67521.83714965484,True,109,False,1.666063168903215,0.10826440314814006,-1.676585753303076,2021,True,,
periodic,13,67522.87454198675,True,97,False,1.674310552093775,0.1123826453995991,-1.6641835385659631,2021,False,,
periodic,14,67522.60515773711,True,109,False,1.6614654039047292,0.10112066982281495,-1.6844046586378938,2021,False,,
periodic,15,67521.97439749424,True,139,False,1.666991610132928,0.10690763167911863,-1.6718786185056531,2021,True,,
periodic,16,67522.50121599082,True,145,False,1.6662743308942631,0.11126696039389217,-1.6658303136408834,2021,True,,
periodic,17,67522.96042776124,True,133,False,1.6809319244892096,0.1120172379936819,-1.6819439031244372,2021,False,,
periodic,18,67522.18669889132,True,155,False,1.658197367106849,0.10234295582456629,-1.6755071972811306,2021,True,,
periodic,19,67522.13622839176,True,127,False,1.6716658760529162,0.10588829102994365,-1.6736970581198696,2021,True,,
locally_periodic,0,57359.54169434823,True,200,True,1.7500866452089787,2.302585092994046,2.0885814863297214,2021,True,-2.4689494173566766,
locally_periodic,1,57415.20786230941,False,240,False,1.7792594510735762,2.230696247583232,2.1123239065116532,2021,False,-2.5440561956888597,
locally_periodic,2,57424.70391550312,False,240,True,1.6701330893403863,2.302585092994046,2.0307281388811673,2021,False,-2.5775081010731253,
locally_periodic,3,57405.551628491856,False,240,False,1.7160535201985598,1.7489194411369522,2.096796322848516,2021,False,-2.429657662577248,
locally_periodic,4,57444.692900694776,False,240,False,1.7794942237810512,1.5595508703312118,2.102901181863224,2021,False,-2.4699374943879717,
locally_periodic,5,57359.66024075908,True,138,True,1.7291538195972913,2.302585092994046,2.083942061376251,2021,True,-2.4626747180432846,
locally_periodic,6,57359.780779920344,True,166,True,1.7273047498937517,2.302585092994046,2.078072854990875,2021,True,-2.479410111205326,
locally_periodic,7,57363.07754391871,False,240,True,1.7789808391096271,2.302585092994046,2.0966537415513127,2021,False,-2.4726196021359437,
locally_periodic,8,57359.35995373259,True,181,True,1.7420916015035854,2.302585092994046,2.0870899966008,2021,True,-2.4648538084150555,
locally_periodic,9,57360.4618456452,True,230,True,1.7426304746355212,2.302585092994046,2.0792628268756004,2021,False,-2.4844323634743,
locally_periodic,10,57359.593637831465,True,196,True,1.746662500737041,2.302585092994046,2.0839418777020566,2021,True,-2.468949417356673,
locally_periodic,11,57450.37389368702,False,240,False,1.8395136591302312,1.7125724137544596,2.1625150149988617,2021,False,-2.400940084207342,
locally_periodic,12,57359.81919573499,True,240,True,1.7460097856344592,2.302585092994046,2.0871293372681237,2021,False,-2.4606359389746792,
locally_periodic,13,57359.25035213283,True,184,True,1.7328429403761032,2.302585092994046,2.0804463678330807,2021,True,-2.468949417356675,
locally_periodic,14,57565.61966180896,False,240,True,1.840871815397885,2.302585092994046,2.15258528619231,2021,False,-2.277830695825643,
locally_periodic,15,57360.334327568926,True,165,True,1.7220675714570204,2.302585092994046,2.076096132607794,2021,False,-2.481982182607769,
locally_periodic,16,57360.94793760624,True,229,True,1.714215121150266,2.302585092994046,2.0706493785434312,2021,False,-2.481728480982109,
locally_periodic,17,57359.61234232968,False,240,True,1.7252553962363932,2.302585092994046,2.081692671743417,2021,True,-2.468949417356675,
locally_periodic,18,57359.50772784198,True,211,True,1.7345447847695896,2.302585092994046,2.0864456044779343,2021,True,-2.4686075412886974,
locally_periodic,19,57359.23128403994,True,186,True,1.7339734022558988,2.302585092994046,2.080894470521569,2021,True,-2.4689494173566775,
additive,0,56593.04819649596,False,240,False,1.6601419150138987,1.1369013896658107,0.5088493685168762,2021,False,1.5381874395705628,-2.582298305938897
additive,1,57080.9807377423,False,240,False,-0.8942884225263708,-0.6332109005733628,1.7827917278562733,2021,False,2.4827064820120164,-2.462118329101515
additive,2,57257.117313875766,True,220,False,-2.765138810584032,-1.7994244083726951,1.777262486971498,2021,False,2.1581968622854206,-3.057070779106167
additive,3,57330.28050671335,False,240,False,-2.2150708265251153,-1.8566504991323705,1.8270404439227723,2021,False,2.217646299751062,-4.395880523254421
additive,4,56923.22170731046,False,240,False,1.7927982872088104,0.9597410743363628,0.02953030888096632,2021,False,1.241453044206305,-2.6729774168046707
additive,5,56595.303885695874,False,240,False,1.5871802278489933,1.1303185507601776,0.5002224821481045,2021,False,1.5332934866210681,-2.5811565975350685
additive,6,57268.557661155966,False,240,True,-2.1994485768725625,-1.9956267360001858,1.7673123439917249,2021,False,2.1679169961961304,-11.831567614248087
additive,7,56736.895634106906,False,240,False,1.4082966704676751,1.842068074395237,1.1204735338434195,2021,False,1.8359111834088988,-2.583803754527338
additive,8,57006.00056609852,False,240,False,-1.3979789116188182,-0.7453928455174698,1.7396773974345348,2021,False,2.3485501570556013,-2.456218556420857
additive,9,56640.0003975093,False,240,False,1.5061942562733146,1.2664218011467256,0.7011887449510963,2021,False,1.5516858836915097,-2.6080631073494938
additive,10,57257.287138848915,True,240,False,-2.7328791903489464,-1.8280137300119472,1.774669416957192,2021,False,2.151051913433351,-3.126372971133554
additive,11,56582.85360017046,False,240,False,1.6241640229358667,1.170003702534983,0.557539124388388,2021,False,1.556193163811803,-2.5516970457519443
additive,12,56656.43637903684,False,240,False,1.4052315633416854,2.014761956369789,0.8535066579484845,2021,False,1.6556102724573667,-2.5964829207047284
additive,13,56574.69440400765,False,240,False,1.5787357389611114,1.1743678342143724,0.6217658134025247,2021,False,1.59163986577953,-2.5631895821273134
additive,14,56571.987684191525,False,240,False,1.5424917884894567,1.232517052544606,0.7161280354780931,2021,True,1.6256078128931044,-2.541312223086464
additive,15,57049.63181993314,False,240,False,-1.0381999908384987,-0.6332109005733628,1.7420097681323397,2021,False,2.3671515664901843,-2.443888524353409
additive,16,58035.41658265171,False,240,False,1.4082966704676747,1.381551055796428,0.7667736749119939,2021,False,1.3516274068863277,-3.1263729711335526
additive,17,57505.911421545694,False,240,False,1.8421530651981153,0.8659693192283605,-0.4078696745908781,2021,False,1.006039695640448,-2.763656527670451
additive,18,56574.24336613251,False,240,False,1.5018561650622544,1.2943272863979598,0.7606946130630997,2021,False,1.6367654777960836,-2.569972158600461
additive,19,56590.52604415226,False,240,False,1.3927723543610862,1.3815510557964275,0.8949517317585066,2021,False,1.7022761534869952,-2.5353111056636957
se,0,62232.68846416522,True,133,False,1.5869720106171266,1.3821055457134883,-2.062107538701391,2022,False,,
se,1,62232.7181432388,True,155,False,1.5753516950496567,1.381744278548197,-2.0621075387013894,2022,False,,
se,2,62232.40512064731,True,133,False,1.5671062413680201,1.3716445854363148,-2.075998612944724,2022,False,,
se,3,62242.88737598865,False,240,False,1.609129285995942,1.3907533028660877,-2.0394377609849537,2022,False,,
se,4,62244.55906173978,False,240,False,1.6177053397534435,1.387494268390098,-2.0394377609849537,2022,False,,
se,5,62232.530723114345,True,155,False,1.5703163575908743,1.3774851365093341,-2.0621075387013894,2022,False,,
se,6,62231.99782381517,True,115,False,1.586972010617126,1.3769520230485717,-2.0681429063184615,2022,True,,
se,7,62233.19657195769,True,97,False,1.5778522306372555,1.372102171734897,-2.085622948268284,2022,False,,
se,8,62233.7651269197,True,103,False,1.5839888515943952,1.3835637781305752,-2.0562590216454266,2022,False,,
se,9,62232.417046797025,True,97,False,1.5826047150607618,1.3782500921026701,-2.079423745538396,2022,False,,
se,10,62232.71790236721,True,121,False,1.586972010617126,1.377594423977171,-2.0810636458519314,2022,False,,
se,11,62231.92536587715,True,115,False,1.5685476721863612,1.3748237276399187,-2.071529702677476,2022,True,,
se,12,62232.18574674449,True,127,False,1.5689830645781104,1.3722742575725106,-2.0753955033690192,2022,True,,
se,13,62232.19522537416,True,127,False,1.5881299889056852,1.3793793322219434,-2.0652730332425,2022,True,,
se,14,62232.18190018306,True,121,False,1.5818982603896012,1.3730102464400227,-2.072097250582158,2022,True,,
se,15,62232.19314050126,True,109,False,1.5761575301860122,1.37705793283731,-2.063182240447335,2022,True,,
se,16,62232.41616137387,True,201,False,1.5735726107871983,1.3793133093113945,-2.062107538701393,2022,False,,
se,17,62232.49255868239,True,115,False,1.5762689332045963,1.3766495503641276,-2.0810962404170406,2022,False,,
se,18,62231.75558636469,True,103,False,1.576622492615488,1.377633323808641,-2.066887492101347,2022,True,,
se,19,62243.68783918992,False,240,False,1.5596410774695226,1.3900086775362812,-2.0394377609849537,2022,False,,
matern32,0,58015.19139690233,True,109,False,1.7488725249682704,2.080366649810928,-2.4701635375973856,2022,True,,
matern32,1,58015.323032867134,True,139,False,1.7440973401218287,2.0824488613235563,-2.479037847960013,2022,True,,
matern32,2,58015.12543012339,True,127,False,1.738767282761653,2.0806319866779566,-2.476111870839665,2022,True,,
matern32,3,58015.20304861141,True,139,False,1.7475638355794452,2.0783887646406587,-2.4821553310680997,2022,True,,
matern32,4,58015.19172659276,True,139,False,1.7488725249682706,2.0780333770673165,-2.4797128285934695,2022,True,,
matern32,5,58015.59626525438,True,133,False,1.7398128343268768,2.083116775702046,-2.4650967875334233,2022,False,,
matern32,6,58016.04972879654,True,127,False,1.7588321945333756,2.08257420607847,-2.4843179922734016,2022,False,,
matern32,7,58015.908953939914,True,139,False,1.7618925386807738,2.085818780514166,-2.4774249700021316,2022,False,,
matern32,8,58015.534564025875,True,109,False,1.7321022192026385,2.0695028321374913,-2.4833755754905122,2022,False,,
matern32,9,58015.36768364656,True,138,False,1.7488542988842326,2.07884856681949,-2.4701635375973856,2022,True,,
matern32,10,58015.03939842357,True,133,False,1.7468089593444274,2.08147188626146,-2.4778486784678257,2022,True,,
matern32,11,58016.39650158837,True,127,False,1.7608296020610776,2.0838417500780353,-2.485824454231225,2022,False,,
matern32,12,58014.85187544492,True,121,False,1.741092658185032,2.0788390971993653,-2.476487253290767,2022,True,,
matern32,13,58015.3817652308,True,145,False,1.7442047392170914,2.0844596541768943,-2.4701635375973856,2022,True,,
matern32,14,58016.688813112494,True,127,False,1.7601219419580745,2.0911922374090435,-2.462862064517865,2022,False,,
matern32,15,58015.87366136392,True,103,False,1.7574571932328558,2.0885594830864695,-2.4692147978555337,2022,False,,
matern32,16,58015.06091511635,True,120,False,1.7391055050992343,2.0763522403302983,-2.4701635375973856,2022,True,,
matern32,17,58017.54519527992,True,151,False,1.772311748461209,2.0947715381012997,-2.4707521370962646,2022,False,,
matern32,18,58017.49482787032,True,115,False,1.7659588064891127,2.092063358618271,-2.459493352045684,2022,False,,
matern32,19,58014.846458089,True,127,False,1.7396106655796884,2.076318107523643,-2.47696780719198,2022,True,,
matern52,0,59076.385842062475,True,133,False,1.6589277947731906,1.776417698615572,-2.288805315865833,2022,False,,
matern52,1,59075.73137347022,True,145,False,1.6778085476656694,1.783198558129479,-2.2883916725647846,2022,True,,
matern52,2,59075.63607044398,True,189,False,1.6695797387332612,1.781242617512853,-2.288805315865834,2022,True,,
matern52,3,59076.54522338853,True,121,False,1.6817325168132333,1.7891691301495134,-2.2832531095307536,2022,False,,
matern52,4,59075.942211521586,True,121,False,1.6848165338464676,1.785972394914609,-2.2998438805220323,2022,False,,
matern52,5,59075.817557671995,True,127,False,1.6800384577111414,1.7864487515098535,-2.2876983159794757,2022,True,,
matern52,6,59075.83104208534,True,195,False,1.6632351044618414,1.7800232685088022,-2.288805315865834,2022,True,,
matern52,7,59076.16426146029,True,155,False,1.6592409581529084,1.7778965640638147,-2.2888053158658295,2022,False,,
matern52,8,59075.7966611547,True,139,False,1.6844433166330972,1.7870398066262032,-2.2957874580651887,2022,True,,
matern52,9,59076.413128597735,True,127,False,1.6548088394702665,1.7734898001519015,-2.2971992756635564,2022,False,,
matern52,10,59075.88410028339,True,185,False,1.66238832504936,1.7816991064135685,-2.2888053158658304,2022,True,,
matern52,11,59075.740921517594,True,109,False,1.6654931738305998,1.7807635453289512,-2.3013199946718523,2022,True,,
matern52,12,59076.29404682048,True,145,False,1.6616492903043578,1.7777025731994742,-2.305893540060581,2022,False,,
matern52,13,59075.83862237057,True,139,False,1.67604537432511,1.7807028341355644,-2.3042898530059683,2022,True,,
matern52,14,59076.103433735414,True,145,False,1.6769167408122059,1.7836006663659003,-2.2849678605647643,2022,False,,
matern52,15,59076.14255944881,True,115,False,1.6607649308904167,1.7780667699425317,-2.3041092164418715,2022,False,,
matern52,16,59076.191546912036,True,139,False,1.6655292722418342,1.7805225853862126,-2.305087151318699,2022,False,,
matern52,17,59075.904532518536,True,155,False,1.6619718552545775,1.77962254555943,-2.2888053158658304,2022,True,,
matern52,18,59075.79586496255,True,145,False,1.6833808568357032,1.7871092839737144,-2.290200642801526,2022,True,,
matern52,19,59075.34780133128,True,121,False,1.6679131098152866,1.7812921343000332,-2.2956925993661517,2022,True,,
periodic,0,68303.21104480771,True,103,False,1.6589277947731906,0.10793367623409614,-1.6767213175218423,2022,True,,
periodic,1,68303.80338395452,True,145,False,1.6612262543465945,0.10901463158539781,-1.6676595927006819,2022,True,,
periodic,2,68304.47587986082,True,139,False,1.6601861369568394,0.11449571692389136,-1.6647547046201834,2022,False,,
periodic,3,68303.55114969733,True,133,False,1.676916740812206,0.1134946601406042,-1.6743265705255286,2022,True,,
periodic,4,68303.4431076351,True,109,False,1.6590804616856214,0.10921753234701305,-1.6710030312529771,2022,True,,
periodic,5,68319.72705812695,False,240,False,1.6445573914402556,0.07533271925813351,-1.676721317521848,2022,False,,
periodic,6,68304.46035224241,True,115,False,1.671748792379649,0.1139141977063558,-1.663579279143148,2022,False,,
periodic,7,68303.59438490277,True,133,False,1.6676783976663183,0.10497726490723097,-1.6831752051303677,2022,True,,
periodic,8,68303.4507433853,True,139,False,1.6628320763028999,0.11256518529432605,-1.6724205746820213,2022,True,,
periodic,9,68304.26001888126,True,115,False,1.6532999384093676,0.10776377192981607,-1.6668384883659255,2022,False,,
periodic,10,68304.17979099188,True,132,False,1.6589277947731902,0.11001848834107357,-1.6654926276933277,2022,False,,
periodic,11,68304.47950945028,True,127,False,1.6762009006197187,0.10929433556012418,-1.6870280250079182,2022,False,,
periodic,12,68303.28282366134,True,137,False,1.6659112178067534,0.10573734970867704,-1.6767213175218396,2022,True,,
periodic,13,68303.37450394881,True,109,False,1.6591314175682306,0.10935476881150025,-1.6719239517680538,2022,True,,
periodic,14,68305.36726454699,True,115,False,1.6819458953800974,0.11942762473070721,-1.6622799270510726,2022,False,,
periodic,15,68303.67534914534,True,103,False,1.6573403244274332,0.10773244224381832,-1.6825660166273928,2022,True,,
periodic,16,68303.61794167373,True,127,False,1.668679444832602,0.11431411766341915,-1.6699715817347092,2022,True,,
periodic,17,68303.37411641926,True,144,False,1.65892779477319,0.11051288201656154,-1.674720334067559,2022,True,,
periodic,18,68303.28098659412,True,121,False,1.6711081642208583,0.10929706250573902,-1.674140946080076,2022,True,,
periodic,19,68303.47536413457,True,127,False,1.6633573034396205,0.10935005306376216,-1.6815529148928579,2022,True,,
locally_periodic,0,58034.68735908078,True,200,True,1.7488725249682704,2.302585092994046,2.0885814863297214,2022,True,-2.4701635375973856,
locally_periodic,1,58520.47544366197,False,240,False,1.8560056145440966,0.9225335781087325,2.2939523992995556,2022,False,-2.4021542044480544,
locally_periodic,2,58034.45472617796,True,166,True,1.7385571811053353,2.302585092994046,2.0832594952928476,2022,True,-2.4670885669803093,
locally_periodic,3,58035.00717542391,True,188,True,1.7296566182494497,2.302585092994046,2.086336769312801,2022,False,-2.46229236953292,
locally_periodic,4,58049.4586832984,False,240,True,1.796968257259374,2.302585092994046,2.096796322848514,2022,False,-2.506429722759424,
locally_periodic,5,58034.38323207177,True,214,True,1.730430811255665,2.302585092994046,2.0799553562133695,2022,True,-2.4701635375973825,
locally_periodic,6,58034.426392512134,True,240,True,1.7302121379148985,2.302585092994046,2.079378373893062,2022,True,-2.470169204046453,
locally_periodic,7,58034.75777947424,True,239,True,1.7486617352817453,2.302585092994046,2.0901281254079427,2022,True,-2.4701635375973865,
locally_periodic,8,58034.5191560022,True,136,True,1.742752853789613,2.302585092994046,2.0839302010545038,2022,True,-2.475096559709284,
locally_periodic,9,58034.74087655738,True,172,True,1.7353620562301109,2.302585092994046,2.0875980687679587,2022,True,-2.4635339715966484,
locally_periodic,10,58035.09966890882,True,184,True,1.740412319516643,2.302585092994046,2.0793219312052282,2022,False,-2.480727027557626,
locally_periodic,11,58035.353877098765,True,197,True,1.7135034830473956,2.302585092994046,2.074395530932315,2022,False,-2.470163537597384,
locally_periodic,12,58034.39886978685,True,181,True,1.738333880716708,2.302585092994046,2.0864039414558277,2022,True,-2.470163537597383,
locally_periodic,13,59129.776607630556,False,240,False,1.7152645995688067,0.5052870113660219,2.523967821825773,2022,False,-2.265062108532405,
locally_periodic,14,58035.382915508395,True,177,True,1.7174869713381524,2.302585092994046,2.0753188838543304,2022,False,-2.480034197224983,
locally_periodic,15,58034.49947620415,True,182,True,1.7404704335312327,2.302585092994046,2.087780151037974,2022,True,-2.470163537597382,
locally_periodic,16,58034.31623653821,True,142,True,1.7314613048520304,2.302585092994046,2.0815716629331806,2022,True,-2.4701635375973856,
locally_periodic,17,58052.19158929355,False,240,False,1.7790299250949917,2.0723265836946414,2.1083235390508097,2022,False,-2.4767235418817553,
locally_periodic,18,58034.872355176136,True,198,True,1.7248141602363734,2.302585092994046,2.0754269139165644,2022,True,-2.470163537597383,
locally_periodic,19,58034.977017357305,True,167,True,1.7434403350662195,2.302585092994046,2.091478795191429,2022,False,-2.464424092528323,
additive,0,57255.638754102576,False,240,False,1.6589277947731906,1.1369013896658107,0.5076352482761676,2022,False,1.5381874395705628,-2.583512426179606
additive,1,57678.07179916674,False,240,False,-1.2831845823272718,-0.7223398432320113,1.7259101302903275,2022,False,2.355695323806224,-2.4692293213876075
additive,2,57240.27002536165,False,240,False,1.5884543616979498,1.172879281743842,0.5865797332448924,2022,False,1.5712428860212067,-2.560842648463162
additive,3,57743.84888899741,False,240,False,-0.8780593476086389,-0.6241028344886572,1.6347644798423338,2022,False,2.3865165008890123,-2.4542518051734947
additive,4,57315.78408077697,False,240,False,1.694905686851223,0.9785986645224696,0.3783580597722823,2022,False,1.4686487983431682,-2.5835124261796034
additive,5,57234.551341704806,True,231,False,1.5505461752157483,1.260538219320064,0.7066659258277356,2022,True,1.617566772886345,-2.566446729894505
additive,6,57239.11962867677,False,240,False,1.5682976862584437,1.1729817621041598,0.5993123789241734,2022,False,1.5770029739594889,-2.5603971721370105
additive,7,58271.94672936275,False,240,True,-1.1833256793913343,2.302585092994046,2.0676733476095133,2022,False,2.2246073986593755,-2.355930331029496
additive,8,57242.03867905636,False,240,False,1.605050297233678,1.1585663687728953,0.5735871867143065,2022,False,1.5679243192689936,-2.5565986999658046
additive,9,57237.31181077757,False,240,False,1.609506180753217,1.224637765644969,0.622896065143762,2022,False,1.5924976303186147,-2.5486767526414407
additive,10,57239.49454691392,False,240,False,1.582089610442649,1.2169610865961369,0.6449634602864278,2022,False,1.591692824427486,-2.53696746701925
additive,11,57974.15715808897,False,240,False,-0.14442973368563167,-0.41032208649894125,1.6621495969637052,2022,False,2.6524173069771853,-2.3819697189986533
additive,12,57742.36636803122,False,240,True,0.8314362769784569,2.302585092994046,1.013548265381368,2022,False,1.8872336524306788,-2.402154204448051
additive,13,57925.214592909455,False,240,False,1.545711275397088,0.7677253942312097,-0.1821436254056763,2022,False,1.2302644937257958,-2.76487064791116
additive,14,57952.504327008195,False,240,False,-2.2116570749994575,-1.9433921458634005,1.8070416155503584,2022,False,2.179955600618304,-5.3038857521529
additive,15,57943.93301935216,False,240,False,-2.443863599368417,-2.0435442700322155,1.6999037265655008,2022,False,2.095552082586244,-4.487773754360906
additive,16,57667.43913345631,False,240,False,-1.6362602156060928,-0.820520955115665,1.7408807459112485,2022,False,2.3097841427121586,-2.503730368052661
additive,17,57355.00723510387,False,240,False,1.2014947109125365,2.2738027793316204,1.1842749206481806,2022,False,1.8204022695919067,-2.5598955204398917
additive,18,57389.71543196534,False,240,False,1.2448355983120978,2.2450204656691946,1.1811898526585434,2022,False,1.8170798369522239,-2.616856219089934
additive,19,58079.658712394805,False,240,True,-3.054176067448996,2.302585092994046,1.927220139023819,2022,False,2.1536596149260268,-2.4623719262808588
se,0,62952.08272581271,True,139,False,1.577675837961253,1.373890709194695,-2.0760845430346926,2023,True,,
se,1,62951.79063187355,True,127,False,1.594976170590538,1.3797020719302548,-2.073794420736516,2023,True,,
se,2,62952.22783708442,True,149,False,1.5732839133673162,1.3744113683876744,-2.076084543034691,2023,False,,
se,3,62951.72736615802,True,127,False,1.580276648123326,1.3783234043967598,-2.077599101519395,2023,True,,
se,4,62952.71860357921,True,97,False,1.5894285701321336,1.378020127742003,-2.0646658566861777,2023,False,,
se,5,98150.50407593261,False,240,False,1.4157753236101087,0.16519119470808669,-8.740999191669239,2023,False,,
se,6,62952.03419139579,True,109,False,1.5787881609926926,1.3740717876202853,-2.0806057996742977,2023,True,,
se,7,62952.54143708132,True,103,False,1.5858304648810246,1.3736587622929401,-2.0859114763472095,2023,False,,
se,8,62952.33262290244,True,109,False,1.5952414649481126,1.3820398167705652,-2.078545222746034,2023,False,,
se,9,62951.92300132059,True,133,False,1.5849988807882796,1.381418944620057,-2.075213518372447,2023,True,,
se,10,62951.736505887224,True,127,False,1.5819948425675479,1.3751890258123385,-2.0763598124003964,2023,True,,
se,11,62952.12177039056,True,109,False,1.587991746817412,1.3805526258821246,-2.0665070824102045,2023,True,,
se,12,62951.69814415668,True,103,False,1.579398342561882,1.3775653377869883,-2.073278060881884,2023,True,,
se,13,62952.064910704794,True,115,False,1.5782209985663505,1.377883240218983,-2.080688514609851,2023,True,,
se,14,62952.98028262255,True,121,False,1.580543409429074,1.3711365789119414,-2.085299673965448,2023,False,,
se,15,62952.39002711605,True,91,False,1.5809915065262827,1.3826019329979824,-2.0699846457069393,2023,False,,
se,16,62951.99518828178,True,97,False,1.582206315411736,1.379795372270928,-2.0680414918194767,2023,True,,
se,17,62951.57702928771,True,115,False,1.587867682834328,1.3797489638754896,-2.0730171408235716,2023,True,,
se,18,62951.945583612025,True,213,False,1.5838938512342988,1.3811121918948661,-2.076084543034695,2023,True,,
se,19,62953.52266250903,True,127,False,1.5863018375983282,1.3835191592781513,-2.0598884812891414,2023,False,,
matern32,0,58666.53403933963,True,109,False,1.7575652983514127,2.080366649810928,-2.4841405419306875,2023,True,,
matern32,1,58666.37193564602,True,115,False,1.7460922917929584,2.081126185528425,-2.474738534549623,2023,True,,
matern32,2,58666.63516868335,True,133,False,1.758023224197257,2.0809191795798525,-2.48855601678311,2023,True,,
matern32,3,58666.27105971436,True,187,False,1.7404315520704954,2.078628197160407,-2.4814208895320276,2023,True,,
matern32,4,58668.07304129757,True,121,False,1.7210891386523208,2.067370060705612,-2.4787146305371843,2023,False,,
matern32,5,58666.91556324916,True,157,False,1.7612459960471185,2.0875748643497034,-2.4863082490475823,2023,False,,
matern32,6,58666.55922565449,True,133,False,1.742501185265064,2.079856767639217,-2.487536493161397,2023,True,,
matern32,7,58666.551398413416,True,145,False,1.744991827430657,2.083033595451013,-2.474290344436817,2023,True,,
matern32,8,58666.81791291124,True,115,False,1.7427980022222764,2.0803034916729213,-2.489542055797183,2023,True,,
matern32,9,58669.073787070156,True,143,False,1.782129492675844,2.09631073564381,-2.484140541930685,2023,False,,
matern32,10,58666.91704195336,True,103,False,1.7612653934210543,2.0847078414507165,-2.4899239818813244,2023,False,,
matern32,11,58666.29875506464,True,121,False,1.7536220309978519,2.08471416979356,-2.480036351371873,2023,True,,
matern32,12,58666.259805645146,True,127,False,1.7449286104848885,2.0810975666361515,-2.4774101627017475,2023,True,,
matern32,13,58666.27809466148,True,149,False,1.7446778348180199,2.0805974478167264,-2.484140541930685,2023,True,,
matern32,14,58667.69240622861,True,139,False,1.7682547520431133,2.088367595754921,-2.4911304505929817,2023,False,,
matern32,15,58668.142633628886,True,103,False,1.7242800225663375,2.0731899082594905,-2.4699905861146125,2023,False,,
matern32,16,58666.54879250914,True,126,False,1.756900073244302,2.08600891469303,-2.4841405419306875,2023,True,,
matern32,17,58666.33438286966,True,151,False,1.7548056961639604,2.080366649810928,-2.481979094192046,2023,True,,
matern32,18,58667.73196143885,True,148,False,1.7215874062733798,2.0682489344734165,-2.484140541930685,2023,False,,
matern32,19,58666.49490634673,True,167,False,1.7575652983514105,2.0851484876838327,-2.4755215156913,2023,True,,
matern52,0,59740.429071298524,True,109,False,1.6856095141953489,1.7846325351343653,-2.302782320199135,2023,True,,
matern52,1,59740.69941639158,True,151,False,1.6814605965226121,1.7802545459012522,-2.3069613650087373,2023,True,,
matern52,2,59740.741344221664,True,127,False,1.6807114629557076,1.7822792474903744,-2.2951720885821074,2023,True,,
matern52,3,59741.0917990023,True,137,False,1.664511277965349,1.7773821347674392,-2.302782320199132,2023,False,,
matern52,4,59741.62260581434,True,157,False,1.7001835017211702,1.7911969670149996,-2.3023385628984774,2023,False,,
matern52,5,59740.44880683665,True,127,False,1.6789762932304806,1.7854224260098066,-2.2996753231960896,2023,True,,
matern52,6,59740.46244910106,True,121,False,1.6781308341494787,1.7850664910581626,-2.3009351875312243,2023,True,,
matern52,7,59740.52338472627,True,126,False,1.6856095141953484,1.7826283770073346,-2.302782320199135,2023,True,,
matern52,8,59740.465016344184,True,133,False,1.684525788674675,1.7831592921150823,-2.2997827486988647,2023,True,,
matern52,9,59740.72746408306,True,115,False,1.6738230814755994,1.780330472436858,-2.2968312312239583,2023,True,,
matern52,10,59741.51304358033,True,221,False,1.6998236805012124,1.7903722329844776,-2.3027823201991358,2023,False,,
matern52,11,59740.94860905497,True,115,False,1.6716363435080683,1.7804239909061488,-2.294724250809416,2023,True,,
matern52,12,59740.596876725154,True,121,False,1.6856095141953489,1.7831307159100371,-2.3061136575710215,2023,True,,
matern52,13,59741.0367668909,True,103,False,1.6798072481309365,1.7840203994732398,-2.3098459441402874,2023,False,,
matern52,14,59740.74785639327,True,127,False,1.6692002058233373,1.781045183730324,-2.3039938928841326,2023,True,,
matern52,15,59741.82043614809,True,127,False,1.6935258383144935,1.7926695643354629,-2.2898036832646493,2023,False,,
matern52,16,59741.18949497788,True,115,False,1.6816028464269441,1.781774267365082,-2.292795060256188,2023,False,,
matern52,17,59742.037781217594,True,115,False,1.6793375332529346,1.7760832792329024,-2.3149846902016438,2023,False,,
matern52,18,59741.35717074745,True,115,False,1.6724637556702764,1.7814175168259974,-2.2907992247787026,2023,False,,
matern52,19,59740.800068163066,True,139,False,1.678383757108242,1.7847542209994003,-2.3066746479737654,2023,True,,
periodic,0,69127.38505255699,True,91,False,1.6676205681563327,0.11512925464970253,-1.6680285441387,2023,False,,
periodic,1,69127.28102043323,True,137,False,1.679564561399642,0.11393007046955664,-1.6680285441386973,2023,False,,
periodic,2,69126.73815609653,True,127,False,1.6627922856703683,0.10919648975568787,-1.6788805373249922,2023,True,,
periodic,3,69126.98430731507,True,127,False,1.6632140763454604,0.10477880302141639,-1.6801488263497664,2023,True,,
periodic,4,69126.70946660555,True,109,False,1.6634702949744773,0.10995743270230476,-1.678234910319785,2023,True,,
periodic,5,69127.18484658287,True,115,False,1.6856095141953482,0.11555549151835258,-1.682699866355354,2023,False,,
periodic,6,69126.84189223657,True,127,False,1.6729038970957832,0.11581629262881864,-1.6718057125491874,2023,True,,
periodic,7,69128.51278781591,True,127,False,1.6583914075561061,0.10117175582517002,-1.6915032476154794,2023,False,,
periodic,8,69127.80788686134,True,133,False,1.6739621631271304,0.11593351190275661,-1.6645173288795758,2023,False,,
periodic,9,69126.80735139536,True,151,False,1.67986359488571,0.10916446710420391,-1.682481949847076,2023,True,,
periodic,10,69127.36200265808,True,115,False,1.6852446436735553,0.11900719849865349,-1.6690982302898012,2023,False,,
periodic,11,69127.32780778945,True,115,False,1.679121463472672,0.11685624856598481,-1.6673134613962557,2023,False,,
periodic,12,69127.7045481497,True,97,False,1.679308538626636,0.10971764663784553,-1.689696703246017,2023,False,,
periodic,13,69127.3992748621,True,188,False,1.6668397163579227,0.11125967544200538,-1.668028544138701,2023,False,,
periodic,14,69127.40624353939,True,103,False,1.6667128979045047,0.10506867224181113,-1.6881265117504702,2023,False,,
periodic,15,69126.47260761863,True,145,False,1.6778935833712325,0.1116988662151825,-1.6776763761000393,2023,True,,
periodic,16,69126.75500922183,True,133,False,1.6692642556974686,0.11416833200282225,-1.6731099679704828,2023,True,,
periodic,17,69126.49548448435,True,121,False,1.6685369163286685,0.1098199507563179,-1.6778792204309632,2023,True,,
periodic,18,69127.58096043512,True,121,False,1.6792803716455704,0.10935465796534695,-1.6891131210692572,2023,False,,
periodic,19,69126.95818284914,True,109,False,1.6708193621169007,0.10896048233527855,-1.68580476321368,2023,True,,
locally_periodic,0,58686.444584385754,True,169,True,1.7575652983514127,2.302585092994046,2.0885814863297214,2023,False,-2.4841405419306875,
locally_periodic,1,58686.42516585317,True,192,True,1.754935408160005,2.302585092994046,2.0858246769205224,2023,True,-2.484140541930684,
locally_periodic,2,58686.09690854243,True,175,True,1.7399940566459666,2.302585092994046,2.0849544424329642,2023,True,-2.484140541930684,
locally_periodic,3,58718.06171592735,False,240,True,1.6930028428734296,2.302585092994046,2.0310776306981673,2023,False,-2.529769709197586,
locally_periodic,4,58686.687864103165,True,169,True,1.7567590902683696,2.302585092994046,2.092637721380351,2023,False,-2.484140541930685,
locally_periodic,5,58735.67262059364,False,240,True,1.724130712461108,2.302585092994046,2.1204016833116883,2023,False,-2.393461431064912,
locally_periodic,6,58685.97752964698,True,156,True,1.74246079067062,2.302585092994046,2.081595411525436,2023,True,-2.4806167341042324,
locally_periodic,7,58686.48073664609,True,232,True,1.7483315697165132,2.3025850929940455,2.08515639815547,2023,False,-2.4692942764377697,
locally_periodic,8,58686.10196439471,True,198,True,1.7336592683939813,2.302585092994046,2.08484735518618,2023,True,-2.475432226144594,
locally_periodic,9,58686.12546660098,True,157,True,1.7401148059100464,2.302585092994046,2.081581302330956,2023,True,-2.473625954888333,
locally_periodic,10,58688.88985281394,False,240,True,1.770014833450161,2.302585092994046,2.1000845040778846,2023,False,-2.45884317188279,
locally_periodic,11,58687.10672660293,True,165,True,1.7678492848441747,2.302585092994046,2.0967892622101587,2023,False,-2.475719431147009,
locally_periodic,12,58686.20346114742,True,225,True,1.7563501695773152,2.302585092994046,2.0913266514922695,2023,True,-2.480195256025374,
locally_periodic,13,58685.847466088126,True,182,True,1.7480383833902766,2.302585092994046,2.0877999494972435,2023,True,-2.4801770777549548,
locally_periodic,14,58686.33904451215,True,240,True,1.7326660069581012,2.302585092994046,2.082426459746527,2023,True,-2.484140541930685,
locally_periodic,15,58761.36639874888,False,240,False,1.7272955964881755,1.5580046140890025,2.096796322848516,2023,False,-2.486179014285527,
locally_periodic,16,58816.30785264703,False,240,False,1.8755396680309995,1.6693741924206835,2.190825978838715,2023,False,-2.393461431064912,
locally_periodic,17,58686.74833379079,True,204,True,1.7587522527435155,2.302585092994046,2.0930322904230776,2023,False,-2.4670144267168905,
locally_periodic,18,58685.959752545685,True,160,True,1.745806445827114,2.302585092994046,2.087356067670119,2023,True,-2.4822655082850242,
locally_periodic,19,58716.537966576885,False,240,True,1.8157540086395545,2.3025850929940455,2.140890245526707,2023,False,-2.4798395465692344,
additive,0,57887.50106890679,False,240,False,1.631642676078301,1.1512925464970238,0.624261697893406,2023,False,1.60390613172091,-2.5748196527964637
additive,1,57912.5759795436,False,240,False,1.6758790640572807,1.1394942437812599,0.5229741311760667,2023,False,1.5688174649942366,-2.5963693689179657
additive,2,58337.184626115806,False,240,False,1.1279521869858549,1.842068074395237,1.1482495501433139,2023,False,1.902303558773658,-2.2815068980443316
additive,3,59117.77689493673,False,240,False,1.9518761569160712,0.9210340371976184,-0.09987152176960967,2023,False,1.0045377565304936,-3.1188943179911233
additive,4,57977.0130768669,False,240,False,1.376934346433447,1.6118095650958324,1.0696437146970292,2023,False,1.7764317004708539,-2.612338358936711
additive,5,57890.80352765004,False,240,False,1.5119386445994047,1.3527687421340024,0.8397052254618731,2023,False,1.682151243891364,-2.5748196527964637
additive,6,58668.50152944908,False,240,False,-2.273042329255859,-2.072326583694641,1.6972143849053873,2023,False,2.0540491968531773,-9.28507385686391
additive,7,57912.22550972357,False,240,False,1.4269982417520948,1.5076623753421285,0.9571595693287929,2023,False,1.7307017398583109,-2.551822923968604
additive,8,57882.69705614784,False,240,False,1.5815859346825174,1.194380848979902,0.60964207597609,2023,False,1.5774419682659655,-2.5605023098821165
additive,9,57897.743137473226,False,240,False,1.4157753236101094,1.1512925464970234,0.7273339935577283,2023,False,1.651313520268997,-2.574819652796461
additive,10,58323.492973520275,False,240,False,-1.4517686341274816,-0.7669793463395689,1.7442809353077087,2023,False,2.3432414184123163,-2.499742835242652
additive,11,57878.51485282339,False,240,False,1.541556610681099,1.263287791168043,0.7056751106985945,2023,True,1.632539263789426,-2.5563011257579347
additive,12,58122.34183482493,False,240,False,1.7035984602343652,1.611809565095832,0.7583198862808475,2023,False,1.5431552433807383,-2.7561778745280137
additive,13,57900.89792620698,False,240,False,1.5319942838634282,1.2664218011467256,0.6922852044551553,2023,False,1.5879945727417422,-2.6284492038320684
additive,14,58583.51009814142,True,201,False,-2.7563286421314492,-1.8603785587014003,1.7551339395565584,2023,False,2.140374612283793,-3.1714701499943048
additive,15,58837.41491219131,False,240,True,-1.9298903969428194,-1.8759147156276663,1.7369403381494128,2023,False,2.241569250657476,-11.824088961105653
additive,16,58028.61046070034,False,240,False,1.4157753236101107,2.1874558383443437,1.1346923590093527,2023,False,1.7496767630196324,-2.5464775261769317
additive,17,57926.23727738319,False,240,False,1.6676205681563332,1.079336762340959,0.43895397454071083,2023,False,1.490816279000875,-2.5632762428480835
additive,18,57897.6549660412,False,240,False,1.564884489499648,1.208857173821874,0.6191754860858849,2023,False,1.5691089643077576,-2.536630111930049
additive,19,58017.65646103944,False,240,False,1.667676042449535,0.9957364950732464,0.21761427842586611,2023,False,1.4127770860239124,-2.5748196527964606
se,0,63602.13678954543,True,139,False,1.5770720147027721,1.373890709194695,-2.0766883662931734,2024,False,,
se,1,63601.77390480307,True,127,False,1.5833870136524555,1.3819277095521063,-2.075691040384295,2024,True,,
se,2,63601.89826529824,True,115,False,1.589077829429164,1.3829905000118576,-2.0752764622832003,2024,True,,
se,3,63601.941905602085,True,109,False,1.581717820498114,1.374536408789421,-2.076439476074752,2024,True,,
se,4,63601.71781256251,True,115,False,1.5955396383433031,1.3811115097580398,-2.0794833598446116,2024,True,,
se,5,63603.37613938671,True,121,False,1.580790138055222,1.3711353588680453,-2.094895223626757,2024,False,,
se,6,63601.7828234179,True,127,False,1.5770720147027717,1.3792921555924658,-2.0746190771224082,2024,True,,
se,7,63602.80046716767,True,103,False,1.5768134028960188,1.3752993604324977,-2.092898009262707,2024,False,,
se,8,63602.56255822906,True,109,False,1.576313621142015,1.3715757758672347,-2.0892455688731038,2024,False,,
se,9,63601.376214328855,True,133,False,1.5914252921583603,1.3790222539683772,-2.079103758440065,2024,True,,
se,10,63601.701631037984,True,139,False,1.5842880529925625,1.3754975951984054,-2.076688366293175,2024,True,,
se,11,63601.8554103022,True,139,False,1.579001089607906,1.373319321575129,-2.0818771838715886,2024,True,,
se,12,63603.16814455869,True,133,False,1.5832639741359626,1.3713567391617534,-2.0938405392195576,2024,False,,
se,13,63601.42574831874,True,237,False,1.5844813030988025,1.377090959996969,-2.0766883662931797,2024,True,,
se,14,63601.6401482478,True,127,False,1.5797954517961315,1.379207026530516,-2.0831586480616964,2024,True,,
se,15,63622.42903062835,False,240,False,1.5771782264123595,1.3949764643598492,-2.031348810860293,2024,False,,
se,16,63601.51402753792,True,127,False,1.5781545462322508,1.3779615421262785,-2.0824298671784844,2024,True,,
se,17,63601.98085031919,True,103,False,1.5791841621936573,1.377906518562609,-2.087582344694692,2024,True,,
se,18,63601.683079966126,True,202,False,1.59433901950616,1.381278254696096,-2.0766883662931765,2024,True,,
se,19,63601.63454303058,True,166,False,1.5945988161448261,1.3796710893820219,-2.0766883662931765,2024,True,,
matern32,0,59264.63157627887,True,115,False,1.738972529053916,2.080366649810928,-2.4847443651891674,2024,True,,
matern32,1,59264.51820054717,True,149,False,1.737474456878827,2.0772958673178,-2.4847443651891656,2024,True,,
matern32,2,59265.71861611993,True,121,False,1.7699896421078423,2.090735559672668,-2.479372955538886,2024,False,,
matern32,3,59265.2422730823,True,157,False,1.7638364301857352,2.083903577776391,-2.49587870526938,2024,False,,
matern32,4,59264.89586915124,True,169,False,1.755473628565469,2.082976096582665,-2.4965579013703203,2024,True,,
matern32,5,59264.63443104517,True,157,False,1.7361265522420657,2.076207241715193,-2.49194117445968,2024,True,,
matern32,6,59266.607901389274,True,154,False,1.7169939556305993,2.066474556896768,-2.4847443651891656,2024,False,,
matern32,7,59264.70308673053,True,133,False,1.7549703813472988,2.0859825903251115,-2.4804132981737714,2024,True,,
matern32,8,59264.9962253252,True,190,False,1.7646189499018647,2.088451266653628,-2.48474436518917,2024,True,,
matern32,9,59264.563489817694,True,151,False,1.745342282178471,2.0809053102434216,-2.4929035699943083,2024,True,,
matern32,10,59264.78234006693,True,133,False,1.7535577864702545,2.087164200706194,-2.483487859363437,2024,True,,
matern32,11,59266.07862924082,True,115,False,1.721669373324212,2.066204144969229,-2.491196419232622,2024,False,,
matern32,12,59264.60485670765,True,145,False,1.7569614750929317,2.084053233305546,-2.4826000282195992,2024,True,,
matern32,13,59264.732157124825,True,139,False,1.7486008906200508,2.078016571923034,-2.482535210060442,2024,True,,
matern32,14,59265.37703655283,True,109,False,1.7686501879866423,2.0875274387652745,-2.491829119081532,2024,False,,
matern32,15,59265.519510570055,True,196,False,1.7251213157906364,2.07042894912305,-2.48474436518917,2024,False,,
matern32,16,59265.13681781503,True,97,False,1.7301280417823168,2.071348782991998,-2.485607201881121,2024,False,,
matern32,17,59265.086393085076,True,121,False,1.7629990480531128,2.089701425189563,-2.4856618907892867,2024,True,,
matern32,18,59265.130806347166,True,169,False,1.7549030460226676,2.083022079867211,-2.4983994172495994,2024,False,,
matern32,19,59264.671141442326,True,132,False,1.7585858446483393,2.0830020887475076,-2.484744365189166,2024,True,,
matern52,0,60349.144055233446,True,109,False,1.685005690936868,1.7846325351343653,-2.303386143457615,2024,True,,
matern52,1,60349.56357811557,True,109,False,1.671226912735051,1.7843333896452507,-2.299976352734885,2024,True,,
matern52,2,60349.14373815441,True,121,False,1.680597784446272,1.7843591734685988,-2.310241942209216,2024,True,,
matern52,3,60349.43808767437,True,127,False,1.6813694240561543,1.7818690008896687,-2.3013422804460584,2024,True,,
matern52,4,60349.2600193864,True,139,False,1.6769388344887555,1.7859544617103675,-2.304967734538421,2024,True,,
matern52,5,60349.442438573344,True,161,False,1.676657492122766,1.7796430678057238,-2.303386143457613,2024,True,,
matern52,6,60349.346933090055,True,139,False,1.6850056909368676,1.7882834798198735,-2.302837377472008,2024,True,,
matern52,7,60351.16901933325,True,121,False,1.679628856603357,1.7758652107968709,-2.3231662274251264,2024,False,,
matern52,8,60350.59350753599,True,127,False,1.667016744897852,1.7740654610081674,-2.3186119663506695,2024,False,,
matern52,9,60350.08434330215,True,109,False,1.670811358832065,1.779661778622656,-2.318186613986104,2024,False,,
matern52,10,60349.5538885751,True,103,False,1.6857029935761603,1.787118857224685,-2.3114498356740025,2024,True,,
matern52,11,60349.27900429314,True,127,False,1.6724991571689043,1.784039549054423,-2.305572401677906,2024,True,,
matern52,12,60349.59218742303,True,175,False,1.6868106763774904,1.7837754422287018,-2.3147399374143593,2024,True,,
matern52,13,60349.39823016904,True,145,False,1.6748485747982524,1.7807477245588799,-2.3014733637612586,2024,True,,
matern52,14,60349.927289592466,True,151,False,1.669759684745986,1.7789151463231225,-2.299556943683086,2024,False,,
matern52,15,60349.40492774482,True,145,False,1.6872458160113166,1.7826349807577901,-2.311876118797842,2024,True,,
matern52,16,60350.15292004178,True,133,False,1.6783837953688356,1.7770231163761028,-2.318007008998498,2024,False,,
matern52,17,60349.39845358125,True,155,False,1.688356758551676,1.7840473924301015,-2.303386143457613,2024,True,,
matern52,18,60349.29974536186,True,127,False,1.6885947449865624,1.7838520344110382,-2.30653382357481,2024,True,,
matern52,19,60349.35873568186,True,133,False,1.6712431086030552,1.7814909035070852,-2.3113171332465248,2024,True,,
periodic,0,69868.40459519092,True,91,False,1.667016744897852,0.11512925464970253,-1.6686323673971803,2024,False,,
periodic,1,69868.48756374518,True,131,False,1.6692954444495252,0.11757799787341913,-1.6686323673971784,2024,False,,
periodic,2,69867.1489618621,True,157,False,1.6781091587484314,0.1079336762340957,-1.687951407151445,2024,True,,
periodic,3,69868.42589486325,True,125,False,1.6850056909368674,0.11896060320669165,-1.6686323673971788,2024,False,,
periodic,4,69866.93673442402,True,151,False,1.6766713188383322,0.11544329194169459,-1.6803197540497234,2024,True,,
periodic,5,69868.11684756521,True,127,False,1.6855854032682338,0.11985000590682338,-1.6709301356303117,2024,False,,
periodic,6,69867.62745741569,True,115,False,1.6617425247485234,0.10868844353754656,-1.675048057105777,2024,False,,
periodic,7,69867.45495533326,True,127,False,1.6850056909368674,0.11384803509131773,-1.6881798052180887,2024,True,,
periodic,8,69904.65511143582,False,240,False,1.6416143099488165,0.0669251151131916,-1.6686323673971875,2024,False,,
periodic,9,69867.2526971091,True,121,False,1.6670167448978515,0.10814762917945234,-1.6770079281102623,2024,True,,
periodic,10,69868.01015768244,True,121,False,1.673901448292204,0.10477172503252594,-1.6942600660503457,2024,False,,
periodic,11,100650.26809911977,False,240,False,1.5022967614706917,-1.1809769652636082,-6.383946132417539,2024,False,,
periodic,12,69866.91126325601,True,121,False,1.6664558418018145,0.10918439382918699,-1.679973480387364,2024,True,,
periodic,13,69867.75277925403,True,115,False,1.6718088043271504,0.10441408819352485,-1.6926445912451027,2024,False,,
periodic,14,69867.67335180346,True,151,False,1.6603274959656216,0.10733163264448034,-1.676079415686426,2024,False,,
periodic,15,69867.53408925801,True,145,False,1.6724423557259107,0.10475330755643728,-1.6909537949945337,2024,True,,
periodic,16,69867.96802735655,True,115,False,1.6671895329446058,0.10769963520789837,-1.6941279987079783,2024,False,,
periodic,17,69919.83699771197,False,240,False,1.676598671001663,0.064527530127583,-1.6686323673971875,2024,False,,
periodic,18,69866.94254989781,True,145,False,1.6751971474001313,0.10776746628694023,-1.685657232375844,2024,True,,
periodic,19,69867.65577903447,True,139,False,1.678286144191079,0.10602096193205826,-1.6912162319465016,2024,False,,
locally_periodic,0,59284.4621975616,True,169,True,1.7569614750929319,2.302585092994046,2.0885814863297214,2024,True,-2.4847443651891674,
locally_periodic,1,59284.603214914794,True,123,True,1.7599451288727683,2.302585092994046,2.091066883994696,2024,True,-2.4854750807928534,
locally_periodic,2,59497.4868613426,False,240,False,1.5320014801951427,1.5393174182187765,2.031077630698168,2024,False,-2.3940652543233893,
locally_periodic,3,59284.32807995263,True,151,True,1.7295755063463507,2.302585092994046,2.080405722057168,2024,True,-2.4814370613920462,
locally_periodic,4,59284.3230569336,True,221,True,1.753294691853406,2.302585092994046,2.086581365516708,2024,True,-2.4849888129998767,
locally_periodic,5,59336.926048521986,False,240,False,1.7579444817109569,1.998897942056693,2.0989617943365375,2024,False,-2.5514028767699193,
locally_periodic,6,59330.36532311783,False,240,False,1.7156205880627269,2.1331342103642896,2.067952594298653,2024,False,-2.5646213929030797,
locally_periodic,7,59285.2676433427,True,240,True,1.7658175171945447,2.302585092994046,2.0971748848429628,2024,False,-2.48209659047324,
locally_periodic,8,59284.201606503324,True,175,True,1.7481668545880553,2.302585092994046,2.0841992396966638,2024,True,-2.4847443651891656,
locally_periodic,9,59555.05578258216,False,240,False,1.688887919499806,1.448904409597232,2.1625150149988634,2024,False,-2.2905422450090587,
locally_periodic,10,59316.23979681154,False,240,False,1.7487698471606514,2.129891211019493,2.115473913030586,2024,False,-2.4171002251102998,
locally_periodic,11,59479.191227864765,False,240,False,1.750593970092347,1.2209275751038184,2.162515014998863,2024,False,-2.3941154332143837,
locally_periodic,12,71781.31068096595,False,240,False,1.274494837386932,-0.5707266847042893,3.466883499322409,2024,False,-2.7567816977865043,
locally_periodic,13,59284.71893636974,True,129,True,1.7554604895442827,2.302585092994046,2.089803669892676,2024,True,-2.4750887117278713,
locally_periodic,14,59376.95679310022,False,240,False,1.873481608880547,2.245020465669195,2.1550547658769923,2024,False,-2.377545873766634,
locally_periodic,15,59284.57090413933,True,204,True,1.738972529053915,2.302585092994046,2.083734980735091,2024,True,-2.493744628721485,
locally_periodic,16,59284.814973474495,True,184,True,1.7579303136052677,2.302585092994046,2.0888933310412394,2024,False,-2.4916328880232315,
locally_periodic,17,59284.92997162344,True,163,True,1.7217484435901071,2.302585092994046,2.0763935373870694,2024,False,-2.4847443651891656,
locally_periodic,18,59285.39365926313,True,235,True,1.7621181881666996,2.302585092994046,2.0949572250876503,2024,False,-2.490548278661794,
locally_periodic,19,59284.29368571735,True,150,True,1.7387035378974611,2.302585092994046,2.0875805306019948,2024,True,-2.484744365189166,
additive,0,58477.693967288345,False,240,False,1.63103885281982,1.1512925464970238,0.6236578746349252,2024,True,1.60390613172091,-2.575423476054944
additive,1,58697.280639754856,False,240,False,1.779592835723766,0.9821292325825314,0.1252288383292215,2024,False,1.33163940948054,-2.6661025869207187
additive,2,58625.556970275386,False,240,False,1.415171500351629,1.6118095650958324,1.1300878361452495,2024,False,1.8264423755376933,-2.6084294585722
additive,3,58504.96238599691,False,240,False,1.6670167448978526,1.082663074680208,0.44847942863937557,2024,False,1.5189830826238646,-2.5821394327135896
additive,4,60146.49003356036,False,240,False,1.8080847016662107,0.7358645290986504,-0.5678616530222573,2024,False,0.7810852705837049,-2.9381399195180524
additive,5,58609.62125481166,False,240,False,1.7029946369758835,0.9785986645224695,0.21862638901730386,2024,False,1.4245324576491072,-2.5754234760549424
additive,6,58483.2373621495,False,240,False,1.6310388528198205,1.1225102328345973,0.6142692657071672,2024,False,1.5931318353896708,-2.5947668693584043
additive,7,58489.36790739849,False,240,False,1.4905004138415014,1.2664218011467252,0.8124435550457444,2024,False,1.6875205833476576,-2.504783836652853
additive,8,59395.5906136489,False,240,False,-2.0387061391394408,-1.8659664458731342,1.9908177736001405,2024,False,2.293952399299557,-9.829752345317047
additive,9,58846.90656847798,False,240,True,0.4077905221667348,2.302585092994046,1.4112852381240708,2024,False,1.9670400224964877,-2.4745291571215784
additive,10,58928.92970880829,False,240,False,-1.4270819738128975,-0.7764893859559244,1.7696476928878306,2024,False,2.3554811268417786,-2.5275605960270777
additive,11,58490.72860844917,False,240,False,1.6536745637635886,1.1096742909593649,0.505283661362427,2024,False,1.5494549601336058,-2.5685168358905486
additive,12,59203.398176030954,False,240,False,-2.745824655083995,-1.7845034470703847,1.8449060289637627,2024,False,2.1886159535527447,-3.0798855200673256
additive,13,59297.304875854155,False,240,False,-2.0607661602385656,-1.9082770343701976,1.8358572246063387,2024,False,2.2453501296538536,-8.11289126654939
additive,14,58507.360190645035,False,240,False,1.401050740160278,1.4341668322780543,0.9686323485394276,2024,False,1.734806358496005,-2.5364193899633407
additive,15,58538.96021603935,False,240,False,1.415171500351629,1.4966803104461301,0.9808369694273423,2024,False,1.7402872839035612,-2.6221132362159545
additive,16,58516.4767335816,False,240,False,1.3828334234886448,1.4817057228720933,0.9878195398043998,2024,False,1.740566646992677,-2.5836815957759
additive,17,58941.80836142124,False,240,False,-1.1795505165673115,-0.6919479069856828,1.7286132811618213,2024,False,2.3777210625901826,-2.493940541101447
additive,18,58918.63244160256,True,210,False,-1.5889824881640406,-0.8059047825479165,1.7453909712025377,2024,False,2.320752361703942,-2.5092288293104645
additive,19,60371.44145271705,False,240,False,1.9327028977977405,0.7642493306278685,-0.5656935076345841,2024,False,0.7258459370028101,-3.1194981412496032
se,0,64280.691913666116,True,145,False,1.5971885711916456,1.3821055457134885,-2.074560755843316,2025,False,,
se,1,64280.53263273618,True,121,False,1.5916987450401994,1.376840775643202,-2.0765064932968054,2025,False,,
se,2,64279.81575298247,True,109,False,1.591770726015487,1.3789492771474867,-2.0792768562231685,2025,True,,
se,3,64310.337923842,False,240,False,1.5743315417230426,1.3765097161896687,-2.0292212004104355,2025,False,,
se,4,64280.55924417735,True,155,False,1.5891578600175327,1.3778898691362313,-2.0745607558433146,2025,False,,
se,5,64279.57244147042,True,133,False,1.5909744972083033,1.3786947327892385,-2.086298491447255,2025,True,,
se,6,64279.80703137997,True,127,False,1.580926362768795,1.379307005520004,-2.0807349954451424,2025,True,,
se,7,64280.1004629018,True,121,False,1.5812052796464735,1.3791089267917582,-2.0770048565920853,2025,True,,
se,8,64280.23676314586,True,115,False,1.5746710885595305,1.3742028960428718,-2.0836967416296632,2025,False,,
se,9,64280.54145230195,True,85,False,1.5916422183150816,1.3808262232644175,-2.091735314289982,2025,False,,
se,10,64280.22023150379,True,103,False,1.5894620847581011,1.3829238094318206,-2.0789680152985186,2025,False,,
se,11,64279.86159720592,True,103,False,1.5863150377020367,1.3743686291299835,-2.0855857109119147,2025,True,,
se,12,64279.55841415339,True,115,False,1.589387116946694,1.3773116949841062,-2.0833727755798024,2025,True,,
se,13,100446.04370966987,False,240,False,1.3311794054306594,0.15523754553576602,-6.019102078504576,2025,False,,
se,14,64279.93158874272,True,121,False,1.5842478097884365,1.3781441674980766,-2.0777883568417934,2025,True,,
se,15,64280.387915252184,True,109,False,1.5864449304964636,1.3738765938566313,-2.094784036833057,2025,False,,
se,16,64280.0837471168,True,139,False,1.5926475277425414,1.3750755143433937,-2.0909200544878472,2025,True,,
se,17,64280.62380699981,True,195,False,1.5787663771855116,1.378185842082218,-2.0745607558433186,2025,False,,
se,18,64280.3474609791,True,154,False,1.5863504376986726,1.3808101367095325,-2.0745607558433146,2025,False,,
se,19,64280.594120821166,True,137,False,1.5791996251526292,1.378282721954116,-2.074560755843315,2025,False,,
matern32,0,59891.326755455186,True,97,False,1.7770780315818053,2.096796322848515,-2.48261675473931,2025,False,,
matern32,1,59889.296260118084,True,143,False,1.7496705701445114,2.083314505566221,-2.482616754739308,2025,True,,
matern32,2,59889.22120146433,True,139,False,1.7398865852714205,2.0801615209196402,-2.4858134813897754,2025,True,,
matern32,3,59889.01253791865,True,127,False,1.7386169462438392,2.078561828322883,-2.4961993805066904,2025,True,,
matern32,4,59889.33977345926,True,183,False,1.7457730843827723,2.0787708113610304,-2.5052865324557567,2025,True,,
matern32,5,59888.90015064727,True,121,False,1.7532628949965747,2.077963438957718,-2.495593878033679,2025,True,,
matern32,6,59889.02887977513,True,127,False,1.7405439254366921,2.0783615637797577,-2.499612496135911,2025,True,,
matern32,7,59888.77489492049,True,121,False,1.754422835287056,2.0802828098210693,-2.4923329077348497,2025,True,,
matern32,8,59889.09624527015,True,168,False,1.7590890855427888,2.0837751980803034,-2.4873777802215393,2025,True,,
matern32,9,59889.133284482785,True,91,False,1.7426865070591693,2.08139114146695,-2.485846163896066,2025,True,,
matern32,10,59889.22691358307,True,115,False,1.7646844206790522,2.085626450559118,-2.4981560077538068,2025,True,,
matern32,11,59890.26441973899,True,190,False,1.7288725735148118,2.0746809910230004,-2.4826167547393125,2025,False,,
matern32,12,59889.47529397066,True,97,False,1.7478141345985783,2.085727723457954,-2.4845317671456493,2025,False,,
matern32,13,59889.52456527992,True,121,False,1.7660080193035093,2.089218591676222,-2.496301259895264,2025,False,,
matern32,14,59888.98717980761,True,139,False,1.7447600492552189,2.082750797448795,-2.49148749329012,2025,True,,
matern32,15,59889.36561156738,True,149,False,1.7558963961269487,2.0815293667112393,-2.5052865324557523,2025,True,,
matern32,16,59889.171232563414,True,121,False,1.74503956449515,2.0803666498109274,-2.4840734898811654,2025,True,,
matern32,17,59889.69282933998,True,133,False,1.7711564981691414,2.0893059634852076,-2.4925399254263225,2025,False,,
matern32,18,59889.50949541568,True,103,False,1.742098413601317,2.0791017158167735,-2.482086050595268,2025,False,,
matern32,19,59888.82776893953,True,109,False,1.755914910478374,2.0840892757220684,-2.488926301815899,2025,True,,
matern52,0,60983.63472355113,True,109,False,1.6871333013867256,1.7846325351343653,-2.3012585330077573,2025,False,,
matern52,1,60983.13582266707,True,121,False,1.6925355971585148,1.7839972511538396,-2.318336301975856,2025,True,,
matern52,2,60984.86916878673,True,109,False,1.6694150294310566,1.7723284337878449,-2.3281125063274644,2025,False,,
matern52,3,60983.25712585899,True,115,False,1.6748343088011906,1.7809471876868368,-2.321749290750167,2025,True,,
matern52,4,60982.951363189844,True,115,False,1.6796470977347235,1.7849977595948119,-2.316471683754484,2025,True,,
matern52,5,60982.93655162796,True,121,False,1.6850473038813292,1.7876251595841084,-2.3072442659404926,2025,True,,
matern52,6,60982.76698233382,True,115,False,1.6856768568299563,1.7843115799234202,-2.317085423622794,2025,True,,
matern52,7,60983.73393355028,True,97,False,1.6856566185574515,1.7874299096827626,-2.2994693377465176,2025,False,,
matern52,8,60983.64514216502,True,161,False,1.6879596801418373,1.7800871391308164,-2.3239283107241997,2025,False,,
matern52,9,60983.04045659884,True,115,False,1.6824070367511672,1.7818301919390616,-2.3061737861992126,2025,True,,
matern52,10,60983.43745217385,True,115,False,1.6957717724559909,1.7899743050982517,-2.30649401462836,2025,False,,
matern52,11,60983.210930641464,True,115,False,1.6795563259578874,1.7816868980165295,-2.304301718052618,2025,True,,
matern52,12,60983.47932945579,True,144,False,1.6799848225122858,1.7836033669564824,-2.301258533007756,2025,False,,
matern52,13,60983.336391868404,True,145,False,1.6916782340122887,1.7870777082807383,-2.3187756288845103,2025,True,,
matern52,14,60983.30615870647,True,115,False,1.670138070596967,1.7812442717052912,-2.3049937869972887,2025,True,,
matern52,15,60984.01934809444,True,121,False,1.6659065784081861,1.7777508124114731,-2.303930577555879,2025,False,,
matern52,16,60984.29688077811,True,189,False,1.664947158240633,1.7795025564453222,-2.30125853300776,2025,False,,
matern52,17,60983.161243074224,True,121,False,1.6691443553477092,1.776756044526999,-2.313153795413358,2025,True,,
matern52,18,60983.129884466645,True,139,False,1.6691443553477088,1.7787263464504701,-2.3184577002745153,2025,True,,
matern52,19,60983.60266361867,True,121,False,1.6949696258552494,1.7912235095700109,-2.306143062509759,2025,False,,
periodic,0,70634.53747592142,True,103,False,1.6871333013867253,0.11512925464970253,-1.689174534663767,2025,True,,
periodic,1,70634.63267117641,True,139,False,1.687133301386725,0.11792909309072289,-1.6818702852895464,2025,True,,
periodic,2,70634.76528914017,True,127,False,1.6871333013867253,0.11798281178029807,-1.6793243078191664,2025,False,,
periodic,3,70634.74000168126,True,115,False,1.6823833240552017,0.11128635136869716,-1.6787328856306787,2025,True,,
periodic,4,70634.85432811809,True,133,False,1.6726765929204293,0.10422000295100266,-1.6956745517457885,2025,False,,
periodic,5,70635.1753309075,True,115,False,1.6759787354445816,0.10698954558257942,-1.6984678329312808,2025,False,,
periodic,6,70634.04956250243,True,145,False,1.6731055329709126,0.10827525445544009,-1.687306202725559,2025,True,,
periodic,7,70634.52860271666,True,127,False,1.6890110576487987,0.11640373346942132,-1.6829859608067994,2025,True,,
periodic,8,70634.27568308884,True,218,False,1.6691443553477092,0.1109169627807014,-1.6891745346637692,2025,True,,
periodic,9,70634.3452842158,True,131,False,1.6848383447278428,0.11389081542703919,-1.689174534663765,2025,True,,
periodic,10,70635.02761751114,True,115,False,1.670718282860676,0.1132976751890471,-1.6756289588375224,2025,False,,
periodic,11,70635.52508489815,True,121,False,1.6658435768425586,0.10680424279578428,-1.6988634441217467,2025,False,,
periodic,12,70634.1601798773,True,133,False,1.6833402836091527,0.113972486023881,-1.6840754478249056,2025,True,,
periodic,13,70634.04803957649,True,103,False,1.6771450591249402,0.10973498183335299,-1.6851059943115276,2025,True,,
periodic,14,70634.24320595716,True,121,False,1.679794212076332,0.11525293842645298,-1.6823609813812614,2025,True,,
periodic,15,70634.1730041261,True,206,False,1.680542029724447,0.11275825583537302,-1.6891745346637692,2025,True,,
periodic,16,70634.53383596502,True,132,False,1.669144355347709,0.11218463750339415,-1.6794161609340974,2025,True,,
periodic,17,70634.33359597111,True,103,False,1.684165820542855,0.1142931313105772,-1.6887920390678348,2025,True,,
periodic,18,70634.0446595525,True,133,False,1.6758998536980354,0.10941388470825475,-1.6891872748901566,2025,True,,
periodic,19,70635.62185222661,True,97,False,1.660937335142741,0.10803066705079191,-1.6763187802048676,2025,False,,
locally_periodic,0,59908.69908895745,True,183,True,1.7411001395037733,2.302585092994046,2.088581486329722,2025,True,-2.48261675473931,
locally_periodic,1,59908.58592270049,True,224,True,1.7512874930001645,2.302585092994046,2.089455222551523,2025,True,-2.4826167547393125,
locally_periodic,2,59908.72064979187,True,213,True,1.7331702176657704,2.302585092994046,2.0803666498109283,2025,True,-2.496459487219782,
locally_periodic,3,59909.3972392625,True,179,True,1.7383552534607223,2.302585092994046,2.088513157538558,2025,False,-2.476393210597653,
locally_periodic,4,59908.54528064835,True,216,True,1.7384760769552219,2.302585092994046,2.0835298788434438,2025,True,-2.495975063053341,
locally_periodic,5,59923.38966563533,False,240,True,1.7392419682253981,2.302585092994046,2.103008582877317,2025,False,-2.4392830777172447,
locally_periodic,6,59908.83436018163,True,143,True,1.7345992831266492,2.302585092994046,2.0814175359552287,2025,True,-2.498255487102507,
locally_periodic,7,59908.81324555702,True,240,True,1.752257831310791,2.302585092994046,2.0929061997866882,2025,True,-2.4826167547393125,
locally_periodic,8,59909.4200904905,True,128,True,1.7551382728755454,2.302585092994046,2.086209264621413,2025,False,-2.503040757581016,
locally_periodic,9,89215.5904207551,False,240,False,1.2896618982922425,-0.9481204687748228,3.33426148608212,2025,False,-3.480086974262858,
locally_periodic,10,60487.60114261579,False,240,False,1.6196059563808793,0.7483401552230645,2.2282337071492107,2025,False,-2.3228953502488476,
locally_periodic,11,59909.165843982046,True,157,True,1.7244495793824475,2.302585092994046,2.078239106144353,2025,False,-2.4880443741160723,
locally_periodic,12,59913.019814352716,False,240,True,1.6997497670986195,2.302585092994046,2.0663082321869246,2025,False,-2.4903316200354837,
locally_periodic,13,60264.67639894501,False,240,False,1.649243941083991,0.9274364202602005,2.158113383085017,2025,False,-2.4473054941169643,
locally_periodic,14,59940.16302021695,False,240,False,1.728095959474182,2.129891211019493,2.092826793609863,2025,False,-2.4226316923345514,
locally_periodic,15,59985.15500656514,False,240,False,1.8012122615489208,2.1874558383443437,2.1031652255265216,2025,False,-2.3919376438735362,
locally_periodic,16,59912.38558148364,False,240,True,1.7739456724448135,2.302585092994046,2.098531729881091,2025,False,-2.505735975283088,
locally_periodic,17,59909.093706918145,True,175,True,1.7377336932287506,2.302585092994046,2.0805681213120324,2025,True,-2.502218242096507,
locally_periodic,18,59926.5305553301,False,240,True,1.7770780315818049,2.302585092994046,2.0736367431344185,2025,False,-2.482616754739308,
locally_periodic,19,59908.72164798655,True,237,True,1.7309362714936916,2.302585092994046,2.080366649810928,2025,True,-2.4865627263287737,
additive,0,59115.72661771258,False,240,False,1.6331664632696778,1.064945605509747,0.4818739167726548,2025,False,1.5381874395705628,-2.5732958656050866
additive,1,59836.980497405835,False,240,False,-3.4069591947461855,-1.8420680743952347,1.6757055539658443,2025,False,2.075971503729635,-2.7998870451655944
additive,2,59131.31488510774,False,240,False,1.6641435674797724,1.054473947806098,0.4568532437735602,2025,False,1.5119663687573373,-2.6254443964193195
additive,3,59106.76567922221,False,240,False,1.4172991108014863,1.3239864284715763,0.8589355189935046,2025,False,1.6709801814913836,-2.5732958656050844
additive,4,60053.24932409618,False,240,False,0.369941169573044,-0.26178753767747326,1.5933683103100185,2025,False,3.032017341241857,-2.3152797611829126
additive,5,59815.47173003046,True,237,True,-2.2635622933660025,-2.027272602874124,1.752662056152179,2025,False,2.136520696576426,-11.822565173914278
additive,6,59598.369026080625,False,240,False,-1.031999049061742,-0.6491275259699556,1.7330470155797522,2025,False,2.4209585527446804,-2.4376844530980653
additive,7,59213.00110092738,False,240,True,1.1294759741772316,2.302585092994046,1.0689621829341598,2025,False,1.8020628403448693,-2.5596402502119986
additive,8,59662.96773548954,False,240,False,-0.6966139769709623,-0.5676489964653576,1.7223665524666503,2025,False,2.4582445224052063,-2.449053606060595
additive,9,62771.78060017541,False,240,False,1.8807663228005835,0.6907755278982137,-0.6893500669699462,2025,False,0.4202111134853218,-7.1072514088939105
additive,10,59092.39681189489,False,240,False,1.562248928355543,1.1740374481580134,0.7093747037108956,2025,True,1.6150750332242252,-2.5732958656050844
additive,11,59192.440296264744,False,240,False,1.5304165069661204,1.9571973290449391,0.9196765917247823,2025,False,1.724254411182229,-2.489263356167738
additive,12,59519.12452767386,False,240,True,0.8235738502803277,2.302585092994046,1.5860183624806625,2025,False,1.969849463421617,-2.574934792233165
additive,13,59763.49585895256,False,240,False,-0.5453893931175006,-0.4794225084710598,1.6378373013206908,2025,False,2.4941092803418092,-2.336300957921269
additive,14,59902.06144374295,False,240,False,-2.0808396939912193,-1.8946425702044487,1.7834659145197875,2025,False,2.172311578633357,-6.90437452802791
additive,15,59822.85002593316,False,240,False,-2.2644460316237662,-1.9860488666310787,1.7521129598333591,2025,False,2.1509246455021964,-5.29366919157838
additive,16,59547.08578442341,False,240,False,-1.5401360512164064,-0.772538546482797,1.7360595291768626,2025,False,2.3225754297840786,-2.488236451044498
additive,17,59863.293513732766,False,240,False,-2.2141392437080536,-2.0014917540638892,1.6469551015430561,2025,False,2.126670343752904,-6.563176743699253
additive,18,59156.85191332198,False,240,False,1.48315320871492,1.6118095650958317,0.9543564130813635,2025,False,1.718212225348735,-2.4985937824632702
additive,19,59278.211645952746,False,240,False,1.4172991108014865,1.7269388197455346,0.9782274477753558,2025,False,1.767733689969176,-2.391937643873532
