kernel,start,objective,converged,evaluations,boundary_hit,param_0,param_1,param_2,test_year,best_for_fold,param_3,param_4
se,0,47808.31632815415,True,133,False,1.5887684393754087,1.3903203822322818,-1.9649511673999054,2001,True,,
se,1,47808.073081714174,True,190,False,1.5851461550004105,1.3888259180305988,-1.9649511673999063,2001,True,,
se,2,47808.08112845516,True,115,False,1.5869179468137984,1.3894694699085473,-1.9615596379670648,2001,True,,
se,3,47809.04482678983,True,103,False,1.5885115022263672,1.3908435855895864,-1.9500068197674691,2001,False,,
se,4,47808.317413723336,True,151,False,1.5811169713778646,1.3880734408250177,-1.9693779276916805,2001,True,,
se,5,47808.34010476997,True,133,False,1.5903058827334018,1.390743933150396,-1.9632105746336463,2001,True,,
se,6,47808.647748776704,True,133,False,1.5836954410256883,1.3885250890984042,-1.9522277177440748,2001,False,,
se,7,47808.148593388156,True,127,False,1.5846087362542454,1.3845422222994308,-1.966622254801273,2001,True,,
se,8,47808.89100477885,True,103,False,1.577923576340185,1.383949288737137,-1.9757444620097917,2001,False,,
se,9,47808.152014290215,True,103,False,1.588768439375408,1.3890101882540784,-1.9596181131309034,2001,True,,
se,10,47808.71044777526,True,85,False,1.5781484416379383,1.3856521965425452,-1.953458445206482,2001,False,,
se,11,47860.32770260734,False,240,False,1.5683029956857755,1.3693150790279307,-2.0556302782656877,2001,False,,
se,12,47808.06999147788,True,121,False,1.5797647310907832,1.3868391882079825,-1.958331407704466,2001,True,,
se,13,47905.91553305872,False,240,False,1.5495469059314524,1.3211665640370354,-2.0556302782656877,2001,False,,
se,14,47808.575904724305,True,109,False,1.5862713053326376,1.3894442277486798,-1.9698936540810184,2001,False,,
se,15,47809.28900424279,True,133,False,1.5835083750986398,1.392219848550949,-1.9480815614158846,2001,False,,
se,16,47808.4387880541,True,97,False,1.5774557939552927,1.3850935041208494,-1.9561827146483848,2001,True,,
se,17,47808.71105207983,True,109,False,1.5716111643510349,1.3848498859342964,-1.9549003806703018,2001,False,,
se,18,47808.107112862985,True,121,False,1.571930647805663,1.385591241194562,-1.9638268305593871,2001,True,,
se,19,47808.67080824566,True,144,False,1.5887684393754078,1.3893337517688396,-1.970469028714476,2001,False,,
matern32,0,45014.882524033324,True,127,False,1.7506689537265525,2.080366649810928,-2.327667610863011,2001,False,,
matern32,1,45014.45052541082,True,115,False,1.7439978468742203,2.0819715793433633,-2.309558558823099,2001,True,,
matern32,2,45015.032966285326,True,121,False,1.765442788633523,2.091436036424646,-2.3215504374033085,2001,False,,
matern32,3,45014.79311311786,True,183,False,1.7492202998278765,2.0804980187978757,-2.327667610863012,2001,False,,
matern32,4,45014.53224013593,True,169,False,1.7542833459950682,2.090320499648509,-2.308375344557692,2001,True,,
matern32,5,45014.30725153054,True,139,False,1.7338820805059973,2.080678439654648,-2.3125162512316866,2001,True,,
matern32,6,45014.54309629291,True,127,False,1.7311028478712231,2.077305789469058,-2.323193320709534,2001,True,,
matern32,7,45014.686537768124,True,121,False,1.7395372313656279,2.083618775106859,-2.3251552401548055,2001,False,,
matern32,8,45015.110271411104,True,115,False,1.722449914524644,2.0724332648039967,-2.3129765675722562,2001,False,,
matern32,9,45014.73967498752,True,155,False,1.7381940053008607,2.0816221873137155,-2.3049978331465635,2001,False,,
matern32,10,45015.25085826486,True,132,False,1.7623698022152565,2.0886180453278893,-2.3276676108630094,2001,False,,
matern32,11,45014.779785122635,True,108,False,1.7517516254671512,2.0828661028208066,-2.3276676108630094,2001,False,,
matern32,12,45015.830470260094,True,190,False,1.7178271064715493,2.0678001415747542,-2.327667610863012,2001,False,,
matern32,13,45014.418773134006,True,127,False,1.731237571972009,2.0796127672012776,-2.3119229632409968,2001,True,,
matern32,14,45014.220375781086,True,115,False,1.7470664709225792,2.08283893115302,-2.3151063586465055,2001,True,,
matern32,15,45014.315615122876,True,162,False,1.7506689537265516,2.084227655397705,-2.313853353567928,2001,True,,
matern32,16,45014.93442654503,True,115,False,1.7574194594176962,2.0918743335730055,-2.304348575246389,2001,False,,
matern32,17,45014.37065370562,True,121,False,1.741329925734062,2.0870541860636003,-2.3139303563601774,2001,True,,
matern32,18,45014.82706631761,True,149,False,1.7355544566008974,2.0802440080929148,-2.3276676108630086,2001,False,,
matern32,19,45014.21710743806,True,97,False,1.7355153166269874,2.080978255816914,-2.3165709814723394,2001,True,,
matern52,0,45709.172477297005,True,109,False,1.6787131695704884,1.801062208171952,-2.146309389131458,2001,True,,
matern52,1,45709.121562305445,True,121,False,1.689851103235768,1.801843309648747,-2.154091474374667,2001,True,,
matern52,2,45709.7719982864,True,115,False,1.6807133109245462,1.803573375289869,-2.1413818726235716,2001,False,,
matern52,3,45709.43117604791,True,121,False,1.6640068433439732,1.7911595398466156,-2.147248035524388,2001,False,,
matern52,4,45708.860358923645,True,103,False,1.6874757047025155,1.7987687688669893,-2.1529448318788273,2001,True,,
matern52,5,45708.99776488537,True,127,False,1.6799299463319115,1.8006239996902376,-2.1490847180249766,2001,True,,
matern52,6,45709.84688931861,True,127,False,1.6712499345552783,1.7891087253648772,-2.16860769084735,2001,False,,
matern52,7,45709.543879075434,True,121,False,1.6952626889354352,1.800951007536949,-2.160089859268312,2001,False,,
matern52,8,45708.91517144986,True,115,False,1.68599177790023,1.7957877097652506,-2.158044503130852,2001,True,,
matern52,9,45709.01493526054,True,139,False,1.6743659535136413,1.7988985016278394,-2.1483345897792074,2001,True,,
matern52,10,45709.61099396444,True,133,False,1.6874903020507608,1.8005361672524536,-2.141409074035568,2001,False,,
matern52,11,45709.60615185681,True,127,False,1.6913071521017544,1.800239904932494,-2.162723740467257,2001,False,,
matern52,12,45708.84327037511,True,133,False,1.6841350483137938,1.7949715184859385,-2.1554094589045674,2001,True,,
matern52,13,45708.76151948764,True,126,False,1.6787131695704887,1.7968474580389315,-2.1500886751820554,2001,True,,
matern52,14,45709.056375634085,True,133,False,1.6769313674277169,1.792199539179599,-2.1504723214165296,2001,True,,
matern52,15,45708.98307827182,True,155,False,1.6804957232796862,1.7978646825453053,-2.1463093891314555,2001,True,,
matern52,16,45709.609969280864,True,115,False,1.6665340169337182,1.7900261862806806,-2.1657371247655357,2001,False,,
matern52,17,45709.43150245168,True,103,False,1.660748444819029,1.7881124655546479,-2.158182286636558,2001,False,,
matern52,18,45709.13314433672,True,207,False,1.6846868823735297,1.7971497690118772,-2.146309389131459,2001,True,,
matern52,19,45709.29317970669,True,103,False,1.6826415171366342,1.7966680090798595,-2.163765581333997,2001,False,,
periodic,0,51627.302518997996,True,103,False,1.6607242235314725,0.1295204114809153,-1.6022347239368,2001,True,,
periodic,1,51627.31566899213,True,207,False,1.6612430719549103,0.12907898024420886,-1.602234723936801,2001,True,,
periodic,2,51709.785637839625,False,240,False,1.6155861784657706,0.13912455184367045,-1.692913834802582,2001,False,,
periodic,3,51628.2260467098,True,121,False,1.650143769817229,0.12733729484347325,-1.5940318693350057,2001,False,,
periodic,4,51627.36834089313,True,121,False,1.662974361657898,0.12742282996132953,-1.6048018208828354,2001,True,,
periodic,5,51627.377575462226,True,91,False,1.6654623540219788,0.1322199169685499,-1.603048481553294,2001,True,,
periodic,6,51628.18779686574,True,133,False,1.6593724449431846,0.12924354578373617,-1.5931138047710158,2001,False,,
periodic,7,51627.794350050404,True,115,False,1.6664681758357338,0.1303608235735061,-1.5966596807619915,2001,True,,
periodic,8,51627.40246317633,False,240,False,1.6659642698333812,0.1325110342435958,-1.602234723936801,2001,True,,
periodic,9,51627.38910096472,True,115,False,1.6668819593705355,0.12977208760603928,-1.6056645728240482,2001,True,,
periodic,10,51627.38619103181,True,151,False,1.6647998735994896,0.12896561050313685,-1.602502401959932,2001,True,,
periodic,11,51627.67474486415,True,115,False,1.6559917831029092,0.12874798606314922,-1.5970322765406588,2001,True,,
periodic,12,51692.28209557411,False,240,False,1.5603379226383574,0.07658605789836181,-1.692913834802582,2001,False,,
periodic,13,51627.99414159774,True,127,False,1.6770581905192874,0.13673832422998877,-1.6021133736216007,2001,False,,
periodic,14,51627.60724850131,True,151,False,1.6727774486177234,0.13320420130068558,-1.6035224724005694,2001,True,,
periodic,15,51627.36031765728,True,218,False,1.6607242235314719,0.13189887032798442,-1.602234723936801,2001,True,,
periodic,16,51627.39673155468,True,145,False,1.6630706051326603,0.13137441981645764,-1.6065896779688706,2001,True,,
periodic,17,51627.4849981437,True,133,False,1.6557019244179652,0.12497694176070495,-1.6093615790668572,2001,True,,
periodic,18,51627.80820999005,True,115,False,1.6464166231262307,0.12237680659836486,-1.61007791307446,2001,True,,
periodic,19,51627.578135642136,True,121,False,1.6535547927231034,0.12876604403334457,-1.6095895529737108,2001,True,,
locally_periodic,0,45028.589049903705,True,164,True,1.7326800076875364,2.302585092994046,2.0803666498109283,2001,False,-2.327667610863011,
locally_periodic,1,45028.35359728729,True,187,True,1.7574758394900665,2.302585092994046,2.101443663923884,2001,False,-2.305073607728401,
locally_periodic,2,45076.98500836488,False,240,False,1.7879301463963908,2.230348027346917,2.1337862904393106,2001,False,-2.20468829683128,
locally_periodic,3,45027.55904360483,True,164,True,1.7406544603823455,2.302585092994046,2.091761293569513,2001,True,-2.3068208551801686,
locally_periodic,4,45027.85715303087,True,235,True,1.728560287408409,2.302585092994046,2.0819149684392206,2001,True,-2.3107062063058597,
locally_periodic,5,54369.88583262718,False,240,False,1.2933798025409295,-0.5613378049451281,2.897071536712,2001,False,-2.781063165191899,
locally_periodic,6,45049.436279915186,False,240,True,1.6807514320231984,2.302585092994046,2.0310776306981677,2001,False,-2.341380834810021,
locally_periodic,7,45051.27650102612,False,240,False,1.763827794613645,2.251557074952634,2.096796322848515,2001,False,-2.2465339790451866,
locally_periodic,8,45027.711372273916,True,183,True,1.7370919681757484,2.302585092994046,2.088581486329722,2001,True,-2.319099612390006,
locally_periodic,9,45027.61392317764,True,240,True,1.7358121912433218,2.302585092994046,2.086374789698307,2001,True,-2.317940431225449,
locally_periodic,10,45027.78363495058,True,191,True,1.7299338984342616,2.302585092994046,2.088658200958066,2001,True,-2.3049978331465644,
locally_periodic,11,45027.65400542386,True,163,True,1.7465864240021833,2.302585092994046,2.0893997719929454,2001,True,-2.3148439401173246,
locally_periodic,12,45028.348491581404,True,190,True,1.7364729528952683,2.302585092994046,2.0955171360924405,2001,False,-2.2988819606947373,
locally_periodic,13,45032.89532993853,False,240,True,1.6987387675700085,2.3025850929940455,2.0764278002517393,2001,False,-2.286721967057877,
locally_periodic,14,45027.64160097559,True,143,True,1.7420786532411527,2.302585092994046,2.088444797219257,2001,True,-2.3084984613193935,
locally_periodic,15,45027.721470258286,True,135,True,1.7457310425542076,2.302585092994046,2.095570949491638,2001,True,-2.3064953697768993,
locally_periodic,16,45027.76272102613,True,208,True,1.7459080773777185,2.302585092994046,2.088581486329721,2001,True,-2.318591787350208,
locally_periodic,17,45089.83461704316,False,240,False,1.6952252096702636,2.0476265650845207,2.031077630698167,2001,False,-2.4183467217287884,
locally_periodic,18,45028.02339890637,True,192,True,1.7406742593864986,2.302585092994046,2.095499619377603,2001,False,-2.301160879154392,
locally_periodic,19,45130.589053590884,False,240,False,1.757725376780813,1.8514337852479184,2.0310776306981664,2001,False,-2.4183467217287884,
additive,0,45076.55549439939,False,240,False,0.16764170229314596,-0.2878231366242555,1.5348016012583607,2001,False,2.753983244351988,-2.146309389131458
additive,1,44721.54217156078,False,240,False,1.8099465902602232,0.9496448028153941,0.04082962170145893,2001,False,1.3085393735864923,-2.4183467217287844
additive,2,44824.5139721508,False,240,False,-1.3352372624185822,-0.7195578415606397,1.7412721873597623,2001,False,2.3473269739464246,-2.326965686261216
additive,3,44953.30875648006,False,240,False,-2.078919532095195,-1.9914274720768388,1.7639218574651516,2001,False,2.149816999636526,-6.365527466198125
additive,4,44548.517889268536,False,240,False,1.2746120953310132,1.640591878758258,1.1330832233629573,2001,False,1.7987653583543328,-2.3791338272966485
additive,5,44528.11878032076,False,240,False,1.534801601258361,1.151292546497023,0.5367847785951321,2001,False,1.5193326718836673,-2.418346721728785
additive,6,44594.443564429544,False,240,False,1.1030668963219785,1.6118095650958324,1.1399648101580557,2001,False,1.8495778088852652,-2.2634009717714223
additive,7,44976.230527187494,False,240,False,1.7008916356349912,0.858568392247456,-0.2710137963254382,2001,False,1.2049099819315932,-2.4183467217287884
additive,8,44948.3061253582,True,217,False,-2.5888065252312185,-1.8780459664732687,1.7654858902378026,2001,False,2.148673922203054,-3.048859175746199
additive,9,45121.10213055689,False,240,False,0.39733310613017037,-0.22295699060169988,1.5096534940500068,2001,False,3.000950684873131,-2.1050331791344474
additive,10,44502.68771310177,False,240,False,1.5321618930200893,1.181310209558866,0.640686298126515,2001,False,1.594328181496228,-2.3665861078732533
additive,11,44508.05086303566,False,240,False,1.556680858668232,1.1610876137270867,0.6036030459710229,2001,False,1.6029867160511166,-2.35147496874556
additive,12,44532.69185480433,False,240,False,1.584640666191585,1.2088571738218745,0.6031998226261546,2001,False,1.559287073773017,-2.478901293784441
additive,13,44973.19980202417,False,240,False,-2.1100347215905675,-1.960957674739166,1.8095197105011211,2001,False,2.2107717255856905,-4.594645382507422
additive,14,44842.726198432225,False,240,False,-1.2006718483909755,-0.6566837255228938,1.7605537712402528,2001,False,2.3596710914499037,-2.2708916480301897
additive,15,44987.81357859013,False,240,False,-1.971010764830798,-1.9140504704325325,1.7913287723751792,2001,False,2.1787525596077884,-7.277562453562507
additive,16,44948.86826310477,True,171,False,-2.6049141746838314,-1.8896347399097884,1.7280103059328282,2001,False,2.129019937647342,-3.0487276969275037
additive,17,44495.26429091126,False,240,False,1.485659833501616,1.2419147943525843,0.7249521046084171,2001,True,1.6365866348102314,-2.375554201911439
additive,18,44819.43376128125,False,240,False,-1.451363441218292,-0.7454469294368321,1.7416374363384124,2001,False,2.32681174537473,-2.314266590999292
additive,19,45008.39120735803,False,240,False,-2.0340694791112575,-1.9795617800392566,1.6326662170590551,2001,False,2.162515014998864,-9.672675590990899
se,0,48534.25814366312,True,133,False,1.5950959471108388,1.3903203822322816,-1.9586236596644748,2002,False,,
se,1,48533.91689341943,True,121,False,1.597835060749192,1.3911881866610099,-1.9674468336317805,2002,True,,
se,2,48534.67450473044,True,127,False,1.5898862410219652,1.3920529199663914,-1.954317614706024,2002,False,,
se,3,48538.807304385875,False,240,False,1.5709273214022987,1.3757861337966462,-1.958623659664482,2002,False,,
se,4,48534.84077684612,True,121,False,1.583392417898485,1.3815386517960804,-1.9809221813641924,2002,False,,
se,5,48533.71360610971,True,127,False,1.588151608291417,1.3896294436707641,-1.9714253229271868,2002,True,,
se,6,48534.13996552951,True,127,False,1.5846719489636032,1.3850457989103082,-1.9627507163024485,2002,False,,
se,7,48533.86866360427,True,121,False,1.5833422093284377,1.3839723028335342,-1.971606165840045,2002,True,,
se,8,48534.59645843301,True,121,False,1.5783314104361603,1.3869185901329857,-1.95728049382482,2002,False,,
se,9,48533.62200336126,True,127,False,1.582651574344306,1.3887500693366666,-1.9690889212375617,2002,True,,
se,10,48534.09405886365,True,139,False,1.584410146041842,1.392260340271644,-1.9600644977055748,2002,True,,
se,11,48534.58778600811,True,103,False,1.5922929945851014,1.3841948842913927,-1.980008259745349,2002,False,,
se,12,48534.06085572916,True,121,False,1.5926724767202112,1.3934475418246683,-1.9637109512840207,2002,True,,
se,13,48533.81852901574,True,115,False,1.5827431834026509,1.3844695060921641,-1.9687626927054482,2002,True,,
se,14,48534.18281234238,True,115,False,1.5935748401009056,1.3880578817173779,-1.9770535836828074,2002,False,,
se,15,48534.506069129806,True,109,False,1.5836233418590482,1.392102976144576,-1.95584446371025,2002,False,,
se,16,48533.856250808356,True,121,False,1.5896617454463835,1.3890999831004984,-1.973916579799689,2002,True,,
se,17,48534.38483310899,True,109,False,1.5790357236071408,1.3901097320689093,-1.9573015109277734,2002,False,,
se,18,48534.41414408956,True,109,False,1.5776885036051742,1.3819757596772158,-1.9762927067809057,2002,False,,
se,19,48533.840122918475,True,127,False,1.5919066078626434,1.3875250043546252,-1.974244471947462,2002,True,,
matern32,0,45671.82290482196,True,115,False,1.7569964614619829,2.088581486329722,-2.3213401031275804,2002,True,,
matern32,1,45672.28940909394,True,193,False,1.763987357810545,2.093112682163767,-2.3287100430077987,2002,False,,
matern32,2,45671.951792154054,True,169,False,1.746217781078855,2.08154271809926,-2.3222089056150583,2002,True,,
matern32,3,45671.946867620114,True,133,False,1.7571185524712876,2.0857273906989993,-2.3242264517535345,2002,True,,
matern32,4,45672.172228499774,True,133,False,1.7426587702045133,2.08136647285437,-2.3334388881264028,2002,True,,
matern32,5,45672.011765915515,True,143,False,1.7366768567206643,2.081515592944623,-2.321340103127578,2002,True,,
matern32,6,45671.848497212144,True,169,False,1.7517731975522361,2.0847445485136205,-2.32148980992242,2002,True,,
matern32,7,45672.29586949441,True,109,False,1.7438860630216353,2.085610376793807,-2.332295912644903,2002,False,,
matern32,8,45672.927078243476,True,127,False,1.7267877370048665,2.076123260162911,-2.3167182452195676,2002,False,,
matern32,9,45672.65799060628,True,132,False,1.7272854431645082,2.075816882730736,-2.3213401031275813,2002,False,,
matern32,10,45672.19964039164,True,178,False,1.7669410857713237,2.0925701828513086,-2.3213401031275827,2002,True,,
matern32,11,45672.210915168835,True,145,False,1.7484610357693964,2.085593716310859,-2.3135067710775035,2002,True,,
matern32,12,45672.34882394802,True,115,False,1.7550508598545904,2.0900646656115205,-2.3113298062675485,2002,False,,
matern32,13,45672.12768927301,True,124,False,1.7355365871612582,2.0793727011336998,-2.321340103127578,2002,True,,
matern32,14,45671.893827287386,True,145,False,1.755831551945513,2.0855485198459474,-2.3240783301745904,2002,True,,
matern32,15,45672.39412634063,True,163,False,1.7586687706365114,2.0918646740542854,-2.3115333607457007,2002,False,,
matern32,16,45671.875842388836,True,154,False,1.7501114521394856,2.089791616274834,-2.321340103127578,2002,True,,
matern32,17,45672.23753691066,True,115,False,1.7510300502035148,2.0834972124289823,-2.335022214270433,2002,True,,
matern32,18,45672.4202825016,True,97,False,1.7571604697462433,2.087629573756749,-2.335525452504127,2002,False,,
matern32,19,45671.90568230061,True,127,False,1.7585216920090903,2.0916371994443406,-2.3228639673139218,2002,True,,
matern52,0,46384.91823485277,True,139,False,1.685040677305919,1.8010622081719523,-2.162651659112471,2002,True,,
matern52,1,46385.59643725431,True,109,False,1.6985786858326428,1.7991951911531132,-2.170896336668197,2002,False,,
matern52,2,46385.53757356526,True,157,False,1.6786023504845338,1.8000675487720654,-2.1474427320958003,2002,False,,
matern52,3,46385.41110673231,True,139,False,1.683937875345551,1.799547596216391,-2.147873155787007,2002,False,,
matern52,4,46384.79257404215,True,133,False,1.691750278591708,1.8013582882287191,-2.160781461840814,2002,True,,
matern52,5,46385.457783059996,True,115,False,1.7010620144292734,1.8053270295439532,-2.1623899531344444,2002,False,,
matern52,6,46385.327090697596,True,133,False,1.6970022077766356,1.79812878662371,-2.168948054464145,2002,False,,
matern52,7,46385.51242339947,True,127,False,1.6671300932654076,1.7889586416100356,-2.1607794801020757,2002,False,,
matern52,8,46384.99353814138,True,139,False,1.6861692294011612,1.799595178607526,-2.16662564820696,2002,True,,
matern52,9,46384.71867746667,True,172,False,1.6893072656830965,1.7972144781078756,-2.16265165911247,2002,True,,
matern52,10,46385.41676174937,True,167,False,1.6661135467307737,1.7897561922119665,-2.1626516591124694,2002,False,,
matern52,11,46385.321788705645,True,127,False,1.6778557208737488,1.7987188823420954,-2.1493056597143125,2002,False,,
matern52,12,46384.75318620565,True,173,False,1.6892173958825822,1.7965349132115576,-2.1626516591124694,2002,True,,
matern52,13,46384.80449594035,True,173,False,1.6917957563577308,1.7973920605691955,-2.1626516591124694,2002,True,,
matern52,14,46385.49326712484,True,127,False,1.692465490473936,1.8060192577932628,-2.1504535807890672,2002,False,,
matern52,15,46385.4848613215,True,150,False,1.7030296233449342,1.8048615338664884,-2.16265165911247,2002,False,,
matern52,16,46385.26747275061,True,115,False,1.6797048122709464,1.7948854246147552,-2.1518511831348803,2002,False,,
matern52,17,46385.21359875895,True,201,False,1.700988748979847,1.8025927439886242,-2.162651659112474,2002,False,,
matern52,18,46384.75183602939,True,127,False,1.683161567573223,1.7976931923983248,-2.1646798526657047,2002,True,,
matern52,19,46384.70792871728,True,144,False,1.6858291341805316,1.7956772015542866,-2.16265165911247,2002,True,,
periodic,0,52394.666151022044,True,103,False,1.6670517312669029,0.1367159898965217,-1.5959072162013692,2002,False,,
periodic,1,52393.96103231225,True,103,False,1.6624205984854499,0.12744360341234498,-1.6166726218245668,2002,True,,
periodic,2,52394.61633345565,True,115,False,1.6670246136210944,0.13555735410955777,-1.5961069940817658,2002,False,,
periodic,3,52393.77529162433,True,139,False,1.6599552023339468,0.13414706563413634,-1.6077943349468153,2002,True,,
periodic,4,52393.99492029673,True,115,False,1.675378274981481,0.1379797291720346,-1.6057401394283102,2002,True,,
periodic,5,52394.593004798415,True,115,False,1.6814563572427543,0.13637625686654267,-1.6158266573431501,2002,False,,
periodic,6,52395.79901064625,True,121,False,1.6840761392691201,0.14324737281066058,-1.5936111354042035,2002,False,,
periodic,7,52394.13720741296,True,133,False,1.6670517312669024,0.12667124395895535,-1.6170266176253998,2002,True,,
periodic,8,52393.865771841025,True,109,False,1.6647738402353938,0.13614736747866907,-1.6043449571296986,2002,True,,
periodic,9,52394.867492290345,True,121,False,1.6542340011478285,0.12411728188798116,-1.622525451603565,2002,False,,
periodic,10,52393.68604016335,True,139,False,1.656292459655352,0.1297712171697059,-1.6104448031032974,2002,True,,
periodic,11,52394.06999957695,True,145,False,1.6490627852278863,0.125180465464831,-1.611166202466742,2002,True,,
periodic,12,52394.92043392039,True,115,False,1.6746121612965856,0.14020548836491528,-1.5958499100254107,2002,False,,
periodic,13,52394.16369299426,True,157,False,1.6676467383326623,0.13747676035135795,-1.6004737378157547,2002,True,,
periodic,14,52394.79625881113,True,91,False,1.6630968669882835,0.12441281497229134,-1.622181675304414,2002,False,,
periodic,15,52394.26096847835,False,240,False,1.6711366178170766,0.1300762169714258,-1.6185769939178178,2002,False,,
periodic,16,52394.201993332936,True,139,False,1.660850852147461,0.13125118467496982,-1.5997007191881396,2002,False,,
periodic,17,52393.7943945,True,139,False,1.6590329088653664,0.1265853293235265,-1.6094043802511422,2002,True,,
periodic,18,52393.9578769853,True,139,False,1.6631763083825892,0.1362494945529111,-1.603274710003873,2002,True,,
periodic,19,52393.645108344135,True,151,False,1.6707064792391961,0.1333258581845554,-1.607769705943523,2002,True,,
locally_periodic,0,45686.42902088989,True,157,True,1.7210185693839508,2.302585092994046,2.0803666498109283,2002,False,-2.3213401031275804,
locally_periodic,1,45714.60400965132,False,240,False,1.7461376655764704,1.986265544291197,2.0736592481571785,2002,False,-2.378346657401402,
locally_periodic,2,45686.435381987125,True,190,True,1.7688757473751113,2.302585092994046,2.10317412666384,2002,False,-2.321340103127578,
locally_periodic,3,45686.11599164322,True,139,True,1.7283692398046309,2.302585092994046,2.0831764499635352,2002,False,-2.315322277995831,
locally_periodic,4,45685.703308024225,True,129,True,1.731885575458788,2.302585092994046,2.0859318487780625,2002,True,-2.3219437909732537,
locally_periodic,5,45685.728378671294,True,158,True,1.7593676424095033,2.302585092994046,2.0968451357713227,2002,True,-2.3213401031275787,
locally_periodic,6,45685.54235834764,True,240,True,1.7371398829109241,2.302585092994046,2.089951534394973,2002,True,-2.3213401031275827,
locally_periodic,7,45754.3884295021,False,240,True,1.684303613250243,2.302585092994046,2.111966481681818,2002,False,-2.3738928381091124,
locally_periodic,8,45686.22259861046,False,240,True,1.7501076941156093,2.302585092994046,2.086269519132228,2002,False,-2.3213401031275827,
locally_periodic,9,45686.05317796367,True,161,True,1.7531441422771352,2.302585092994046,2.0949624938014337,2002,False,-2.3299039671368362,
locally_periodic,10,45686.02581299245,True,164,True,1.7607325270009637,2.302585092994046,2.1002514350857675,2002,False,-2.3110353373234758,
locally_periodic,11,45686.340665748474,True,128,True,1.7483626753141233,2.302585092994046,2.0869997942437912,2002,False,-2.333850863864182,
locally_periodic,12,45685.64401761835,True,184,True,1.7518481248161497,2.302585092994046,2.0906779517857688,2002,True,-2.321340103127578,
locally_periodic,13,45685.63773904566,True,192,True,1.743995383265165,2.302585092994046,2.0871755732213884,2002,True,-2.321340103127578,
locally_periodic,14,45702.95728318443,False,240,True,1.7164187474679693,2.302585092994046,2.081084542289204,2002,False,-2.377082826413792,
locally_periodic,15,45720.19665867808,False,240,False,1.682588433840354,2.2450204656691954,2.0794687299636743,2002,False,-2.2395370980424443,
locally_periodic,16,45689.349238406394,False,240,True,1.7462089611464426,2.302585092994046,2.0747020390710444,2002,False,-2.3354710023174268,
locally_periodic,17,45685.549334765004,True,156,True,1.7390075154229658,2.302585092994046,2.091301769871696,2002,True,-2.3144006787186644,
locally_periodic,18,45685.73791969246,True,189,True,1.7525633681280488,2.302585092994046,2.0981664139731446,2002,True,-2.321340103127578,
locally_periodic,19,45695.884346026316,False,240,True,1.6802716697838427,2.302585092994046,2.0704836442252916,2002,False,-2.2918087117733905,
additive,0,45661.6540655564,False,240,False,-0.1858097107517434,-0.40295239127395777,1.685040677305919,2002,False,2.556827167900946,-2.2306609922618037
additive,1,45529.267087745306,False,240,False,1.8531289995293052,0.9311745607328035,-0.08424023244375894,2002,False,1.1767954184342662,-2.5933774357249075
additive,2,45468.80446341388,False,240,False,-1.651414843610243,-0.8139640521376382,1.726748595192418,2002,False,2.2912063568134124,-2.369296483905894
additive,3,45603.94542560735,True,240,False,-2.583260913915649,-1.9212194369669067,1.7398288666154984,2002,False,2.130591301438147,-3.1299574029679573
additive,4,45140.34064315588,False,240,False,1.5304354839648577,1.2400539053085449,0.716478952441651,2002,False,1.6242720370910357,-2.4374714029254396
additive,5,45183.53429772403,False,240,False,1.3972175406816636,1.6118095650958324,0.9974575193599906,2002,False,1.696635543160881,-2.4120192139933545
additive,6,47816.774377352616,False,240,False,1.8723338394101066,0.6225337572851276,-0.9053675523123823,2002,False,0.19095425048844394,-4.588317874771993
additive,7,45746.880375151864,False,240,True,-1.8420185741832449,-1.8802470831436553,1.7613059269195253,2002,False,2.2632727096407135,-11.842646744034095
additive,8,45546.73050651193,False,240,False,1.8380000367932312,0.9210340371976182,-0.10409725104448803,2002,False,1.1618418716865397,-2.5933774357249075
additive,9,45136.3878285228,False,240,False,1.5381539691558688,1.197434469751139,0.651374570987551,2002,True,1.6145218737845133,-2.3802511206804806
additive,10,45175.179015560236,False,240,False,1.6130848931498556,1.079336762340959,0.4396137130969378,2002,False,1.4976677990392198,-2.433123494810857
additive,11,45598.61182070535,False,240,False,-2.810332609330269,-1.72412402243105,1.7664569136901482,2002,False,2.1536166025142336,-2.724148447388531
additive,12,45198.44415744883,False,240,False,1.6624755994192282,1.0165898492893566,0.36296656283821205,2002,False,1.4836755209621322,-2.429225644243353
additive,13,45187.1530633172,False,240,False,1.2533059723695357,1.8996327017200878,1.10826178950427,2002,False,1.8101445311678195,-2.3577719213579327
additive,14,45160.09177596647,False,240,False,1.5735939737923894,1.0937279191721723,0.5008651211713298,2002,False,1.5345120945563673,-2.381652462188907
additive,15,45284.615390283754,False,240,False,1.7466147120551716,0.9827990616976651,0.17775632881074785,2002,False,1.3638372335094158,-2.472915099842756
additive,16,45477.72482492105,False,240,False,-1.3364052758861136,-0.7139188586633537,1.754781787513321,2002,False,2.3469221681534194,-2.3112499650624136
additive,17,45194.83402437594,False,240,False,1.6850406773059183,1.0126643654868814,0.3894551203230987,2002,False,1.5189157364860835,-2.3874245946885395
additive,18,45151.05749242918,False,240,False,1.5803190605581052,1.0960073900161795,0.5356024997412846,2002,False,1.5575358697892356,-2.3960395572727604
additive,19,45169.83796767067,False,240,False,1.5852918091741868,1.099829465055322,0.47202568994233574,2002,False,1.5548644418505138,-2.363322247889764
se,0,49281.05600011343,True,133,False,1.5964567646043777,1.3903203822322816,-1.9799326198873795,2003,False,,
se,1,49280.29478407995,True,121,False,1.5925534950600795,1.3898423833796605,-1.968672009373538,2003,True,,
se,2,49281.22224190269,True,97,False,1.5957867336369274,1.3845620782117791,-1.9840964429074028,2003,False,,
se,3,49280.70050354468,True,115,False,1.5847539961669872,1.3835812960532223,-1.9690505853556868,2003,True,,
se,4,49281.15361554906,True,127,False,1.5858430753529527,1.3929192815759932,-1.9616005165001544,2003,False,,
se,5,49281.09964478278,True,127,False,1.5908716033631711,1.386814856895932,-1.983843617364408,2003,False,,
se,6,49280.53550470367,True,97,False,1.5848090741081,1.3907338990343596,-1.9712997639229184,2003,True,,
se,7,49280.419996510056,True,139,False,1.5927890432632397,1.3861768630759232,-1.9778799554406759,2003,True,,
se,8,49280.9287305951,True,109,False,1.5931297247380014,1.3899214264947237,-1.9797992400873334,2003,False,,
se,9,49280.24698515351,True,91,False,1.5930966286163066,1.386934254042861,-1.9715652198949296,2003,True,,
se,10,49281.78972113067,True,203,False,1.5850022723061894,1.393546962855346,-1.9572628421709375,2003,False,,
se,11,49280.7481561305,True,138,False,1.5890199499889603,1.3885824255290535,-1.9799326198873777,2003,False,,
se,12,49281.10879101751,True,115,False,1.579021054776986,1.38633514543696,-1.9623788068282109,2003,False,,
se,13,49280.254679703175,True,127,False,1.587831897796022,1.3875492352061363,-1.9754791860858378,2003,True,,
se,14,49345.372253345566,False,240,False,1.6864014947994586,1.3941218377215068,-2.0479419530367187,2003,False,,
se,15,49280.67522254841,True,207,False,1.593103878620708,1.388027740694872,-1.9799326198873817,2003,True,,
se,16,49281.050357826265,True,127,False,1.6025786732541665,1.3921999947685466,-1.9746661167990744,2003,False,,
se,17,49280.710604342734,True,230,False,1.5964567646043788,1.38620696511205,-1.9799326198873821,2003,True,,
se,18,75042.53749725842,False,240,False,1.4123660825573858,0.1556733799380447,-5.493748165936202,2003,False,,
se,19,49281.41588699954,True,127,False,1.5847499510398682,1.3922528841145227,-1.9587026647211163,2003,False,,
matern32,0,46356.06728357807,True,109,False,1.7403683329165058,2.0803666498109283,-2.342649063350485,2003,False,,
matern32,1,46356.10342171002,True,160,False,1.7392295160053963,2.079859334762418,-2.342649063350483,2003,False,,
matern32,2,46355.46756508242,True,133,False,1.7484436103011596,2.085656532939491,-2.323643547174831,2003,True,,
matern32,3,46356.13878943927,True,142,False,1.7677716066992069,2.0925501365721675,-2.3199792856340387,2003,False,,
matern32,4,46355.87439200618,True,195,False,1.751828207227282,2.0845700525436914,-2.3426490633504873,2003,False,,
matern32,5,46355.51029088057,True,115,False,1.7597067047588268,2.0853239884304733,-2.329742181799074,2003,True,,
matern32,6,46356.15112202439,True,115,False,1.748509348467823,2.090348097243619,-2.3173217855728536,2003,False,,
matern32,7,46355.47141950905,True,121,False,1.76123496942443,2.08930735007945,-2.3263844633531954,2003,True,,
matern32,8,46355.40455139456,True,133,False,1.7496028952971694,2.0876537115069524,-2.3298149346049857,2003,True,,
matern32,9,46355.99205533731,True,145,False,1.7413883087759685,2.080122372786302,-2.3426490633504864,2003,False,,
matern32,10,46355.553164714125,True,115,False,1.7618200577359018,2.0898836141475967,-2.3248294707964536,2003,True,,
matern32,11,46355.77204495254,True,142,False,1.7479970695929508,2.0878417033085825,-2.3199792856340387,2003,True,,
matern32,12,46355.5905869157,True,127,False,1.7539059126821326,2.084308564325373,-2.3243573063135776,2003,True,,
matern32,13,46356.28491602243,True,132,False,1.7705348334002482,2.0958203636858412,-2.319979285634039,2003,False,,
matern32,14,46356.283857572096,True,155,False,1.7334030962439362,2.081615312689521,-2.3199792856340387,2003,False,,
matern32,15,46355.893759139944,True,133,False,1.7346602271099885,2.0792726229479164,-2.3246798859701574,2003,False,,
matern32,16,46355.927539643126,True,127,False,1.7412056299118837,2.0780945784168363,-2.342351938595704,2003,False,,
matern32,17,46355.852171988394,True,109,False,1.7433941044355794,2.086821927453476,-2.3208058817976713,2003,True,,
matern32,18,46355.46466636765,True,145,False,1.7584970377763345,2.0861012944061583,-2.3273281219671897,2003,True,,
matern32,19,46355.970481388606,True,115,False,1.731108530357276,2.075851475292725,-2.33128829482959,2003,False,,
matern52,0,47086.33031634812,True,133,False,1.6864014947994577,1.8010622081719523,-2.161290841618931,2003,True,,
matern52,1,47086.205103974324,True,114,False,1.686401494799459,1.7948292297635875,-2.161524995671293,2003,True,,
matern52,2,47086.46669708953,True,109,False,1.6857967077922724,1.7954664411946382,-2.157880216103301,2003,False,,
matern52,3,47085.95421013089,True,115,False,1.6865807019230588,1.7961263354365495,-2.167658674084562,2003,True,,
matern52,4,47087.136612222326,True,109,False,1.667418531237812,1.7864435965676881,-2.175398260679981,2003,False,,
matern52,5,47086.12518259626,True,127,False,1.6812844106978522,1.795716830995742,-2.1704305574141842,2003,True,,
matern52,6,47086.74501566788,True,127,False,1.7032200316057553,1.8036108412540364,-2.1677185914243533,2003,False,,
matern52,7,47086.34773259063,True,148,False,1.6971914327672941,1.801471267582809,-2.16129084161893,2003,True,,
matern52,8,47086.06020162209,True,139,False,1.6869367392697683,1.7952802388834854,-2.16347334278967,2003,True,,
matern52,9,47086.54767465763,True,167,False,1.6768317344122843,1.7911445448076568,-2.16129084161893,2003,False,,
matern52,10,47086.198776408535,True,191,False,1.687562686575623,1.7954192051079165,-2.16129084161893,2003,True,,
matern52,11,47086.15895032899,True,145,False,1.6810413304093803,1.797972742943901,-2.1636533677315644,2003,True,,
matern52,12,47086.19126308327,True,133,False,1.6808478736267676,1.7964277313569748,-2.1605522103627743,2003,True,,
matern52,13,47086.68377957713,True,121,False,1.6919526420701982,1.7992377410342735,-2.175394318847572,2003,False,,
matern52,14,47086.32463089959,True,115,False,1.6881665604798923,1.7972273446379872,-2.1738017105438705,2003,True,,
matern52,15,47086.919410743314,True,133,False,1.6659945465167418,1.7892146980053696,-2.163611855203282,2003,False,,
matern52,16,47086.27573615777,True,144,False,1.6767035366747285,1.7945586288219189,-2.1612908416189303,2003,True,,
matern52,17,47086.73555377161,True,97,False,1.6705666571513202,1.7877951066807394,-2.1676405480599583,2003,False,,
matern52,18,47086.28452059487,True,97,False,1.690164392232068,1.7937918280552172,-2.164630571722895,2003,True,,
matern52,19,47086.41369090752,True,115,False,1.6840127405933403,1.8009200628738036,-2.1611455194472264,2003,True,,
periodic,0,53159.95851984074,True,109,False,1.6684125487604418,0.1295204114809153,-1.6172161764242738,2003,True,,
periodic,1,53160.440873989966,True,133,False,1.6679376647866215,0.13160132188694332,-1.605638714242102,2003,True,,
periodic,2,53160.05759070401,True,139,False,1.6561769056712188,0.12933275660374452,-1.6174181958429796,2003,True,,
periodic,3,53159.96587884936,True,121,False,1.671315039977617,0.1309791465568785,-1.6162497776381999,2003,True,,
periodic,4,53160.11301522303,True,133,False,1.6746455458237968,0.13303410251647277,-1.6175019952968237,2003,True,,
periodic,5,53160.643228042645,True,139,False,1.6609829330646992,0.1245556741970319,-1.624650950763545,2003,False,,
periodic,6,53403.65813383694,False,240,False,1.3494917766400047,0.03125886235554681,-1.685225509573613,2003,False,,
periodic,7,53160.03703660944,True,139,False,1.6684125487604426,0.12966636277477928,-1.6116706792746445,2003,True,,
periodic,8,53159.922097507464,True,144,False,1.6665211299861917,0.12952041148091487,-1.6172161764242754,2003,True,,
periodic,9,53160.00329632475,True,151,False,1.6684125487604424,0.1288837085724954,-1.6176817769660894,2003,True,,
periodic,10,53160.39869874735,True,109,False,1.6778369005282565,0.13761364658255515,-1.6089914460527277,2003,True,,
periodic,11,53160.281036940636,True,121,False,1.6757355809254937,0.13486154289359142,-1.6181846783162321,2003,True,,
periodic,12,53160.028203239024,True,150,False,1.6728001657007208,0.13202516037244555,-1.6172161764242723,2003,True,,
periodic,13,53159.99962808996,True,97,False,1.6562290937802069,0.1296816164777143,-1.613454458623529,2003,True,,
periodic,14,53159.94754875179,True,127,False,1.66196999129697,0.12784609419449278,-1.6169234643406767,2003,True,,
periodic,15,53159.945941515485,True,133,False,1.6649101959326673,0.13281354130267703,-1.6159575165292361,2003,True,,
periodic,16,53160.0810880886,True,121,False,1.6600399063568103,0.13349509586872296,-1.6111630685916312,2003,True,,
periodic,17,53159.956322081016,True,231,False,1.665376172548455,0.12834968729519042,-1.617216176424276,2003,True,,
periodic,18,53159.99887627979,True,133,False,1.6576065934498674,0.12929025366717542,-1.6172505247685172,2003,True,,
periodic,19,53160.1705492892,True,155,False,1.6684125487604429,0.13394325865833925,-1.6074940699415945,2003,True,,
locally_periodic,0,46370.69264738944,True,164,True,1.7223793868774897,2.302585092994046,2.0803666498109283,2003,False,-2.319979285634041,
locally_periodic,1,46373.18250234877,False,240,True,1.7768628638787136,2.302585092994046,2.1003075389653785,2003,False,-2.3493436164950876,
locally_periodic,2,46370.02122164596,True,227,True,1.7631496339742547,2.302585092994046,2.1009534649364676,2003,True,-2.319979285634043,
locally_periodic,3,46370.24639398241,False,240,True,1.725429244916064,2.302585092994046,2.085664057790816,2003,False,-2.3226101249246787,
locally_periodic,4,46411.53541029082,False,240,True,1.811850613227247,2.302585092994046,2.0734042012458604,2003,False,-2.4106583964998194,
locally_periodic,5,46369.73749290647,True,240,True,1.744628023354636,2.302585092994046,2.0846722877662778,2003,True,-2.33328661337723,
locally_periodic,6,46369.594555773285,True,214,True,1.7589967570685685,2.302585092994046,2.095773190110243,2003,True,-2.328002701438064,
locally_periodic,7,46370.257484522954,False,240,True,1.7294535082549378,2.302585092994046,2.0892116306801,2003,False,-2.327137778370231,
locally_periodic,8,46369.79377140034,True,208,True,1.7601426492563816,2.302585092994046,2.0967963228485145,2003,True,-2.3199792856340387,
locally_periodic,9,46370.34586306801,True,197,True,1.7418633800514352,2.302585092994046,2.0960849989891295,2003,False,-2.3131684563805446,
locally_periodic,10,46369.99942344712,True,161,True,1.7304092195352625,2.302585092994046,2.0871530288406936,2003,True,-2.3199792856340387,
locally_periodic,11,46370.17308534021,False,240,True,1.7284919444806104,2.302585092994046,2.086368456283187,2003,False,-2.3188612545497507,
locally_periodic,12,46369.73795498687,True,204,True,1.7475559567132146,2.302585092994046,2.0890115160656206,2003,True,-2.3199792856340387,
locally_periodic,13,67630.59720977058,False,240,False,1.4182956764930759,-0.927435412713983,2.95113932080303,2003,False,-3.498807726889141,
locally_periodic,14,46369.60900347406,True,184,True,1.739351850929624,2.302585092994046,2.089673129192543,2003,True,-2.3201811037870224,
locally_periodic,15,46369.88133376435,True,188,True,1.7367229517233347,2.302585092994046,2.091532101852235,2003,True,-2.3186528409711915,
locally_periodic,16,46370.095865529845,True,184,True,1.735040252214937,2.302585092994046,2.082733914316175,2003,False,-2.3381662537524557,
locally_periodic,17,46370.22976357965,True,226,True,1.7655985210129983,2.302585092994046,2.095564679427647,2003,False,-2.3353690634031117,
locally_periodic,18,46369.64625401894,True,203,True,1.747568304946886,2.302585092994046,2.09557580969458,2003,True,-2.319979285634043,
locally_periodic,19,46560.06810200261,False,240,False,1.6262718555495834,1.1863920952860099,2.162515014998862,2003,False,-2.2032581924428007,
additive,0,46344.02700259451,False,240,False,-0.18444889325820402,-0.40295239127395777,1.686401494799458,2003,False,2.556827167900946,-2.229300174768264
additive,1,46154.19705980475,False,240,False,-2.0457223188133624,-0.9498163508600431,1.7378586595897194,2003,False,2.2458608802159814,-2.397204985692188
additive,2,48567.98756879305,False,240,False,1.924918305279113,0.6283282846364754,-1.1113092088836969,2003,False,0.1957151218399128,-3.498807726889136
additive,3,45830.27320512257,False,240,False,1.5981842169003357,1.1400891338953845,0.5258997307449452,2003,False,1.532338117134546,-2.4706537795162538
additive,4,46286.64513041968,False,240,False,-2.699595572596288,-1.8996327017200876,1.726102872766291,2003,False,2.121163652587415,-3.0000726171273615
additive,5,45799.09008234064,True,240,False,1.4783436756989958,1.2978742352740007,0.8028814319743712,2003,False,1.667871369798561,-2.4022957777751808
additive,6,46284.688188212254,True,204,False,-2.3596258018063563,-1.9715884858761512,1.7498896605812482,2003,False,2.1380255415296014,-3.6801659486206844
additive,7,45918.581770065895,False,240,False,1.7127589445710245,1.017609470956296,0.2075339904113762,2003,False,1.4101809456569647,-2.4290762832225288
additive,8,45797.449046307185,False,240,False,1.5133770197220286,1.2570464483344674,0.7443770246142201,2003,True,1.6470966220607144,-2.391724665916854
additive,9,45919.360537117216,False,240,False,1.3985783581752016,2.0723265836946414,1.141953939616766,2003,False,1.7337837958444935,-2.4330588523685663
additive,10,45804.176852798846,False,240,False,1.5424899264873293,1.208857173821874,0.6406347856245995,2003,False,1.6088235105951605,-2.410658396499815
additive,11,47477.640386224455,False,240,False,1.7904435171005584,0.6435476616464939,-0.7516674484010011,2003,False,0.5921126867284289,-2.773374839962925
additive,12,46421.84957476348,False,240,False,0.19445951737561812,-0.2884738629822284,1.5421186668411948,2003,False,2.7762961180996713,-2.1959918228048734
additive,13,45896.910897593596,False,240,False,1.3985783581752016,1.7269388197455346,0.9975959922052169,2003,False,1.7750834459784979,-2.4717641709427154
additive,14,46280.24046447263,False,240,True,0.8229320849266903,2.302585092994046,1.7473407509548937,2003,False,1.9974969826240618,-2.356656390959228
additive,15,48539.71703328907,False,240,False,1.702000135993434,0.540160947447028,-0.9485322492034205,2003,False,0.18531878812438501,-4.224240613815351
additive,16,46317.33378140684,False,240,False,-2.004846670653513,-1.96416436220291,1.6802817277404878,2003,False,2.1337058778095135,-7.851405048446404
additive,17,45799.386136910645,True,221,False,1.54248992648733,1.2160527522374809,0.6772450901172474,2003,False,1.6145864232825056,-2.387988618783371
additive,18,45799.485872001984,False,240,False,1.5172539696239404,1.194466016990661,0.6790107439799934,2003,False,1.6210810783661374,-2.4006680622853795
additive,19,46416.39979183594,False,240,False,0.14210142287388805,-0.2917281642556079,1.5366963917225116,2003,False,2.7206103767041037,-2.2200457647489618
se,0,49937.20837020349,True,133,False,1.592387011019018,1.3903203822322816,-1.9840023734727397,2004,False,,
se,1,49936.780948304644,True,207,False,1.5791645146366937,1.3860757879502723,-1.9840023734727406,2004,True,,
se,2,49937.138400143915,True,109,False,1.585557774285377,1.3873436668355303,-1.9877087682578543,2004,False,,
se,3,49936.713164477376,True,179,False,1.5799227334408041,1.3849385751214962,-1.984002373472737,2004,True,,
se,4,49937.52248547015,True,133,False,1.5923870110190177,1.3834667780195307,-1.9905727136684552,2004,False,,
se,5,49936.83325289046,True,238,False,1.5913302659864155,1.3845373249439628,-1.984002373472741,2004,True,,
se,6,49936.771383087354,True,126,False,1.5923870110190181,1.3893988536627562,-1.9801832315541106,2004,True,,
se,7,49937.16955704392,True,139,False,1.5923870110190177,1.390393256390817,-1.9699009072485287,2004,False,,
se,8,49936.985156380935,True,97,False,1.5865982108409418,1.3910100670756622,-1.9723333384426536,2004,True,,
se,9,49937.16909004598,True,120,False,1.592387011019018,1.387349280696084,-1.970724099547387,2004,False,,
se,10,49936.77951029751,True,127,False,1.5847472795394002,1.3899932277348128,-1.9779211483137233,2004,True,,
se,11,49936.53539485004,True,133,False,1.5880151797675752,1.3878040672692489,-1.9786375315855353,2004,True,,
se,12,49937.007530019386,True,202,False,1.5804446967908072,1.388305615470346,-1.9840023734727406,2004,True,,
se,13,49936.9579568475,True,115,False,1.5871181633504352,1.3833099015935002,-1.9770994582917676,2004,True,,
se,14,49936.891545195336,True,184,False,1.5846710809434446,1.3824281724312923,-1.9840023734727406,2004,True,,
se,15,49937.489337474064,True,103,False,1.585869114990868,1.3814774647019121,-1.990443615664652,2004,False,,
se,16,49938.278341270445,True,121,False,1.5815446918933715,1.3790472321072085,-1.9939422648359606,2004,False,,
se,17,76321.06191102257,False,240,False,1.3945086045898423,0.1962666462204107,-5.6791761412531265,2004,False,,
se,18,49938.09933459891,True,97,False,1.5824945753675805,1.3799097145826709,-1.9937642012489005,2004,False,,
se,19,49936.74941069991,True,121,False,1.5855079394603802,1.3900107652861329,-1.97628418975594,2004,True,,
matern32,0,46966.30482865111,True,127,False,1.7542875253701622,2.0803666498109283,-2.3467188169358453,2004,True,,
matern32,1,46966.60712857085,True,208,False,1.7664083463564126,2.088298538502986,-2.346718816935846,2004,False,,
matern32,2,46966.239268377234,True,103,False,1.7543240847236274,2.0814618887673224,-2.340206426732452,2004,True,,
matern32,3,46966.08847644004,True,103,False,1.7492569754590865,2.0821395455445546,-2.336315477561866,2004,True,,
matern32,4,46966.83132934072,True,115,False,1.7601622490649547,2.09361535020883,-2.330238835029001,2004,False,,
matern32,5,46966.262304502416,True,121,False,1.7523876843785715,2.084064074353053,-2.349459682685112,2004,True,,
matern32,6,46966.71219591908,True,115,False,1.726036149968345,2.0735466202237576,-2.342493709689948,2004,False,,
matern32,7,46966.58445755578,True,163,False,1.7428394639804525,2.080366649810928,-2.3303326010690824,2004,False,,
matern32,8,46966.144068936235,True,115,False,1.7403618883867944,2.0813400603133534,-2.3451383604657114,2004,True,,
matern32,9,46966.313917258536,True,103,False,1.7519452813361647,2.085969881424921,-2.348061737705436,2004,True,,
matern32,10,46967.31312086788,True,155,False,1.752559784228296,2.0922202247800885,-2.3240490392193984,2004,False,,
matern32,11,46966.74362330471,True,109,False,1.7339108390686244,2.0760093562101845,-2.332727073090841,2004,False,,
matern32,12,46966.18675701866,True,189,False,1.7388534420137023,2.076736870885886,-2.346718816935846,2004,True,,
matern32,13,46967.72318785722,True,127,False,1.7798503933840801,2.0973032341062012,-2.3422424131334743,2004,False,,
matern32,14,46966.029777494485,True,133,False,1.75606942306046,2.084961946000439,-2.3407173898726783,2004,True,,
matern32,15,46966.51194089829,True,115,False,1.75405686371855,2.079795305085119,-2.3510499015836,2004,False,,
matern32,16,46966.020137615065,True,115,False,1.7462139771990461,2.0838304073932035,-2.335841480589783,2004,True,,
matern32,17,46966.2646057378,True,201,False,1.7512944521975058,2.0862888718678407,-2.346718816935846,2004,True,,
matern32,18,46966.083150630904,True,207,False,1.752463277372779,2.0841795881398553,-2.346718816935846,2004,True,,
matern32,19,46966.04825205849,True,127,False,1.7500006325265522,2.0818534899677035,-2.3469393632344446,2004,True,,
matern52,0,47708.083843956076,True,121,False,1.664342795175082,1.7846325351343653,-2.188030372920736,2004,False,,
matern52,1,47707.60404646126,True,185,False,1.6777775736912237,1.7869133851989056,-2.1880303729207324,2004,False,,
matern52,2,47708.120988452654,True,115,False,1.684772918245459,1.787324380525504,-2.1911849806920327,2004,False,,
matern52,3,47707.17950023852,True,115,False,1.6981785412750643,1.798403971375507,-2.17753179032632,2004,True,,
matern52,4,47706.929181914806,True,109,False,1.6879451403311876,1.792217700096811,-2.1810637201927454,2004,True,,
matern52,5,47707.71443318987,True,155,False,1.6800620348874853,1.7864749721963193,-2.188030372920733,2004,False,,
matern52,6,47707.064133874126,True,121,False,1.6933971675392292,1.8001518768085254,-2.174547009550985,2004,True,,
matern52,7,47707.56673659333,True,97,False,1.662978307317651,1.785856060928809,-2.1801603820616635,2004,False,,
matern52,8,47707.843608168216,True,167,False,1.6959091367695265,1.7956125311785665,-2.1880303729207338,2004,False,,
matern52,9,47707.132512621734,True,145,False,1.6802100613806261,1.788040752886771,-2.1818556664351845,2004,True,,
matern52,10,47707.33661620236,True,133,False,1.6840157743554458,1.7948792379535252,-2.1858157657733255,2004,False,,
matern52,11,47707.736587815205,True,177,False,1.679764438038856,1.7862672753784135,-2.1880303729207373,2004,False,,
matern52,12,47708.00775877284,True,114,False,1.6823317412140981,1.800946571067976,-2.160623941763314,2004,False,,
matern52,13,47706.894706468986,True,127,False,1.6725365896963125,1.7917475502767932,-2.1725995022592,2004,True,,
matern52,14,47707.46175919802,True,195,False,1.6722625910915896,1.7922576290499708,-2.165360595204293,2004,False,,
matern52,15,47706.82875391489,True,115,False,1.679796775432195,1.7927494077592283,-2.1709528611783053,2004,True,,
matern52,16,47707.82355552184,True,103,False,1.6837703517690081,1.800805418693998,-2.161643817482483,2004,False,,
matern52,17,47706.90995162487,True,115,False,1.6922014751310395,1.7952777282141248,-2.179180936971124,2004,True,,
matern52,18,47707.41566319943,True,133,False,1.6817821483190107,1.8002241968956985,-2.1663321576886645,2004,False,,
matern52,19,47707.02131775278,True,109,False,1.6770568771674628,1.7905645734566429,-2.1708687991885496,2004,True,,
periodic,0,53884.48519574964,True,109,False,1.664342795175082,0.1295204114809153,-1.621285930009634,2004,True,,
periodic,1,53884.755087931684,True,157,False,1.6674693976768367,0.13016787179050082,-1.6161973609255351,2004,True,,
periodic,2,53885.60767146286,True,115,False,1.653789168604284,0.12507111820901134,-1.6339636064996257,2004,False,,
periodic,3,53884.606636010125,True,138,False,1.6643427951750818,0.1278427839618998,-1.6249164355056895,2004,True,,
periodic,4,53939.93941259313,False,240,False,1.7465684746513257,0.10602192389673692,-1.689295263158972,2004,False,,
periodic,5,53884.72024094667,True,121,False,1.6653695189686137,0.13220130203072236,-1.615048845328384,2004,True,,
periodic,6,53885.19576172663,True,133,False,1.6643427951750818,0.13325780726038278,-1.6105383931853687,2004,False,,
periodic,7,53884.59000926772,True,185,False,1.6548450204783502,0.13001377847441078,-1.6212859300096314,2004,True,,
periodic,8,53885.008917308434,True,138,False,1.6463538491360659,0.12485555291701791,-1.6189298715917844,2004,True,,
periodic,9,53884.69399292086,True,115,False,1.6712806009602172,0.13197091902679586,-1.618236884336402,2004,True,,
periodic,10,53885.08318110922,True,139,False,1.6774657763094236,0.1367337287207836,-1.619089179731985,2004,False,,
periodic,11,53885.368820988864,True,109,False,1.6565919325581746,0.12569799282396094,-1.632801535550684,2004,False,,
periodic,12,53885.210024820146,True,115,False,1.6642321765720516,0.13009036833514045,-1.6309290580547318,2004,False,,
periodic,13,53885.644747501814,True,139,False,1.6580292013666236,0.12407358802167795,-1.6344735800754686,2004,False,,
periodic,14,53885.337276776656,True,133,False,1.6531571235161675,0.13119427392207064,-1.6107374800697172,2004,False,,
periodic,15,53885.520831271024,True,115,False,1.6624312980092184,0.12603548735993983,-1.6338136444768563,2004,False,,
periodic,16,53884.733251285375,True,109,False,1.6715073828564324,0.1319226477877066,-1.6176126359534984,2004,True,,
periodic,17,53885.72225588,True,103,False,1.6704971326642988,0.1276754060888121,-1.6337929010401937,2004,False,,
periodic,18,53884.93423759091,True,127,False,1.6705380545370436,0.13353018882985845,-1.6258993237977653,2004,True,,
periodic,19,53884.589144367834,True,168,False,1.6681237314505735,0.13287443184000053,-1.6212859300096327,2004,True,,
locally_periodic,0,46980.64716732596,True,171,True,1.736298579331146,2.302585092994046,2.0803666498109283,2004,False,-2.3467188169358453,
locally_periodic,1,46980.79405358057,True,203,True,1.7400378730514687,2.302585092994046,2.0927987255127443,2004,False,-2.3240490392193984,
locally_periodic,2,46980.1494568709,True,213,True,1.739501797326653,2.302585092994046,2.088581486329722,2004,True,-2.3395755945263192,
locally_periodic,3,46980.92046376866,False,240,True,1.733169821637022,2.302585092994046,2.08483879476095,2004,False,-2.3489431620499523,
locally_periodic,4,47043.62831414559,False,240,True,1.5829021919655322,2.302585092994046,2.031077630698168,2004,False,-2.278549123887354,
locally_periodic,5,46980.20717953414,True,155,True,1.741897222161985,2.302585092994046,2.0872959753399245,2004,True,-2.3315924729676274,
locally_periodic,6,47012.285626970144,False,240,True,1.7724826978167836,2.302585092994046,2.096796322848515,2004,False,-2.259916057087071,
locally_periodic,7,46980.65770163572,True,144,True,1.7313755008406517,2.302585092994046,2.085288925849765,2004,False,-2.327438504894268,
locally_periodic,8,46980.97446362427,True,223,True,1.7323137641778452,2.302585092994046,2.089648948853683,2004,False,-2.3240490392193984,
locally_periodic,9,46980.217898515846,True,178,True,1.7441222145506643,2.302585092994046,2.0915855001090446,2004,True,-2.339020967392651,
locally_periodic,10,46980.28239304875,True,187,True,1.7481175368048096,2.302585092994046,2.086267857202715,2004,True,-2.3400605239820074,
locally_periodic,11,47049.86653330854,False,240,False,1.8656660488553516,2.2840990075106653,2.185062536862669,2004,False,-2.243860828326983,
locally_periodic,12,46980.49530684034,True,158,True,1.735049857478504,2.302585092994046,2.0859478845579806,2004,True,-2.3449785590290744,
locally_periodic,13,47064.66411789693,False,240,True,1.7963793380886264,2.302585092994046,2.031077630698167,2004,False,-2.4147281500851783,
locally_periodic,14,46980.7351431927,True,226,True,1.758394447958147,2.302585092994046,2.095882781319385,2004,False,-2.3430013282608853,
locally_periodic,15,46980.86153673592,True,218,True,1.7349493657182835,2.302585092994046,2.0902685677377657,2004,False,-2.3240490392193975,
locally_periodic,16,46980.365201987996,True,171,True,1.7508336416789583,2.302585092994046,2.087127290308732,2004,True,-2.3415285629558733,
locally_periodic,17,46980.78976271659,True,205,True,1.7641723215148124,2.302585092994046,2.0967963228485145,2004,False,-2.339159708110003,
locally_periodic,18,47001.82596911857,False,240,False,1.7586895010840997,2.1269557942614545,2.114205742438432,2004,False,-2.2734987946339746,
locally_periodic,19,46995.64288945327,False,240,False,1.8055555819373073,2.129891211019493,2.12996655489328,2004,False,-2.3265634121477867,
additive,0,46960.34392191509,False,240,False,-0.1885186468435638,-0.40295239127395777,1.6823317412140981,2004,False,2.556827167900946,-2.2333699283536244
additive,1,46877.238474875776,False,240,True,0.5310391947170747,2.302585092994046,1.790903497015767,2004,False,2.089652971475257,-2.4147281500851747
additive,2,46900.67558504225,False,240,False,-2.5990374160717056,-1.985979642707365,1.7450530619677893,2004,False,2.1292549531621825,-3.2583280882971115
additive,3,46410.11273588284,False,240,False,1.4236144031288527,1.3796195675537903,0.8742942566994021,2004,False,1.6891443960449184,-2.426902433643066
additive,4,46921.46059075259,False,240,False,-2.4588407671663672,-1.8259784815902793,1.8725815285871485,2004,False,2.214648750658693,-3.1401610370113855
additive,5,46426.14266723265,False,240,False,1.531983059892481,1.4966803104461301,0.7897401253962575,2004,False,1.6403046599629492,-2.4680018837967834
additive,6,46921.64569363104,False,240,False,-2.187628509089352,-1.8963145698676334,1.8418136890886938,2004,False,2.208748018450399,-3.9562730348033726
additive,7,46423.54095887349,False,240,False,1.4786789930734359,1.1070775732601652,0.6276890523159947,2004,False,1.6266563234162994,-2.4147281500851747
additive,8,46404.7065857962,False,240,False,1.468306642883185,1.2184525808984048,0.7071657554314025,2004,False,1.6126643963619853,-2.407961662914857
additive,9,46405.50529212843,False,240,False,1.5254464685009788,1.1664230763339418,0.6655226389101203,2004,False,1.620564361083845,-2.3848672499228343
additive,10,46497.01517118041,False,240,False,1.1829082751914688,2.1094584855374543,1.2362332856862361,2004,False,1.8375082727354506,-2.4052708231725406
additive,11,46946.02250268811,False,240,False,1.8429784810870198,0.8352561151241746,-0.30549951543405696,2004,False,1.131214758107277,-2.4147281500851743
additive,12,46453.22582494687,False,240,False,1.2423273221466866,1.957197329044938,1.0461080643937208,2004,False,1.7817658552730085,-2.376742154577639
additive,13,46897.63738390109,False,240,False,-2.0996987420421314,-2.004137711961725,1.7682826449028466,2004,False,2.1598095945009446,-11.800016124693032
additive,14,46427.50343474264,False,240,False,1.616504185041596,1.0649456055097462,0.5014178490499642,2004,False,1.5496298391344072,-2.4165413278050245
additive,15,46407.37064035687,False,240,False,1.4939061057251468,1.1259480792667105,0.6432444619453708,2004,False,1.5954673152866377,-2.4147281500851747
additive,16,46517.66951192231,False,240,False,1.710880023128698,1.019891459168282,0.24321605809281943,2004,False,1.4016791170411593,-2.488108216948956
additive,17,46401.32970404196,False,240,False,1.5150457496254721,1.21241382738849,0.708215342986729,2004,True,1.627816491474592,-2.4147281500851756
additive,18,46830.9329540408,False,240,False,1.7507156900883356,0.8761682970064153,-0.19088261704926288,2004,False,1.182931865672554,-2.4147281500851747
additive,19,47009.00603542804,False,240,True,-2.7789268764618646,2.302585092994046,1.9247349746216111,2004,False,2.1567307511853664,-2.3259507989919466
se,0,50608.211652110054,True,133,False,1.5912355494589723,1.3903203822322816,-1.9851538350327855,2005,True,,
se,1,50608.018407362164,True,173,False,1.5864646600779704,1.3850434325323024,-1.9851538350327833,2005,True,,
se,2,50609.72952698363,True,115,False,1.583576085070334,1.379461413896578,-2.000010147196436,2005,False,,
se,3,50609.09229738776,True,121,False,1.5782079110848755,1.3912670195919432,-1.9731061726287444,2005,False,,
se,4,50608.87526099861,True,133,False,1.5732466034199557,1.3813188779988832,-1.9942519661152978,2005,False,,
se,5,50608.05632526224,True,127,False,1.5796521117304203,1.3883064504142233,-1.983901576604096,2005,True,,
se,6,50608.822408988926,True,121,False,1.585058303217859,1.3854893379648272,-1.9754717318410213,2005,False,,
se,7,50608.223985520046,True,109,False,1.5847422765327766,1.3897143438074573,-1.9784293968875213,2005,True,,
se,8,50608.33765956562,True,127,False,1.5912355494589716,1.3867591382149023,-1.9794782599332212,2005,True,,
se,9,50607.94165536802,True,133,False,1.581116374780776,1.3869768071512745,-1.9836043992795727,2005,True,,
se,10,50608.89091522764,True,115,False,1.5878696734543902,1.386379930715022,-1.9746038230775396,2005,False,,
se,11,50640.67146581062,False,240,False,1.6165658193710737,1.374441061468378,-2.0531631681821247,2005,False,,
se,12,50608.790746338185,True,85,False,1.5875151180245506,1.3842152017420322,-1.996813715799669,2005,False,,
se,13,50607.99613182767,True,139,False,1.5833029873035762,1.3887799693840635,-1.9834961037238141,2005,True,,
se,14,50608.294280386486,True,121,False,1.5808189117509561,1.3823965377264429,-1.9878017082367325,2005,True,,
se,15,50608.19389321878,True,115,False,1.5805820920713076,1.3838836880262047,-1.9831778390867632,2005,True,,
se,16,50608.21592511194,True,121,False,1.5795947516911932,1.3844164630232885,-1.9817461429074208,2005,True,,
se,17,50608.04571792876,True,103,False,1.5783291418467846,1.38720391005601,-1.985842074111599,2005,True,,
se,18,50608.521998514414,True,121,False,1.5928152239884399,1.39180700122355,-1.985350122319307,2005,False,,
se,19,50608.14483604572,True,184,False,1.5805364427045585,1.3890984825802744,-1.9851538350327878,2005,True,,
matern32,0,47590.41732737157,True,115,False,1.7351471177711002,2.080366649810929,-2.3478702784958907,2005,True,,
matern32,1,47590.98323515297,True,109,False,1.7656804561821602,2.0888310964607473,-2.356290125824859,2005,False,,
matern32,2,47590.306818670506,True,167,False,1.7377887790145248,2.0787570206556643,-2.347870278495889,2005,True,,
matern32,3,47590.556741534514,True,133,False,1.7489041560852105,2.083773784830617,-2.339091592649708,2005,True,,
matern32,4,47590.56953525818,True,144,False,1.7351471177711002,2.0756323866261077,-2.347870278495889,2005,True,,
matern32,5,47590.23381390472,True,155,False,1.7527083210326453,2.0836036803954814,-2.347870278495889,2005,True,,
matern32,6,47590.32574122945,True,155,False,1.75389007562499,2.0831729298823123,-2.347870278495889,2005,True,,
matern32,7,47590.48444072237,True,121,False,1.7502828867533053,2.08792440909316,-2.3392906239536013,2005,True,,
matern32,8,47590.631966385336,True,127,False,1.7526238323764822,2.080122507408922,-2.3561768303562003,2005,True,,
matern32,9,47590.841680948906,True,121,False,1.7654409781106255,2.091111177468517,-2.352684459103505,2005,False,,
matern32,10,47592.16615466689,True,121,False,1.777512808466284,2.0956935968816923,-2.356982536550169,2005,False,,
matern32,11,47590.46624856866,True,121,False,1.738499606458633,2.080697459924415,-2.3540175083560038,2005,True,,
matern32,12,47590.2665471047,True,151,False,1.750969924414123,2.081929962184207,-2.3492490906815195,2005,True,,
matern32,13,47591.25371621168,True,219,False,1.722574107483371,2.0721613027042123,-2.3478702784958934,2005,False,,
matern32,14,47591.243742864375,True,115,False,1.7676083885061196,2.08845226425504,-2.358126465959462,2005,False,,
matern32,15,47590.43814656121,True,167,False,1.7534979655847471,2.081953135805841,-2.347870278495889,2005,True,,
matern32,16,47590.6086762472,True,133,False,1.7488895812880827,2.0863614340279875,-2.354991945040507,2005,True,,
matern32,17,47590.34444641594,True,143,False,1.7491595969312763,2.0806312864268555,-2.347870278495889,2005,True,,
matern32,18,47590.40368244937,True,145,False,1.735953278159105,2.079940357251608,-2.3446009755071393,2005,True,,
matern32,19,47590.59923953062,True,127,False,1.7425979095625415,2.0769463182120984,-2.3570757826019215,2005,True,,
matern52,0,48342.35520477206,True,121,False,1.6631913336150363,1.7846325351343653,-2.1891818344807814,2005,False,,
matern52,1,48341.49695867824,True,162,False,1.6811802796540518,1.7937486411740067,-2.1891818344807805,2005,True,,
matern52,2,48342.201218646485,True,115,False,1.6742961691763305,1.7971117723425982,-2.1700889537093593,2005,False,,
matern52,3,48341.56794235518,True,144,False,1.6841022335396014,1.7911232727801263,-2.1891818344807805,2005,True,,
matern52,4,48342.13142307581,True,121,False,1.6864671782489373,1.792098566226002,-2.195163030873438,2005,False,,
matern52,5,48341.84152748069,True,115,False,1.6837424801056735,1.7954930983930284,-2.1720451186364693,2005,False,,
matern52,6,48341.679570434106,True,115,False,1.680490407769204,1.792042361280697,-2.1759415321067337,2005,True,,
matern52,7,48341.521116176344,True,127,False,1.6847637251179464,1.795326174422666,-2.175484938446843,2005,True,,
matern52,8,48342.74850426018,True,121,False,1.701677667739139,1.8004470322337423,-2.191887746851488,2005,False,,
matern52,9,48342.00571643556,True,121,False,1.6874686571484503,1.7962860674966967,-2.1924785062596697,2005,False,,
matern52,10,48341.9713109766,True,133,False,1.6862740356709875,1.7968849810698029,-2.191523989748852,2005,False,,
matern52,11,48342.1151688805,True,103,False,1.6962894788884788,1.800098504137103,-2.1726220854213856,2005,False,,
matern52,12,48341.59921235292,True,179,False,1.6776413508658452,1.7938365416418716,-2.1891818344807796,2005,True,,
matern52,13,48341.40051649308,True,127,False,1.6808691438163756,1.7909664351871828,-2.1865405337559194,2005,True,,
matern52,14,48341.689628902895,True,132,False,1.685952350896641,1.7967744750587171,-2.1891818344807805,2005,True,,
matern52,15,48341.72498221856,True,184,False,1.670294280662332,1.7897334358136676,-2.1891818344807845,2005,True,,
matern52,16,48342.07936932942,True,168,False,1.6991692256930664,1.8010622081719514,-2.1855609132370226,2005,False,,
matern52,17,48341.67273828704,True,97,False,1.670309916468065,1.7880340386863574,-2.183790865837405,2005,True,,
matern52,18,48341.3395600823,True,139,False,1.681180279654052,1.7916206925050446,-2.1828509609869844,2005,True,,
matern52,19,48341.727065182175,True,133,False,1.6697889167166995,1.7934712603026535,-2.1765812133822973,2005,True,,
periodic,0,54613.36871009178,True,115,False,1.6631913336150363,0.1295204114809153,-1.6224373915696797,2005,True,,
periodic,1,54613.52344494338,True,191,False,1.6513451883151928,0.12684821523759912,-1.6224373915696777,2005,True,,
periodic,2,54613.66683807303,True,167,False,1.6474326270101323,0.12638195548551293,-1.6224373915696777,2005,True,,
periodic,3,54613.76920955569,True,127,False,1.669003953019724,0.13248686800553428,-1.6186339520129311,2005,True,,
periodic,4,54614.190031034144,True,151,False,1.642773009734276,0.12423925915148412,-1.6209847303363512,2005,False,,
periodic,5,54613.34758715632,True,202,False,1.6544500120400967,0.1297712883721115,-1.622437391569682,2005,True,,
periodic,6,54613.60624167144,True,115,False,1.6463665939185614,0.12684779828103032,-1.6236360590029693,2005,True,,
periodic,7,54614.3424774123,True,127,False,1.6539804165885337,0.12492502768324286,-1.6403916815580848,2005,False,,
periodic,8,54614.034854832295,True,109,False,1.6704251244312216,0.13002887179195374,-1.6369036933815873,2005,False,,
periodic,9,54613.494724374876,True,161,False,1.6692362353207986,0.13533355218902976,-1.622437391569678,2005,True,,
periodic,10,54613.28489157674,True,179,False,1.659849656896458,0.1302800941662759,-1.6224373915696777,2005,True,,
periodic,11,54613.88110129784,True,144,False,1.6631913336150357,0.12504179260279277,-1.6365205901215982,2005,False,,
periodic,12,54613.826076609024,True,115,False,1.6642584144113652,0.1272584728831459,-1.6368405966255457,2005,False,,
periodic,13,54613.35547637432,True,127,False,1.669857123480255,0.1316038468887355,-1.6248574968852947,2005,True,,
periodic,14,54613.31115982036,True,115,False,1.6645931653984969,0.13071613961070247,-1.6227926078200816,2005,True,,
periodic,15,54613.35638305118,True,139,False,1.6629243060998686,0.12649882938158935,-1.6293253551493079,2005,True,,
periodic,16,54613.3888150366,True,127,False,1.6666702343275865,0.13430907631029138,-1.6278290965322175,2005,True,,
periodic,17,54722.564530668446,False,240,False,1.680835094565707,0.04451629775536775,-1.6904467247190191,2005,False,,
periodic,18,54613.24199344746,True,115,False,1.656386553330958,0.13111551349162112,-1.6243362237249381,2005,True,,
periodic,19,54613.381522482465,True,179,False,1.6595812353150676,0.13355041930641076,-1.6224373915696777,2005,True,,
locally_periodic,0,47604.6615387373,True,188,True,1.7351471177711,2.302585092994046,2.088581486329722,2005,True,-2.347870278495891,
locally_periodic,1,47604.62989971516,True,238,True,1.7394461573420212,2.302585092994046,2.0837539748773346,2005,True,-2.3507119776775616,
locally_periodic,2,47604.44036353672,True,200,True,1.7452571137446136,2.302585092994046,2.0919736130445132,2005,True,-2.338666845736148,
locally_periodic,3,47604.74924300929,True,162,True,1.743657284003745,2.302585092994046,2.0898152815415583,2005,True,-2.3343800262397636,
locally_periodic,4,47724.629125633546,False,240,True,1.6080807503656367,2.302585092994046,2.0791880326377274,2005,False,-2.199855087093492,
locally_periodic,5,47605.10186893199,True,156,True,1.7310017673465352,2.302585092994046,2.080578422586284,2005,False,-2.355213606862525,
locally_periodic,6,47633.15058778234,False,240,True,1.824378029962288,2.302585092994046,2.1489174966359514,2005,False,-2.355090692086857,
locally_periodic,7,47604.64137891041,True,217,True,1.7524576448865536,2.302585092994046,2.093059635671715,2005,True,-2.349230698216851,
locally_periodic,8,47604.99666532986,True,209,True,1.7615396857050731,2.302585092994046,2.0957754364898333,2005,False,-2.348111907269148,
locally_periodic,9,47604.60982551667,True,155,True,1.7322603506757168,2.302585092994046,2.0827637169820976,2005,True,-2.3478702784958894,
locally_periodic,10,47604.46972721146,True,223,True,1.739264265721785,2.302585092994046,2.0888254660841383,2005,True,-2.3478702784958934,
locally_periodic,11,47614.61575686991,False,240,True,1.687675320872312,2.302585092994046,2.0498456022632205,2005,False,-2.3676565055427834,
locally_periodic,12,47604.44441054348,True,189,True,1.7418231801280384,2.302585092994046,2.089688325965455,2005,True,-2.347870278495889,
locally_periodic,13,47604.84614740222,True,182,True,1.753336759778087,2.302585092994046,2.096137303659632,2005,True,-2.347870278495889,
locally_periodic,14,47604.44957512044,True,198,True,1.739782937641279,2.302585092994046,2.088787375997533,2005,True,-2.347870278495889,
locally_periodic,15,47618.02609787858,False,240,False,1.7233354586928658,2.1298912110194927,2.0768703437078697,2005,False,-2.3135753062624755,
locally_periodic,16,47605.448033275956,True,150,True,1.763837773856832,2.302585092994046,2.0984126558211034,2005,False,-2.350936951468959,
locally_periodic,17,47605.28439034725,True,208,True,1.7488630104137186,2.302585092994046,2.0853978478915587,2005,False,-2.3576865792722934,
locally_periodic,18,47605.65347572244,True,156,True,1.721408538693016,2.302585092994046,2.0791095849438723,2005,False,-2.3360361216510337,
locally_periodic,19,47605.13742313937,False,240,True,1.7384218800896831,2.302585092994046,2.0949487905701485,2005,False,-2.334922569691005,
additive,0,47012.30928184049,False,240,False,1.5012908192638923,1.2232483306530875,0.7097771935471892,2005,True,1.6367654777960838,-2.415879611645223
additive,1,47375.675744382155,False,240,False,-1.6982829897375114,-0.8215283151087002,1.7521819032151713,2005,False,2.293952399299556,-2.372754115224621
additive,2,47062.5472838104,False,240,False,1.5596565656151893,1.0668300264275241,0.4854953603953863,2005,False,1.5809718271244653,-2.415879611645221
additive,3,47116.75007045371,False,240,False,1.6677676816765459,0.9662814920883294,0.24749254035835447,2005,False,1.427618505754353,-2.4416014478306716
additive,4,47035.95433982711,False,240,False,1.3702661368048532,1.489738788585105,0.8614480194616809,2005,False,1.6591580755735853,-2.457382575304633
additive,5,47037.47713207656,False,240,False,1.358795668609894,1.4688526569215818,0.9616224380934135,2005,False,1.7111801989490376,-2.4340180118726726
additive,6,47544.40452150645,False,240,False,-2.223924479675592,-2.1184074665252473,1.826169000554332,2005,False,2.126587745887952,-8.771514418552048
additive,7,47041.16024337158,False,240,False,1.3432871547772849,1.6069971400424674,0.9976003301714454,2005,False,1.7380195071737292,-2.413557121488213
additive,8,47013.96905084104,False,240,False,1.5023242942685786,1.2396252894763262,0.7230546680410067,2005,False,1.6448067737300265,-2.3865863726169603
additive,9,47517.46725239344,True,240,False,-2.703552353335072,-1.8374088522637937,1.7541813638893913,2005,False,2.1435555205440915,-2.9498023150082298
additive,10,48065.23678544838,False,240,False,-1.7641113291925148,-1.775280849733763,2.2568265529025635,2005,False,2.4253897836002523,-6.043044046276275
additive,11,47044.2683842011,False,240,False,1.2964259476413194,1.5591343444226615,0.935347550533707,2005,False,1.691598036131334,-2.4129535353441547
additive,12,47583.50650556349,False,240,True,-0.621404813339993,2.302585092994046,1.7602890785619891,2005,False,2.029491135389594,-2.298675008328109
additive,13,47036.29640643757,False,240,False,1.6391236683766022,1.1216555886917616,0.4898489500063959,2005,False,1.5383857863861972,-2.424851390084122
additive,14,47016.46923335365,False,240,False,1.5337449146534368,1.1886779591673673,0.6499802955532683,2005,False,1.6195785757661063,-2.408469207155224
additive,15,47405.347861419476,False,240,False,-2.337496345822699,-0.9610310612509474,1.701101768444318,2005,False,2.204707884712948,-2.38030482885665
additive,16,47031.37318347242,False,240,False,1.5880137532529015,1.2166690504147515,0.6038087598888726,2005,False,1.548168074226505,-2.441400457298484
additive,17,47037.18065943019,False,240,False,1.621004386264955,1.43140731592484,0.7468907976749981,2005,False,1.6554866348108663,-2.450701184761973
additive,18,47060.02977170214,False,240,False,1.5201887488139976,1.051360247603313,0.52988773315703,2005,False,1.5053280934953894,-2.486214759199561
additive,19,47375.64958349547,True,240,False,-1.7172876376134567,-0.8253689436610955,1.7289803555204628,2005,False,2.2839184661495637,-2.3701373854835963
se,0,51258.0795117954,True,151,False,1.5895504716379143,1.3903203822322816,-1.9868389128538433,2006,True,,
se,1,51258.41461461746,True,132,False,1.5715615255988975,1.386287864960503,-1.9854015136874978,2006,False,,
se,2,51258.04812070797,True,103,False,1.5753182980159925,1.3848428724177335,-1.9924936151202965,2006,True,,
se,3,51258.251457750244,True,166,False,1.5841652552508816,1.3853672745436136,-1.9868389128538406,2006,True,,
se,4,51257.976808107545,True,97,False,1.5860196922428722,1.3858935646911499,-1.991080717338773,2006,True,,
se,5,51258.16640447556,True,115,False,1.5850427798307063,1.3880629989277184,-1.997424661364066,2006,True,,
se,6,51259.50870904022,True,115,False,1.5679586063634994,1.37961682825573,-2.0013071380315925,2006,False,,
se,7,51258.244417467606,True,161,False,1.5872425510308872,1.3860609925865022,-1.9868389128538406,2006,True,,
se,8,51258.173624433424,True,133,False,1.5853464296714879,1.384543009767561,-1.990809974592592,2006,True,,
se,9,51257.8627181821,True,121,False,1.5806233032094394,1.3861783909320433,-1.9918029362212706,2006,True,,
se,10,51258.630748188865,True,115,False,1.5783339677030777,1.3895967455962024,-1.9979664804596764,2006,False,,
se,11,51259.67509609288,True,109,False,1.5800379853225626,1.3806475494901742,-2.0065862789344067,2006,False,,
se,12,51258.15393461386,True,236,False,1.589550471637914,1.3912693770796496,-1.9868389128538446,2006,True,,
se,13,51258.7485582695,True,103,False,1.5874284050799305,1.3894914892522294,-2.0002864170400754,2006,False,,
se,14,51258.19405050164,True,127,False,1.5762168395187577,1.3842983539886866,-1.9892752816651005,2006,True,,
se,15,51258.16837627281,True,103,False,1.5806659372091587,1.3841029887001497,-1.9970944350159332,2006,True,,
se,16,51258.71956763986,True,120,False,1.5895504716379136,1.386143835770937,-2.001897670314329,2006,False,,
se,17,51257.968677223864,True,121,False,1.5816114702308215,1.3899337413451724,-1.9879481294275756,2006,True,,
se,18,51287.996455432556,False,240,False,1.55928607693814,1.3800527427021856,-2.054848246003181,2006,False,,
se,19,51258.15910200644,True,103,False,1.5755786241047145,1.383830371882981,-1.992526353336645,2006,True,,
matern32,0,48201.40203128655,True,115,False,1.7334620399500418,2.080366649810929,-2.3495553563169485,2006,True,,
matern32,1,48201.34723627477,True,191,False,1.7474004622469528,2.088893202721914,-2.3495553563169462,2006,True,,
matern32,2,48201.42728601102,True,161,False,1.7445962857507253,2.088491641112161,-2.3495553563169453,2006,True,,
matern32,3,48202.1815436319,True,91,False,1.7677692544061472,2.096066741112915,-2.347645384311766,2006,False,,
matern32,4,48201.40308217947,True,133,False,1.7586928289418027,2.0912067041765363,-2.3526325379460182,2006,True,,
matern32,5,48201.394501469236,True,121,False,1.7470914895994587,2.0847409660800214,-2.363799685877649,2006,True,,
matern32,6,48201.46862871141,True,103,False,1.7383790838919522,2.082430447535804,-2.362666939679926,2006,True,,
matern32,7,48201.66571963833,True,115,False,1.7536840753128333,2.0866606883980383,-2.365863138374718,2006,False,,
matern32,8,48201.34856353747,True,115,False,1.7499402625221818,2.080728646335953,-2.362755922051556,2006,True,,
matern32,9,48201.43848791368,True,127,False,1.7327066973638412,2.081888714395407,-2.3515188979416286,2006,True,,
matern32,10,48202.44119194901,True,143,False,1.749993730883518,2.0770391273603614,-2.3722251340333895,2006,False,,
matern32,11,48201.44294868113,True,103,False,1.7417599457186956,2.086207708352767,-2.34644805865899,2006,True,,
matern32,12,48202.45280294948,True,149,False,1.7188301166076378,2.073094749059981,-2.349555356316946,2006,False,,
matern32,13,48201.232297601455,True,133,False,1.7368532961840026,2.0827303791898544,-2.355708381406989,2006,True,,
matern32,14,48201.85212734613,True,133,False,1.7518495113982802,2.089626492282607,-2.3418029494949058,2006,False,,
matern32,15,48201.4401404795,True,190,False,1.7468199521421812,2.0894084137611766,-2.34955535631695,2006,True,,
matern32,16,48202.25787281348,True,115,False,1.766454334509367,2.0897942688560813,-2.3664002040609073,2006,False,,
matern32,17,48201.92228149816,True,127,False,1.7404652758343377,2.087543092208059,-2.3423510267472487,2006,False,,
matern32,18,48201.06155726381,True,121,False,1.7419755956928265,2.082440452605707,-2.3523058699244785,2006,True,,
matern32,19,48201.34993121606,True,201,False,1.7446427857227016,2.0811110320746136,-2.3495553563169493,2006,True,,
matern52,0,48960.08120959609,True,121,False,1.69748414787201,1.801062208171952,-2.1908669123018396,2006,False,,
matern52,1,48959.42881829888,True,145,False,1.6741888634388702,1.7941582999067207,-2.1902936066322414,2006,True,,
matern52,2,48959.77771670587,True,121,False,1.6892322830556648,1.8010421243374817,-2.185211081363234,2006,True,,
matern52,3,48960.286133646834,True,151,False,1.6615062557939775,1.7876354677528947,-2.1854804360783295,2006,False,,
matern52,4,48960.24330472574,True,109,False,1.687511131512923,1.7917606884683805,-2.201226658774073,2006,False,,
matern52,5,48960.093327837574,True,109,False,1.690510633460221,1.7969509178380654,-2.1986191408379816,2006,False,,
matern52,6,48961.18226726092,True,138,False,1.69748414787201,1.8054287189119553,-2.174734300469548,2006,False,,
matern52,7,48959.691669354215,True,115,False,1.6692555684523809,1.7910762869187438,-2.1945510461816204,2006,True,,
matern52,8,48959.50233886187,True,133,False,1.6730820573609482,1.7935197897787225,-2.1852836476910813,2006,True,,
matern52,9,48960.17427238439,True,127,False,1.6976653353180913,1.8009963357796868,-2.1925705238588757,2006,False,,
matern52,10,48959.50510287768,True,133,False,1.6728329382502387,1.7944798663925234,-2.1898813151045564,2006,True,,
matern52,11,48959.63791229468,True,121,False,1.6798680922955362,1.7902567347395666,-2.195376539018952,2006,True,,
matern52,12,48959.4435465506,True,139,False,1.6829842772154198,1.792562628905189,-2.1920005598367944,2006,True,,
matern52,13,48960.19239283706,True,139,False,1.6860946570541977,1.791517855155515,-2.2012418493588255,2006,False,,
matern52,14,48960.69215964798,True,127,False,1.6752601968823655,1.798848374999989,-2.1739798769775276,2006,False,,
matern52,15,48960.21500828356,True,115,False,1.6664330036478563,1.7852679507999754,-2.1957436174614777,2006,False,,
matern52,16,48960.279699392486,True,127,False,1.6990977305192214,1.8004207358616333,-2.1938637586089476,2006,False,,
matern52,17,48959.35484790077,True,155,False,1.6780257108763594,1.7946719814177792,-2.1908669123018374,2006,True,,
matern52,18,48959.56981936903,True,173,False,1.6736290914761918,1.7952296642575523,-2.190866912301837,2006,True,,
matern52,19,48959.46617539584,True,196,False,1.6877712965136928,1.7951476753238156,-2.190866912301841,2006,True,,
periodic,0,55349.6165792423,True,109,False,1.6615062557939784,0.1295204114809153,-1.6241224693907375,2006,False,,
periodic,1,55349.76224583332,True,115,False,1.6615585963232746,0.1264711773288608,-1.6434123292292284,2006,False,,
periodic,2,55350.329814222845,True,166,False,1.6581722602500866,0.12379794349641163,-1.646792247107179,2006,False,,
periodic,3,55349.028227334704,True,157,False,1.6566607351816036,0.12890138318926372,-1.6302250462258532,2006,True,,
periodic,4,55349.47017286748,True,121,False,1.6495590490759524,0.12584838743156265,-1.6402120887851503,2006,True,,
periodic,5,55349.78176411502,True,121,False,1.6596155082514472,0.13031335544626785,-1.6425005210598704,2006,False,,
periodic,6,55349.01614357767,True,139,False,1.662159958495846,0.13068968298169947,-1.6344040334885066,2006,True,,
periodic,7,55350.30748226941,True,133,False,1.6632704144072592,0.12413449485634634,-1.6458677335786822,2006,False,,
periodic,8,55349.15384586321,True,139,False,1.6589261768703734,0.13110388058415468,-1.6274357783955833,2006,True,,
periodic,9,55349.60448147325,True,139,False,1.6614740841535824,0.12952041148091498,-1.6418636128128272,2006,False,,
periodic,10,55349.66050029671,True,219,False,1.6564554624464696,0.13469103821180728,-1.6241224693907386,2006,False,,
periodic,11,55349.34044966851,True,121,False,1.6526603457084703,0.12695798805532033,-1.639653752720496,2006,True,,
periodic,12,65108.942985037706,False,240,False,1.376665543754238,-0.7401134335110564,-2.054848246003181,2006,False,,
periodic,13,55350.54290526379,True,231,False,1.6458939545917075,0.12176786146935714,-1.6467922471071825,2006,False,,
periodic,14,55349.25634014475,True,109,False,1.6701102614917573,0.13326148164941762,-1.6336447807057768,2006,True,,
periodic,15,55349.61490618659,True,115,False,1.672836734385984,0.134556236759314,-1.6366273215148115,2006,False,,
periodic,16,55349.3823868185,True,133,False,1.6686642119018427,0.13539816624771378,-1.6277644737764771,2006,True,,
periodic,17,55349.0810281704,True,151,False,1.6578126641490565,0.12986320931155554,-1.6362778182580573,2006,True,,
periodic,18,55449.436912056146,False,240,False,1.5958326360302504,0.03306892026839919,-1.6921318025400756,2006,False,,
periodic,19,55349.66377273566,True,145,False,1.6570681044379325,0.13442492584583193,-1.6235963800785171,2006,False,,
locally_periodic,0,48215.98830861472,True,240,True,1.7334620399500422,2.302585092994046,2.0803666498109283,2006,False,-2.349555356316949,
locally_periodic,1,48215.612601184206,True,152,True,1.74355897616615,2.302585092994046,2.0943761641564618,2006,True,-2.3418060416591318,
locally_periodic,2,48225.19994817575,False,240,True,1.8108597708927574,2.302585092994046,2.106580524022733,2006,False,-2.369523835734498,
locally_periodic,3,48216.449373815965,True,140,True,1.732430249547717,2.302585092994046,2.0920281359474924,2006,False,-2.3354076868088893,
locally_periodic,4,48215.34887175704,True,194,True,1.7354061805486063,2.302585092994046,2.084934799709208,2006,True,-2.3495553563169493,
locally_periodic,5,48219.48113409731,False,240,True,1.7906515113770212,2.302585092994046,2.1108138110106487,2006,False,-2.3514809918833266,
locally_periodic,6,48216.197718752184,True,177,True,1.719974634732036,2.302585092994046,2.0779362237190853,2006,False,-2.359067336934609,
locally_periodic,7,48215.67957746974,True,214,True,1.734683955427101,2.302585092994046,2.0871133167358944,2006,True,-2.3419679433318525,
locally_periodic,8,48215.77855430351,True,210,True,1.7475555781635643,2.302585092994046,2.0895650488048543,2006,True,-2.3433013816529575,
locally_periodic,9,48216.18344940107,False,240,True,1.7558737827824855,2.302585092994046,2.0891587299849084,2006,False,-2.362157839213553,
locally_periodic,10,48215.39105976613,True,136,True,1.7371295252987125,2.302585092994046,2.086436781357014,2006,True,-2.346605774102098,
locally_periodic,11,48215.50270306314,True,240,True,1.747488854247343,2.302585092994046,2.0871777964649727,2006,True,-2.3547050208187317,
locally_periodic,12,48215.738694769694,True,173,True,1.7433017805690623,2.302585092994046,2.0840314032821183,2006,True,-2.3600986498482817,
locally_periodic,13,48216.05148586798,True,154,True,1.7525940474449477,2.302585092994046,2.093129727955092,2006,False,-2.3628584779219794,
locally_periodic,14,48216.30338262359,False,240,True,1.7405883969645821,2.302585092994046,2.088470831235309,2006,False,-2.3667077935912086,
locally_periodic,15,48215.86625072209,False,240,True,1.7584701001364578,2.302585092994046,2.0967963228485145,2006,False,-2.3445392691638123,
locally_periodic,16,48215.695750558734,True,166,True,1.735769367995551,2.302585092994046,2.0908345435923126,2006,True,-2.3408812112165474,
locally_periodic,17,48216.00425430249,True,129,True,1.749886069079116,2.302585092994046,2.0865565388197322,2006,False,-2.3626899772562115,
locally_periodic,18,48215.362475868445,True,190,True,1.74993939241722,2.302585092994046,2.0906646431942786,2006,True,-2.3546266851466036,
locally_periodic,19,48280.01477412648,False,240,False,1.706407510166619,1.8346422320559634,2.1086353049855613,2006,False,-2.2470919102793365,
additive,0,47620.44323383579,False,240,False,1.5175946874818504,1.2088571738218747,0.6901031696871152,2006,False,1.620335804758497,-2.417564689466281
additive,1,47649.60801211507,False,240,False,1.3087708649566578,1.442805104703132,0.9599373602723553,2006,False,1.7126072269534667,-2.405759651859801
additive,2,47619.66278532488,False,240,False,1.5018369941083016,1.2304439090686934,0.7306629104853201,2006,True,1.6367181410680736,-2.4188302054724584
additive,3,47693.15988504067,False,240,False,1.216729743498328,1.5330879412395255,1.0856722577738518,2006,False,1.8020247424480527,-2.454948400703518
additive,4,47642.54368138361,False,240,False,1.3251529594570255,1.3239864284715768,0.9527525549004727,2006,False,1.7385654295648993,-2.400908452248547
additive,5,47989.40258265514,True,231,False,-1.7328091288992176,-0.8329803367401284,1.7474057455017682,2006,False,2.2939020083919863,-2.385443095861989
additive,6,47805.76446313558,False,240,False,1.1038489285844841,2.0723265836946414,1.3275994052407887,2006,False,1.9310079337949266,-2.4175646894662783
additive,7,47693.21241362434,False,240,False,1.6621873823416384,1.0502270535275076,0.3303740686975295,2006,False,1.459879758681352,-2.4175646894662783
additive,8,47626.153272798045,False,240,False,1.5212215660566712,1.1512925464970227,0.6607031027692074,2006,False,1.6303916824454483,-2.40449266774792
additive,9,47622.06904840404,False,240,False,1.509361457094178,1.206041295856513,0.671191873843161,2006,False,1.6056875406503435,-2.4276944560746987
additive,10,47633.73958755977,False,240,False,1.6067093613782015,1.1322529850574148,0.5506873327459005,2006,False,1.5686889946186526,-2.4232548413146078
additive,11,47686.70187056896,False,240,False,1.44787053561067,1.235408667168868,0.6992789171993874,2006,False,1.595965177707665,-2.337912544510412
additive,12,48145.854170599625,False,240,False,-2.1189825820996515,-1.9806527656117487,1.8272290389318329,2006,False,2.177572207485186,-5.86337090236578
additive,13,50203.37232004614,False,240,False,2.0402078637422996,0.6907755278982136,-0.9687182043659799,2006,False,0.29583662018550905,-3.505714019855599
additive,14,48300.71832147725,False,240,False,0.1563623372907677,-0.2590408229618304,1.5355836335208668,2006,False,2.753266305822086,-2.16296440452965
additive,15,47627.64783395067,False,240,False,1.463627849364803,1.2376394874843,0.7476206313559688,2006,False,1.6445391892893058,-2.3816665576389977
additive,16,47626.51721712397,False,240,False,1.5909334526848948,1.1489400221841628,0.6141007482356298,2006,False,1.594436616115113,-2.4259627478998307
additive,17,48275.55480566414,False,240,True,-3.2134981207793523,2.302585092994046,1.9673183384572488,2006,False,2.1763637182257387,-2.353420832469509
additive,18,48115.06733806624,False,240,False,-0.6230898911610513,-0.5180816459236605,1.633664741977589,2006,False,2.443477342401153,-2.2551183650679016
additive,19,48131.02594821943,False,240,False,-2.650888764046175,-1.8465360765733732,1.7514509859890586,2006,False,2.1422438936453534,-3.019353002613447
se,0,52042.22236562394,True,121,False,1.5897097584058695,1.3903203822322816,-1.9913604577633157,2007,True,,
se,1,52042.07478971347,True,115,False,1.5946324680844592,1.3890579664623364,-1.993471799628863,2007,True,,
se,2,52042.09467418249,True,127,False,1.594552594533385,1.3908872883507397,-1.9966462530671758,2007,True,,
se,3,52042.42448972861,True,109,False,1.5900059241778306,1.3896596756810906,-1.9999793023111194,2007,True,,
se,4,52042.64120040706,True,109,False,1.5980576668911928,1.3907639737424653,-1.9848440037366526,2007,False,,
se,5,52042.54654782195,True,115,False,1.5982588046225599,1.3940346905454593,-1.99778507047517,2007,True,,
se,6,52044.271156195406,True,103,False,1.5953895828117677,1.398095781199914,-1.977106424002673,2007,False,,
se,7,52042.2903240594,True,173,False,1.6076987044448863,1.3927154399732797,-1.9913604577633135,2007,True,,
se,8,52042.83698551389,True,133,False,1.5916181180286462,1.3880578825823175,-2.0047204136816306,2007,False,,
se,9,52042.1495779915,True,139,False,1.6053814242796725,1.391110774490782,-1.9948693565280182,2007,True,,
se,10,52043.25345754533,True,109,False,1.5891762605139184,1.3879203202775297,-1.9843270493458407,2007,False,,
se,11,52043.962001361346,True,103,False,1.595348103557114,1.3975001093376511,-1.9782413457345387,2007,False,,
se,12,52042.84240173863,True,115,False,1.5935542329829622,1.3925104765426322,-2.0015260087590874,2007,False,,
se,13,52042.67599434788,True,139,False,1.5897097584058704,1.3868190394245965,-2.0026048670706036,2007,False,,
se,14,52042.14622950301,True,201,False,1.5941751352126443,1.3925518447137837,-1.991360457763318,2007,True,,
se,15,52042.17113679898,True,190,False,1.590890113457699,1.3903979341479233,-1.991360457763318,2007,True,,
se,16,52042.462862246786,True,97,False,1.6065784885137755,1.3915642197679117,-1.9882553195861083,2007,True,,
se,17,52042.774763927286,True,115,False,1.5950370891888157,1.3913127242896737,-1.983526264908209,2007,False,,
se,18,52042.2290772078,True,202,False,1.600845152061947,1.3892135112247217,-1.991360457763318,2007,True,,
se,19,52042.60110018275,True,109,False,1.5918084893037177,1.392225614160035,-1.9851687339861475,2007,False,,
matern32,0,48900.82179826847,True,97,False,1.7695992187960292,2.096796322848515,-2.3540769012264207,2007,False,,
matern32,1,48900.35313163287,True,121,False,1.7669904857091254,2.0913387539883237,-2.368444433569905,2007,True,,
matern32,2,48900.242429746315,True,139,False,1.7679215161589592,2.088672761757882,-2.366184067776024,2007,True,,
matern32,3,48900.41320417436,True,167,False,1.7695992187960294,2.0943900170868686,-2.3586300433961815,2007,True,,
matern32,4,48900.26518447244,True,109,False,1.7540365795012025,2.084485765438903,-2.367909416969515,2007,True,,
matern32,5,48900.457663731904,True,121,False,1.7475623444116695,2.0841613362909115,-2.3630137756564773,2007,True,,
matern32,6,48900.75370926293,True,115,False,1.7526077057423284,2.079248823970544,-2.3722325690935206,2007,False,,
matern32,7,48900.12805312568,True,127,False,1.759980732613525,2.087477346975524,-2.3622355697401214,2007,True,,
matern32,8,48901.486283118575,True,121,False,1.772388768491924,2.099217491243574,-2.348621300946732,2007,False,,
matern32,9,48900.564254055105,True,139,False,1.7586084435575062,2.0859264035635796,-2.355765060280979,2007,True,,
matern32,10,48900.692660341374,True,97,False,1.7533013490828089,2.080252436062766,-2.3731310961173797,2007,False,,
matern32,11,48900.84360398997,True,184,False,1.7477373998339327,2.085584729443445,-2.3540769012264233,2007,False,,
matern32,12,48900.6204769622,True,183,False,1.7607491827634347,2.087688888981458,-2.3540769012264233,2007,False,,
matern32,13,48900.12908437358,True,103,False,1.76317348885193,2.087861366646625,-2.364225660949736,2007,True,,
matern32,14,48900.30880340249,True,103,False,1.7535072794613114,2.0870114035274514,-2.36532360256254,2007,True,,
matern32,15,48900.41989267338,True,145,False,1.763305164682888,2.0844709014520966,-2.36495362619098,2007,True,,
matern32,16,48901.408663218856,True,103,False,1.7402193583998926,2.0754961457154586,-2.374427447904049,2007,False,,
matern32,17,48900.20970238036,True,121,False,1.7650280800384237,2.0882296517264827,-2.3616057388213827,2007,True,,
matern32,18,48900.52889150358,True,139,False,1.762353958984951,2.088557308762396,-2.3547865997937647,2007,True,,
matern32,19,48900.469120887516,True,157,False,1.7720075077266095,2.089264251092775,-2.3689100532819856,2007,True,,
matern52,0,49679.663402873004,True,139,False,1.6976434346399656,1.8010622081719523,-2.195388457211312,2007,True,,
matern52,1,49679.99129318916,True,131,False,1.6845583612697146,1.7917257414611876,-2.1953884572113105,2007,True,,
matern52,2,49679.95891969293,True,133,False,1.7049000309373348,1.803797392264495,-2.195760379354632,2007,True,,
matern52,3,49679.975184151335,True,103,False,1.6869324988809375,1.7971246371074439,-2.1882120446701623,2007,True,,
matern52,4,49680.21864168605,True,115,False,1.6816274947831509,1.7941051740657992,-2.189164884253136,2007,False,,
matern52,5,49680.005730734425,True,121,False,1.7036892005751394,1.7998264456851198,-2.188326030374408,2007,True,,
matern52,6,49679.78420311156,True,121,False,1.7056566399520905,1.800187058045995,-2.193026502592882,2007,True,,
matern52,7,49679.69206968433,True,115,False,1.6918526021634868,1.7992127834711389,-2.190912390376139,2007,True,,
matern52,8,49680.03505220569,True,127,False,1.6918281259509862,1.7988612963163373,-2.2022594468927457,2007,True,,
matern52,9,49680.92280754613,True,103,False,1.6919613123001889,1.8032060483444405,-2.180410754522844,2007,False,,
matern52,10,49679.833302613246,True,121,False,1.6928303209549187,1.8013773744711368,-2.193017225750488,2007,True,,
matern52,11,49680.10287271539,True,133,False,1.7012949873646757,1.7987018281235034,-2.1872061539170145,2007,True,,
matern52,12,49681.37093862504,True,138,False,1.7156323806789824,1.8094147555374944,-2.1830926640160935,2007,False,,
matern52,13,49680.00126623952,True,151,False,1.7006980801519798,1.795744865753446,-2.2040630369672587,2007,True,,
matern52,14,49680.12314237507,True,163,False,1.688826092918179,1.7966570671397142,-2.186454372957013,2007,True,,
matern52,15,49680.470912632336,True,138,False,1.6796544886009495,1.794954300566694,-2.1871301582235407,2007,False,,
matern52,16,49680.11611140962,True,109,False,1.6847634632641049,1.793302538127736,-2.190187164775197,2007,True,,
matern52,17,49680.12238703868,True,127,False,1.7029228798961331,1.8009814930232533,-2.20305759401729,2007,True,,
matern52,18,49680.130774019504,True,137,False,1.6814589232884052,1.7911076611319883,-2.1953884572113105,2007,True,,
matern52,19,49679.87766687176,True,160,False,1.6824668933355238,1.794029281725136,-2.19538845721131,2007,True,,
periodic,0,56164.676473796455,True,115,False,1.6796544886009495,0.1367159898965217,-1.62864401430021,2007,True,,
periodic,1,56164.407605689834,True,109,False,1.6796544886009503,0.13724245700216134,-1.6378645611691445,2007,True,,
periodic,2,56165.12499863992,True,115,False,1.6616655425619342,0.12583920320497233,-1.6436625984230377,2007,False,,
periodic,3,56164.86529954137,True,206,False,1.6708125504546583,0.13218886130589996,-1.6286440143002123,2007,True,,
periodic,4,56164.348925306214,True,127,False,1.6731004233340214,0.1319918366357711,-1.6349639224188717,2007,True,,
periodic,5,56164.30978728344,True,133,False,1.6796544886009506,0.13567939777712382,-1.6344967258285714,2007,True,,
periodic,6,56165.10389485713,True,127,False,1.6681981272898494,0.13643797262177776,-1.625956459997833,2007,False,,
periodic,7,56164.44546179311,True,127,False,1.6827073562462653,0.1341339216152207,-1.6353016644756186,2007,True,,
periodic,8,56165.114422584826,True,139,False,1.661470370206261,0.1271228104319543,-1.644818098904601,2007,False,,
periodic,9,56332.6517358181,False,240,False,1.417172118909406,0.0989270167893489,-1.6739835697331054,2007,False,,
periodic,10,56164.50047338591,True,133,False,1.669096271554483,0.13641130177386349,-1.6358193675290198,2007,True,,
periodic,11,56164.43120227614,True,127,False,1.6843575013778105,0.1368260917738615,-1.6365282000711037,2007,True,,
periodic,12,56164.47183365836,True,180,False,1.6796544886009501,0.13866276527501628,-1.6322841102348904,2007,True,,
periodic,13,56164.8872038923,True,121,False,1.6686834939989674,0.1355144682498915,-1.627389635383554,2007,False,,
periodic,14,69155.77436717715,False,240,False,1.3621689063391804,-0.8104909006210614,-2.5807746783908696,2007,False,,
periodic,15,56165.97091228118,True,115,False,1.6656154449602998,0.12575819207891872,-1.6511443634543834,2007,False,,
periodic,16,56164.47688938281,True,133,False,1.67965448860095,0.13801915585247426,-1.637848791741733,2007,True,,
periodic,17,56164.64306883256,True,148,False,1.6757768359944694,0.13701424557889558,-1.628644014300208,2007,True,,
periodic,18,56165.182143643084,True,109,False,1.675894509079407,0.13218209318706853,-1.647738382815755,2007,False,,
periodic,19,56164.457375030004,True,121,False,1.6741872669295488,0.1302586434971484,-1.6378419583500545,2007,True,,
locally_periodic,0,48914.94914782379,True,179,True,1.7516102727570133,2.302585092994046,2.0967963228485154,2007,True,-2.3540769012264207,
locally_periodic,1,49251.185390913655,False,240,False,1.711446806132327,0.8634694098727668,2.22823370714921,2007,False,-2.205119284658087,
locally_periodic,2,48915.40711994252,True,167,True,1.7374373294259575,2.302585092994046,2.083860863035361,2007,False,-2.358251939967369,
locally_periodic,3,48917.055274412094,False,240,True,1.7605735524758563,2.302585092994046,2.0872293987514756,2007,False,-2.3832868902504583,
locally_periodic,4,48914.93521874174,True,121,True,1.7689982107545366,2.302585092994046,2.0956998371358098,2007,True,-2.361833873850086,
locally_periodic,5,48914.81755137278,True,239,True,1.7643287221473885,2.302585092994046,2.0970541299915513,2007,True,-2.3536799250200517,
locally_periodic,6,48915.22622292978,True,135,True,1.7464768455137236,2.302585092994046,2.0877395011940063,2007,True,-2.3527241702192403,
locally_periodic,7,48932.223601210666,False,240,True,1.8002758911391183,2.302585092994046,2.1208091707831627,2007,False,-2.3994164566593117,
locally_periodic,8,48915.81979936755,True,200,True,1.7321892786887274,2.302585092994046,2.0844808846878715,2007,False,-2.3540769012264198,
locally_periodic,9,48915.38862019306,False,240,True,1.7667806940597945,2.302585092994046,2.093414944230176,2007,False,-2.354076901226419,
locally_periodic,10,48914.935169708886,True,149,True,1.7450212278071227,2.302585092994046,2.0921725027167972,2007,True,-2.3551813216816337,
locally_periodic,11,48914.93765142246,True,163,True,1.7477683879897745,2.302585092994046,2.089816729681876,2007,True,-2.353628905766732,
locally_periodic,12,48914.89036764074,True,200,True,1.751804939291623,2.302585092994046,2.0881156944881107,2007,True,-2.359119567160058,
locally_periodic,13,48914.93783863849,True,137,True,1.7695539081366833,2.302585092994046,2.0999290941720705,2007,True,-2.354609625751983,
locally_periodic,14,48914.86462401319,True,230,True,1.7549066514615934,2.302585092994046,2.0976695395300897,2007,True,-2.3540769012264233,
locally_periodic,15,48914.930971146925,True,174,True,1.742687040707692,2.302585092994046,2.0888221387384815,2007,True,-2.3613491258037698,
locally_periodic,16,48914.861686405646,False,240,True,1.760008008219238,2.302585092994046,2.099468345621374,2007,True,-2.354076901226419,
locally_periodic,17,48945.043493586854,False,240,False,1.7952273515388182,1.8752198301163359,2.0986013327266746,2007,False,-2.3544553375659656,
locally_periodic,18,48940.95926293319,False,240,False,1.755613379059375,2.1874558383443437,2.1124826983509677,2007,False,-2.403327775739611,
locally_periodic,19,48925.49676182687,False,240,False,1.7385030187405206,2.142531359209188,2.0967963228485145,2007,False,-2.3242740487255236,
additive,0,48299.21062364469,True,240,False,1.5357429202888215,1.2376394874843,0.7262403485331027,2007,True,1.636765477796084,-2.422086234375753
additive,1,48685.3909303143,True,231,False,-1.7515832539628484,-0.8275377484861255,1.7639619514685851,2007,False,2.2939523992995565,-2.3771420217545236
additive,2,48884.22470413438,False,240,False,-0.31720373901104587,-0.4333344366154974,1.661023907087741,2007,False,2.5442477187452095,-2.237143951933412
additive,3,48302.770428673226,False,240,False,1.5080311732712701,1.280346940549075,0.7938087400656694,2007,False,1.6653890750302538,-2.447376928869589
additive,4,49215.722764565086,False,240,False,1.8889117205511075,0.8457286063812521,-0.46689158729259655,2007,False,0.9288774287195956,-2.7621329001224177
additive,5,48345.473112811604,False,240,False,1.6813046396094562,1.0428775416266316,0.4153708552176337,2007,False,1.50315639025278,-2.4613086652365888
additive,6,48313.4981521919,False,240,False,1.6287429295541285,1.1031567958155786,0.5685143550465149,2007,False,1.5776833693050818,-2.4426961260329425
additive,7,48616.76648851592,False,240,False,1.676857933555897,0.8815499796061583,-0.029295385105568783,2007,False,1.2638546528015706,-2.5807746783908607
additive,8,48464.62791804835,False,240,False,1.5603634954402306,1.2664218011467256,0.8818656789053609,2007,False,1.7570151051430292,-2.2248617651613234
additive,9,48786.32134061604,False,240,False,0.38792735460683936,0.7121658503089127,1.5504853054180594,2007,False,2.0119843790314667,-2.4413370600708006
additive,10,48515.670199199994,False,240,True,0.8847543382877026,2.302585092994046,1.4475845990294791,2007,False,1.9501168841979353,-2.406450718809017
additive,11,48692.444229801375,False,240,False,1.8318002071453308,0.9477271210519744,-0.12058008272228385,2007,False,1.181971466426112,-2.5807746783908603
additive,12,48696.90407455152,False,240,False,-1.3867168289085001,-0.7187510580997519,1.738910999426142,2007,False,2.3123853626221806,-2.3631181035571345
additive,13,48930.70891456696,False,240,False,-1.9355356151076817,-1.870850388057662,1.7941702361943375,2007,False,2.206646048087661,-5.301148004364159
additive,14,48310.03137620984,False,240,False,1.553731866327837,1.1512925464970234,0.6267468529964482,2007,False,1.5928302081608636,-2.3994164566593073
additive,15,48418.16580878322,False,240,False,1.6925649941907064,0.9998527605216967,0.22482910525332306,2007,False,1.4080174174438687,-2.490095567525084
additive,16,48693.34754283467,False,240,False,-1.466272491287279,-0.7696747642916011,1.7472415819727856,2007,False,2.3268117453747306,-2.4008063329247755
additive,17,48422.19221472702,False,240,False,1.627180303993801,1.2664218011467256,0.7836415095685887,2007,False,1.7458445532034204,-2.2702072178735957
additive,18,48354.306956331675,False,240,False,1.6330057907862767,1.0644467166592952,0.46635970474184263,2007,False,1.528223052711483,-2.5106894312967487
additive,19,49044.449992381386,False,240,True,-3.1953498879723816,2.302585092994046,1.6976434346399656,2007,False,2.0641191540225816,-2.533147662278904
se,0,52706.40163176805,True,121,False,1.586503516556999,1.3903203822322816,-1.9945666996121874,2008,True,,
se,1,52745.18773097798,False,240,False,1.6001831422994102,1.413033461832159,-2.0399062550450813,2008,False,,
se,2,52706.236093415355,True,225,False,1.5978156543501654,1.3906117672293457,-1.9945666996121887,2008,True,,
se,3,52706.59239881117,True,145,False,1.5876792042741819,1.3868486782213116,-2.0073255415833264,2008,False,,
se,4,52706.041358750444,True,133,False,1.5928775915956868,1.3904554640804232,-1.9979301311043147,2008,True,,
se,5,52706.37285391752,True,139,False,1.6039697085630267,1.3918797490079868,-1.9948438821636953,2008,True,,
se,6,52706.71435907379,True,127,False,1.5959409324573899,1.3905716658398157,-2.0089937238752147,2008,False,,
se,7,52706.39073640572,True,133,False,1.5902814975918889,1.388976740808256,-2.0064128654058635,2008,True,,
se,8,52706.33275444896,True,115,False,1.599071740987976,1.390894099865635,-2.005590224581017,2008,True,,
se,9,52706.632986533274,True,127,False,1.5905247451034732,1.394552610388864,-1.9932822442934999,2008,False,,
se,10,52706.6940182134,True,139,False,1.6010746580500455,1.3878411769252954,-2.008451337818243,2008,False,,
se,11,52706.450088112906,True,115,False,1.5922353454614995,1.3867289692063245,-2.0064457025316664,2008,True,,
se,12,52706.297841407824,True,103,False,1.6016215038390518,1.3897626894031248,-2.0045866928075027,2008,True,,
se,13,52706.28720909728,True,133,False,1.6016099119835125,1.3893732808502355,-2.0041164885978224,2008,True,,
se,14,52707.11704430007,True,79,False,1.6021709134643083,1.3907659761074456,-1.9889359364107233,2008,False,,
se,15,52707.19069975877,True,133,False,1.5865035165569987,1.3840488454612374,-2.0097429250632803,2008,False,,
se,16,52706.64220790399,True,115,False,1.6044924625960144,1.3895076834778148,-2.007106067685649,2008,False,,
se,17,52706.747152034906,True,115,False,1.593253947166303,1.3892505083360525,-2.0097916595069014,2008,False,,
se,18,52706.39114833606,True,127,False,1.5899077787422464,1.391228501913918,-1.992852792495425,2008,True,,
se,19,52706.56472299824,True,115,False,1.5966801529904013,1.386349379431647,-2.006482304329075,2008,True,,
matern32,0,49513.07304355974,True,97,False,1.7663929769471587,2.096796322848515,-2.3572831430752927,2008,False,,
matern32,1,49512.20419611108,True,115,False,1.766740818052106,2.092160367003173,-2.3664979411767044,2008,True,,
matern32,2,49512.819119852196,True,132,False,1.7561719253796253,2.089890338136123,-2.357283143075291,2008,False,,
matern32,3,49512.37646296955,True,145,False,1.7565443876401927,2.0817601747698875,-2.3752835020645993,2008,True,,
matern32,4,49512.59942140275,True,121,False,1.770473127030103,2.088998844655985,-2.3798222679562846,2008,True,,
matern32,5,49513.01590495616,True,182,False,1.7484040309081403,2.087735449518544,-2.35728314307529,2008,False,,
matern32,6,49512.44007408114,True,103,False,1.7609504845199064,2.083394694212627,-2.378518233941346,2008,True,,
matern32,7,49513.17290702733,True,155,False,1.7532264739424548,2.092901037788893,-2.35728314307529,2008,False,,
matern32,8,49513.10378334936,True,151,False,1.7775592663465678,2.092363299136635,-2.3813636905489344,2008,False,,
matern32,9,49512.54446801174,True,133,False,1.7557668837471867,2.088486274295545,-2.378865799291147,2008,True,,
matern32,10,49513.38451772099,True,127,False,1.7528485281636634,2.0929988862625586,-2.355427152521291,2008,False,,
matern32,11,49512.80555464589,True,195,False,1.758277765684575,2.0905070085956368,-2.3572831430752936,2008,False,,
matern32,12,49512.55346156408,True,194,False,1.7542233463434398,2.0869976940329837,-2.379952920791738,2008,True,,
matern32,13,49512.109667415956,True,121,False,1.7530664108733345,2.083599565578775,-2.373551038567271,2008,True,,
matern32,14,49512.64006594531,True,155,False,1.7621349136141362,2.082829804650023,-2.3799529207917343,2008,False,,
matern32,15,49512.49910442735,True,160,False,1.7663929769471574,2.0866889590417546,-2.3799529207917343,2008,True,,
matern32,16,49513.4150277753,True,121,False,1.783962768686432,2.099643899921248,-2.3746691110220066,2008,False,,
matern32,17,49512.69661960592,True,167,False,1.7774187062273723,2.0967963228485162,-2.3702581276890116,2008,False,,
matern32,18,49512.579657010996,True,149,False,1.7509718467757263,2.0854418291084222,-2.3799529207917343,2008,True,,
matern32,19,49512.724545804966,True,127,False,1.7431118061533017,2.0773659055651077,-2.376760829880322,2008,False,,
matern52,0,50304.55618840347,True,145,False,1.694437192791095,1.8010622081719523,-2.198594699060184,2008,True,,
matern52,1,50304.53861271085,True,133,False,1.702149375383489,1.799246987540962,-2.2012359406995023,2008,True,,
matern52,2,50304.61003842107,True,145,False,1.7014064865825562,1.7988739885681404,-2.1985946990601843,2008,True,,
matern52,3,50304.58951123612,True,109,False,1.6948197303246324,1.7954361448272786,-2.208937413555349,2008,True,,
matern52,4,50304.4512772271,True,97,False,1.6941958855964239,1.799843177329724,-2.2022358865512253,2008,True,,
matern52,5,50304.545761750385,True,167,False,1.6892858299078612,1.794899111149889,-2.198594699060181,2008,True,,
matern52,6,50304.61040154993,True,127,False,1.6862237016184163,1.7985246311448888,-2.2015807233305464,2008,True,,
matern52,7,50304.60830960865,True,139,False,1.6848028000915336,1.795236277189303,-2.20687064654402,2008,True,,
matern52,8,50304.63228554684,True,121,False,1.6987081571234466,1.796040175457844,-2.2081312816086682,2008,True,,
matern52,9,50304.806301902856,True,173,False,1.6794661187882658,1.7946437585940607,-2.198594699060181,2008,True,,
matern52,10,50304.40351456628,True,115,False,1.6918904723003008,1.7950616979869347,-2.2049144842392483,2008,True,,
matern52,11,50304.70732345433,True,185,False,1.6945157600299956,1.802225690874335,-2.1985946990601812,2008,True,,
matern52,12,50304.88263958768,True,127,False,1.6892861114396183,1.8014592180432911,-2.195664959561083,2008,True,,
matern52,13,50304.45626260659,True,121,False,1.6874236020329851,1.7975608960329605,-2.2013358470804327,2008,True,,
matern52,14,50304.71913373349,True,172,False,1.694304436922993,1.802253669493155,-2.198594699060181,2008,True,,
matern52,15,50304.99587253551,True,201,False,1.6787138902874361,1.7917335667030068,-2.1985946990601852,2008,False,,
matern52,16,50304.62387531408,True,115,False,1.6868261315802178,1.7971099775306767,-2.2063675079406853,2008,True,,
matern52,17,50305.740440818816,True,151,False,1.6873086010166094,1.8015482730692838,-2.187308671367698,2008,False,,
matern52,18,50304.70265769931,True,127,False,1.6890112410218885,1.8000823466374904,-2.202675777214457,2008,True,,
matern52,19,50304.48742593031,True,121,False,1.6880359051433411,1.7977420255174774,-2.2036051040005438,2008,True,,
periodic,0,56875.59850257726,True,115,False,1.676448246752079,0.1367159898965217,-1.6318502561490817,2008,False,,
periodic,1,56874.93200767063,True,109,False,1.674619564031755,0.13204298563242545,-1.6463628606614584,2008,True,,
periodic,2,56875.618811955515,True,195,False,1.678432372967346,0.13787264528973264,-1.6318502561490829,2008,False,,
periodic,3,56967.97099927234,False,240,False,1.6039381042666099,0.041470811736537494,-1.6771898115819757,2008,False,,
periodic,4,56875.63876039894,True,183,False,1.6764482467520783,0.1358751877807673,-1.6318502561490784,2008,False,,
periodic,5,56875.24421158806,True,121,False,1.6605496817299923,0.13219921475083965,-1.6372594727143113,2008,True,,
periodic,6,56875.38035309654,True,121,False,1.6764850955931467,0.1358630529596027,-1.6498320984247257,2008,True,,
periodic,7,56875.245050190046,True,103,False,1.6774515818535929,0.13511349052414245,-1.6492070264281153,2008,True,,
periodic,8,56875.490292397706,True,133,False,1.672084637626844,0.13064629651641657,-1.6525660904293407,2008,False,,
periodic,9,56874.893984030816,True,127,False,1.6772110086479017,0.13343445753401734,-1.6416271590510134,2008,True,,
periodic,10,56875.69428238456,True,202,False,1.6704063603374255,0.13363426497129788,-1.6318502561490829,2008,False,,
periodic,11,56875.68151760852,True,138,False,1.6665108660932448,0.13713612379125073,-1.6318502561490804,2008,False,,
periodic,12,56916.8635566684,False,240,False,1.677312268626674,0.08020372987226743,-1.6771898115819757,2008,False,,
periodic,13,56875.606916088844,True,115,False,1.6766362777383939,0.13338027571961483,-1.6526560553142189,2008,False,,
periodic,14,56875.6246877003,True,132,False,1.6713257714209975,0.13855154185483393,-1.6318502561490804,2008,False,,
periodic,15,56875.18842869921,True,127,False,1.6674326179637786,0.13085938667063807,-1.6373648622894743,2008,True,,
periodic,16,56875.02891907186,True,139,False,1.672041288816684,0.13419985690056577,-1.6477510817125924,2008,True,,
periodic,17,56875.00265944381,True,145,False,1.6665249177548804,0.1338415312276345,-1.6376366409424024,2008,True,,
periodic,18,56875.2824760548,True,133,False,1.6733358206964095,0.12878489936200227,-1.6489120495794514,2008,True,,
periodic,19,56875.498872353535,True,115,False,1.656663752938938,0.12585488361319158,-1.6459071438697626,2008,False,,
locally_periodic,0,49527.2665521138,True,179,True,1.7484040309081428,2.302585092994046,2.0967963228485154,2008,True,-2.3572831430752927,
locally_periodic,1,49527.0406340835,True,234,True,1.7484040309081414,2.302585092994046,2.0894261957751654,2008,True,-2.375748161144251,
locally_periodic,2,49527.42765159299,True,240,True,1.7640384199202288,2.302585092994046,2.0939087962099237,2008,False,-2.378572224838409,
locally_periodic,3,49528.18644508944,True,205,True,1.781062438856362,2.302585092994046,2.105011159367308,2008,False,-2.371877798057651,
locally_periodic,4,49528.206561792125,True,191,True,1.73055359395267,2.302585092994046,2.083918161804675,2008,False,-2.35728314307529,
locally_periodic,5,49526.81886390515,True,223,True,1.7551788379016395,2.302585092994046,2.0959289652798176,2008,True,-2.3695590991641433,
locally_periodic,6,49527.31994557847,True,175,True,1.7695115602139067,2.3025850929940455,2.103444372665549,2008,False,-2.3614726014397576,
locally_periodic,7,49527.71760593055,True,218,True,1.7362504156154466,2.302585092994046,2.0865988433512728,2008,False,-2.3572831430752936,
locally_periodic,8,49547.20645035819,False,240,True,1.861141729536501,2.302585092994046,2.142592408628211,2008,False,-2.3632059480795697,
locally_periodic,9,49526.790236336994,True,181,True,1.7477916254819603,2.302585092994046,2.0926384757190952,2008,True,-2.368261110228482,
locally_periodic,10,49526.81921619494,False,240,True,1.7523636944545948,2.302585092994046,2.089467500004344,2008,True,-2.3714995565075547,
locally_periodic,11,49526.93685696263,True,121,True,1.7617507223367728,2.302585092994046,2.0961387429110427,2008,True,-2.36055841605581,
locally_periodic,12,49527.42409554911,True,234,True,1.7394058461312867,2.302585092994046,2.089973757005909,2008,False,-2.3572831430752936,
locally_periodic,13,49545.1714231732,False,240,False,1.728294717724254,2.0147619563697905,2.0805751333944924,2008,False,-2.4008492315812777,
locally_periodic,14,49526.87066616764,True,173,True,1.7464993599919925,2.302585092994046,2.0929267472835535,2008,True,-2.367759296082234,
locally_periodic,15,49527.24260393465,True,151,True,1.7653364806162288,2.302585092994046,2.1028048358037106,2008,True,-2.3614616548133855,
locally_periodic,16,49595.235575123115,False,240,True,1.6908903064994079,2.302585092994046,2.0310776306981686,2008,False,-2.487413275395262,
locally_periodic,17,49527.13433768122,True,151,True,1.7656265849836186,2.302585092994046,2.0994994919841337,2008,True,-2.358587046346507,
locally_periodic,18,49527.20926490259,True,165,True,1.7548098378605137,2.302585092994046,2.0993002786110386,2008,True,-2.3573490516228235,
locally_periodic,19,49527.16736874575,True,179,True,1.7562362408976693,2.302585092994046,2.0943624265816565,2008,True,-2.3764247113196646,
additive,0,48897.108909005605,True,240,False,1.532536678439951,1.2376394874843,0.7230341066842318,2008,True,1.636765477796084,-2.4252924762246253
additive,1,49296.281404665366,False,240,False,-1.5642886548642914,-0.7818277639718721,1.7629150493869141,2008,False,2.32681174537473,-2.392354337557608
additive,2,49302.13023350744,False,240,False,-1.4331070279935443,-0.732917066537363,1.7559990091453879,2008,False,2.3330121314295846,-2.3582085099458916
additive,3,48902.44239798713,False,240,False,1.5703449861544532,1.1512925464970232,0.6396783182037694,2008,False,1.59867656374989,-2.463389608895459
additive,4,49247.80418043045,False,240,False,0.8309677829183292,1.6118095650958324,1.608349223461067,2008,False,2.0127606200168584,-2.3946818944652453
additive,5,49445.264434704084,False,240,True,-2.123412523036353,-1.9981057066157477,1.7843819229861757,2008,False,2.163101921950239,-11.833250228548923
additive,6,48967.547563753134,False,240,False,1.7068108656153853,1.060113146942036,0.3690445164620662,2008,False,1.4554551622200689,-2.514930831688075
additive,7,48939.11899583526,False,240,False,1.3609969651716358,1.5984832076524693,1.0331966890338926,2008,False,1.7682028620967785,-2.4397467180161625
additive,8,49625.19285721674,False,240,False,0.24550109913945542,-0.27336519944776355,1.5240496497489275,2008,False,2.8039995780773457,-2.2091839761960954
additive,9,49440.207858063455,True,240,False,-2.7128545867678207,-1.8666545117029198,1.7546783060265188,2008,False,2.1417000297668953,-3.0201165528222758
additive,10,49305.013291050986,False,240,False,-1.4356394179976861,-0.7410006421615153,1.7840960739531126,2008,False,2.352749366744604,-2.3911023601784764
additive,11,48954.186510206135,False,240,False,1.6692244547861406,1.0560754183726901,0.38227489510300294,2008,False,1.468092481176399,-2.4866597463365174
additive,12,48902.977822801484,False,240,False,1.5711322826346432,1.1461706531270104,0.617965219428444,2008,False,1.590920217508715,-2.425572238716451
additive,13,51811.96068111948,False,240,False,1.7591859854192458,0.548346223753982,-0.8728399959995811,2008,False,0.21258109810622522,-5.30435424621303
additive,14,48903.212416084774,False,240,False,1.5885121071109636,1.1748266889768377,0.6294081769085615,2008,False,1.5852701185645182,-2.4329224307263955
additive,15,49540.54634860676,False,240,False,-1.9695518777243266,-1.871230177517032,1.8885542694487476,2008,False,2.2282337071492107,-6.029787133139241
additive,16,48898.6602784251,False,240,False,1.5556224626221504,1.1908312609230407,0.6566890174785449,2008,False,1.6044950041860666,-2.4485839533148623
additive,17,48897.12741083095,False,240,False,1.54950384133801,1.2082302668522484,0.6992797179360173,2008,True,1.6234136982700422,-2.433731276147944
additive,18,49824.10145059129,False,240,True,-0.8959710368272051,2.302585092994046,1.9951888987119701,2008,False,2.293952399299557,-2.1982122057910356
additive,19,48942.97615045625,False,240,False,1.6224814086350314,1.0937279191721718,0.4341883674715765,2008,False,1.4859253299341437,-2.4933018093739547
se,0,53374.13504505477,True,127,False,1.6052451220607442,1.3903203822322816,-2.0164838178639015,2009,False,,
se,1,53373.240373376815,True,127,False,1.5891070787711974,1.3910905475728883,-2.003500152325922,2009,True,,
se,2,53373.26941734507,True,121,False,1.588563507837196,1.3891759118961633,-2.004391787279551,2009,True,,
se,3,53374.330823002194,True,185,False,1.5857942095910584,1.3847462764374714,-2.0164838178639006,2009,False,,
se,4,53373.41186271716,True,109,False,1.59973736575423,1.387861053080623,-2.0075446502694003,2009,True,,
se,5,53373.45499553612,True,115,False,1.5995702592888656,1.387591500806608,-2.007590565968993,2009,True,,
se,6,53373.352268935225,True,97,False,1.589835796956108,1.3912378148649314,-2.0004682667410414,2009,True,,
se,7,53374.19134831759,True,184,False,1.5889536440062304,1.3939247840729028,-1.9938140401474598,2009,False,,
se,8,53373.33531411337,True,115,False,1.6039622864333802,1.3903203822322814,-2.0048666568986016,2009,True,,
se,9,53373.97618866508,True,115,False,1.6027335204448303,1.3928646897015506,-1.9949266213825079,2009,False,,
se,10,53374.35359263918,True,143,False,1.5860537533071544,1.3908549624642788,-1.9938140401474551,2009,False,,
se,11,53373.26040842517,True,85,False,1.598517633772038,1.3921223103943465,-2.0003502916066,2009,True,,
se,12,53373.09583258067,True,127,False,1.5944998793793554,1.3898191758483915,-2.0073081769990773,2009,True,,
se,13,53373.30895223128,True,120,False,1.6052451220607435,1.3922639894996875,-2.0057895558796788,2009,True,,
se,14,53374.05757747351,True,115,False,1.6012358246024765,1.39384649645794,-1.9937715122520043,2009,False,,
se,15,53374.656201169535,True,133,False,1.6017686658782984,1.3869867811799794,-2.0201370600654163,2009,False,,
se,16,53374.20201472643,False,240,False,1.5813360516021449,1.3927468330716624,-1.9980441504669797,2009,False,,
se,17,53374.1849986233,True,196,False,1.6025892938146309,1.3925299356448417,-1.9938140401474598,2009,False,,
se,18,53373.44015468201,True,121,False,1.5850968733856425,1.389074161036185,-2.004314043308703,2009,True,,
se,19,53456.175276116744,False,240,False,1.6951898522558242,1.3561569246998,-2.039153595580353,2009,False,,
matern32,0,50120.860767740945,True,97,False,1.7491566903728721,2.0803666498109283,-2.3792002613270067,2009,True,,
matern32,1,50120.82433635117,True,115,False,1.7505149710323544,2.084789255513885,-2.3872250775596844,2009,True,,
matern32,2,50120.59940278388,True,142,False,1.7610286498526941,2.0853183965656377,-2.379200261327005,2009,True,,
matern32,3,50121.17705970838,True,127,False,1.773638495902894,2.096796322848514,-2.3691031991440084,2009,False,,
matern32,4,50120.609785869005,True,121,False,1.754736475982147,2.08993009115608,-2.374911315648849,2009,True,,
matern32,5,50121.04695777752,True,163,False,1.7491566903728717,2.0837874559807097,-2.3704493947017267,2009,False,,
matern32,6,50120.53308747352,True,189,False,1.762805568750393,2.086681335317743,-2.3792002613270093,2009,True,,
matern32,7,50121.073069402104,True,207,False,1.741159820561489,2.0790773775846465,-2.3792002613270093,2009,False,,
matern32,8,50120.707819603034,True,161,False,1.7717374953296396,2.0908305304708805,-2.379200261327005,2009,True,,
matern32,9,50120.5959311248,True,127,False,1.7569264643160891,2.0893853365516497,-2.3828584405244806,2009,True,,
matern32,10,50120.74742173577,True,139,False,1.77259175713581,2.0910219585627536,-2.382083791657386,2009,True,,
matern32,11,50120.6494565669,True,157,False,1.7545241560276665,2.0899829169697295,-2.3790355270311663,2009,True,,
matern32,12,50121.112307689116,True,121,False,1.7646381211110702,2.0915287105685842,-2.389294631503128,2009,False,,
matern32,13,50120.491341479465,True,115,False,1.767728709033622,2.091336548728876,-2.3793251887040294,2009,True,,
matern32,14,50120.58030718364,True,175,False,1.755809486523791,2.0895309349456843,-2.3809648268188264,2009,True,,
matern32,15,50120.55883023562,True,121,False,1.7549850291977331,2.08846357956905,-2.382078536323179,2009,True,,
matern32,16,50120.73588827666,True,127,False,1.7472989803628443,2.085092150015454,-2.3819950394979097,2009,True,,
matern32,17,50120.55059258883,True,167,False,1.7493925703129585,2.0846746499181665,-2.379200261327005,2009,True,,
matern32,18,50121.120164516855,True,166,False,1.7437709772379701,2.078317886173173,-2.3792002613270093,2009,False,,
matern32,19,50120.64107216576,True,155,False,1.767145636411887,2.094206234213642,-2.374877660582974,2009,True,,
matern52,0,50928.5680106331,True,121,False,1.6951898522558244,1.7928473716531586,-2.2205118173118983,2009,False,,
matern52,1,50928.45577323645,True,109,False,1.7065358413246852,1.801079913870746,-2.215740642613376,2009,True,,
matern52,2,50927.99877369232,True,145,False,1.6877100571275543,1.7958776557191451,-2.214139601496985,2009,True,,
matern52,3,50928.68666521613,True,190,False,1.6980508664427747,1.7996360073642157,-2.1978420395954563,2009,False,,
matern52,4,50928.640526574,True,173,False,1.70019666908074,1.7945217589413636,-2.2205118173118965,2009,False,,
matern52,5,50928.60149157785,True,184,False,1.6911803631685576,1.791433708815647,-2.220511817311901,2009,False,,
matern52,6,50929.539410210906,True,161,False,1.6744224716598959,1.7857125871730781,-2.2205118173118965,2009,False,,
matern52,7,50928.76422338307,True,179,False,1.6993171963004297,1.7929778110459353,-2.220511817311896,2009,False,,
matern52,8,50928.48421964033,True,109,False,1.6762710336567268,1.7914321861320837,-2.2114721391334227,2009,True,,
matern52,9,50928.57593961332,True,121,False,1.677200906216808,1.793296603115794,-2.204545082601657,2009,False,,
matern52,10,50928.734537574244,True,121,False,1.675138802664791,1.7892134013773964,-2.2115547750364453,2009,False,,
matern52,11,50929.13761735495,True,127,False,1.6915811138032042,1.789598800107954,-2.22318884395661,2009,False,,
matern52,12,50928.05284855766,True,127,False,1.698825061517227,1.7957168957212175,-2.210480933232834,2009,True,,
matern52,13,50928.20775161365,True,145,False,1.6883770614674922,1.7992778829739617,-2.212311048577536,2009,True,,
matern52,14,50928.76258243702,True,127,False,1.7078140544182938,1.80523330124552,-2.200560562052564,2009,False,,
matern52,15,50928.20763171473,True,103,False,1.6957877780526907,1.7932661011047495,-2.2135726142661474,2009,True,,
matern52,16,50928.167150171736,True,133,False,1.689983820947221,1.8007653598901325,-2.207972546938083,2009,True,,
matern52,17,50928.402580302914,True,139,False,1.7031047517981568,1.799523574536445,-2.20228606785116,2009,True,,
matern52,18,50928.50993126536,True,133,False,1.6767111833494575,1.7909715470573508,-2.213573869426473,2009,False,,
matern52,19,50928.881454109964,True,148,False,1.6786190527510443,1.7910311818803488,-2.220511817311896,2009,False,,
periodic,0,57713.7148343695,True,115,False,1.6772009062168083,0.1367159898965217,-1.631097596684352,2009,False,,
periodic,1,57712.943376553616,True,121,False,1.6790767464156462,0.1318089235677728,-1.6445732310830328,2009,True,,
periodic,2,57712.79868464281,True,139,False,1.678087334996534,0.136015930425636,-1.6433659169589592,2009,True,,
periodic,3,57713.83078797794,True,150,False,1.6772009062168078,0.14075223748850224,-1.6310975966843504,2009,False,,
periodic,4,57713.58563604059,True,103,False,1.6608494903645967,0.13171684854291524,-1.6342781899024619,2009,False,,
periodic,5,57713.75291584112,True,115,False,1.6659170892441015,0.1320957069638212,-1.653817320784767,2009,False,,
periodic,6,57712.841886337235,True,121,False,1.67352070958672,0.1357267016638265,-1.6449866374694126,2009,True,,
periodic,7,57712.91624870819,True,115,False,1.665861659573596,0.13502783985938147,-1.6409299414720133,2009,True,,
periodic,8,57713.13998244362,True,133,False,1.6674616484594766,0.13729528486779227,-1.6378522116102952,2009,True,,
periodic,9,57713.37145246758,True,103,False,1.679183569197307,0.1305748562288021,-1.65101827498747,2009,True,,
periodic,10,57713.026708103745,True,127,False,1.6850223635357238,0.13699879456289388,-1.6418127180373974,2009,True,,
periodic,11,57713.287283652986,True,109,False,1.6820304873515604,0.13532500045135554,-1.6496636565531086,2009,True,,
periodic,12,57713.72885684361,True,212,False,1.6713558932690251,0.13489465358590605,-1.6310975966843542,2009,False,,
periodic,13,57713.284243106325,True,109,False,1.6756506702946752,0.12937866630506104,-1.6506508569322436,2009,True,,
periodic,14,57713.825123152805,True,220,False,1.679037255255213,0.1407442046820736,-1.6310975966843542,2009,False,,
periodic,15,57713.87236637408,True,139,False,1.6812723099002125,0.14101624689977738,-1.6310406681286391,2009,False,,
periodic,16,57713.59795267833,True,121,False,1.665804668295004,0.13104423075373903,-1.6534065559073121,2009,False,,
periodic,17,57751.40690864122,False,240,False,1.5661928058739614,0.0791605001317025,-1.6764371521172472,2009,False,,
periodic,18,57713.02159342458,True,127,False,1.6748706421508186,0.13742203483714283,-1.636612215817227,2009,True,,
periodic,19,57712.98144173088,True,138,False,1.677200906216808,0.13559799260571181,-1.6369977463099041,2009,True,,
locally_periodic,0,50135.68513973127,True,193,True,1.7671456364118883,2.302585092994046,2.096796322848515,2009,True,-2.3792002613270067,
locally_periodic,1,50433.86324666149,False,240,False,1.595520462154801,0.9119278970229683,2.162515014998863,2009,False,-2.3287668614325834,
locally_periodic,2,50137.702650534266,False,240,True,1.7654477855507933,2.302585092994046,2.1088079018718515,2009,False,-2.3565304836105607,
locally_periodic,3,50135.78915313803,True,183,True,1.7421471231090317,2.302585092994046,2.085918670901194,2009,True,-2.379200261327005,
locally_periodic,4,50136.219384700686,True,157,True,1.7687339078603226,2.302585092994046,2.095425587964411,2009,False,-2.385927965525341,
locally_periodic,5,50135.59030672062,True,190,True,1.7486778054973227,2.302585092994046,2.0932266220716578,2009,True,-2.379200261327005,
locally_periodic,6,50137.64294990723,False,240,True,1.7221588410189028,2.302585092994046,2.08445684192465,2009,False,-2.3797791034350975,
locally_periodic,7,50135.670986149315,True,240,True,1.7502632409935608,2.302585092994046,2.0948149428377745,2009,True,-2.379200261327005,
locally_periodic,8,50135.84634511517,True,162,True,1.7691190868437936,2.302585092994046,2.1003371970413225,2009,True,-2.379200261327008,
locally_periodic,9,50135.70974061002,True,236,True,1.7649001300228413,2.302585092994046,2.1012179788233953,2009,True,-2.369506991107953,
locally_periodic,10,50135.875996318326,True,230,True,1.741800937083289,2.302585092994046,2.092495075802566,2009,True,-2.3690051812953397,
locally_periodic,11,50136.039361035604,True,159,True,1.7362506976877676,2.302585092994046,2.0857944215860713,2009,False,-2.373127307532576,
locally_periodic,12,50135.750410579996,True,173,True,1.7582409874350233,2.302585092994046,2.0932223220496105,2009,True,-2.3846548005223878,
locally_periodic,13,50322.46411648646,False,240,False,1.7656552054466013,1.0957101864305985,2.162515014998863,2009,False,-2.3481397429374704,
locally_periodic,14,50135.41670981227,False,240,True,1.7574619440111547,2.302585092994046,2.093555120153543,2009,True,-2.379200261327008,
locally_periodic,15,50135.90255938555,True,147,True,1.7666072992973827,2.302585092994046,2.097980293446062,2009,True,-2.383014198437038,
locally_periodic,16,50135.61929611681,True,150,True,1.7544634590381833,2.302585092994046,2.0973779640052723,2009,True,-2.3766064003207084,
locally_periodic,17,50136.10879653567,True,192,True,1.77281862679849,2.302585092994046,2.1022911496567502,2009,False,-2.379200261327005,
locally_periodic,18,50136.64310563021,True,191,True,1.7295480897413749,2.302585092994046,2.0815172257090997,2009,False,-2.379200261327005,
locally_periodic,19,50163.49429990608,False,240,True,1.6800835985393585,2.302585092994046,2.0310776306981677,2009,False,-2.4088300510075324,
additive,0,49503.77700456347,True,231,False,1.5332893379046801,1.2304439090686936,0.7237867661489611,2009,True,1.636765477796084,-2.4472095944763392
additive,1,49507.48884408267,False,240,False,1.528661922290285,1.2905105950047986,0.7779884522255213,2009,False,1.6721407401567052,-2.4225456786823147
additive,2,49650.788501136834,False,240,False,1.7728127876307327,1.0217345637309243,0.2716676304510815,2009,False,1.4119608103417594,-2.401870039043449
additive,3,50054.06325952039,False,240,False,-2.1614609160729246,-2.0439378601141205,1.7255986388056173,2009,False,2.1330731938675322,-7.842616690990038
additive,4,49511.89679313743,False,240,False,1.5743037026480957,1.1610129436482777,0.6160173406469103,2009,False,1.5975033124949112,-2.4638135602865696
additive,5,49507.61706776498,False,240,False,1.5688721147116256,1.223388958980544,0.6987775769869987,2009,False,1.6096386663267634,-2.46521118406901
additive,6,49514.21110432134,False,240,False,1.4929085320566766,1.3381003381407377,0.787203258361429,2009,False,1.685337497375028,-2.4121155050413576
additive,7,49900.18935049635,False,240,False,-1.7600042041032682,-0.8414640373961775,1.796517300887129,2009,False,2.3099605730676136,-2.4046676985238356
additive,8,49509.71877108633,False,240,False,1.584932044910432,1.2249023871230362,0.6878088740709297,2009,False,1.6012450050469356,-2.4687873468058217
additive,9,49551.84057235083,False,240,False,1.347058892353504,1.4380186370992765,1.012632294225287,2009,False,1.7800152132038423,-2.4533975012094746
additive,10,49596.44027810839,False,240,False,1.2576693437300197,1.8132857607328114,1.2003887775500273,2009,False,1.8425059224304958,-2.428337204528677
additive,11,49646.50221824278,False,240,False,1.644053092440204,0.9172368651349416,0.2373449603948078,2009,False,1.4142755323476481,-2.536099603843741
additive,12,49551.49672149761,False,240,False,1.407366715631569,1.2664218011467256,0.788313915835875,2009,False,1.6275945190260999,-2.396744763512141
additive,13,49517.5284337108,False,240,False,1.6232340680997597,1.151292546497023,0.5720251189626879,2009,False,1.5870909384370013,-2.433474312624842
additive,14,49992.20643031947,False,240,False,-0.935710445991693,-0.5511882757633212,1.7279030963360407,2009,False,2.42353606632215,-2.2768125496325733
additive,15,49541.1138636079,False,240,False,1.4073667156315688,1.4391156831212786,0.9415102896684938,2009,False,1.6898202981417443,-2.4979721254869194
additive,16,49566.26046687284,False,240,False,1.551278283943697,1.3815510557964275,0.788526851509195,2009,False,1.7071872989154762,-2.326521369710717
additive,17,49525.25789453249,False,240,False,1.5876188037822707,1.208857173821874,0.6398079121728402,2009,False,1.589219723223191,-2.401870039043449
additive,18,49608.20785625256,False,240,False,1.727353207372349,1.125162527413684,0.43544879452091634,2009,False,1.58782438133286,-2.3537861303111884
additive,19,50190.67361167728,False,240,True,-2.0465109238595,2.302585092994046,1.8714089513150407,2009,False,2.0624573414806204,-2.4471479468548507
se,0,54033.09353587682,True,121,False,1.5804072452119144,1.3903203822322816,-2.0006629709572716,2010,False,,
se,1,54032.93238389106,True,196,False,1.5951835938340304,1.392889544705958,-2.0006629709572725,2010,True,,
se,2,54032.97824989463,True,154,False,1.5942434641365018,1.3908694660215877,-2.000662970957269,2010,False,,
se,3,54033.108522520866,True,121,False,1.6025012677972625,1.3941755418607154,-2.012638323397572,2010,False,,
se,4,54032.392688940716,True,127,False,1.5827081003213912,1.3892204055557291,-2.0078092218602137,2010,True,,
se,5,54034.16471070191,True,109,False,1.5761821908271019,1.3825497434507097,-2.023885160075858,2010,False,,
se,6,54032.473296592085,True,115,False,1.5805716839005044,1.3892587110098082,-2.01147019436916,2010,True,,
se,7,54032.73758845916,True,85,False,1.5923347296688872,1.3903605563839947,-2.0177190100101194,2010,True,,
se,8,54033.037041395924,True,103,False,1.588033862789617,1.3882095453672787,-2.00170774067259,2010,False,,
se,9,54048.04418604476,False,240,False,1.5551845163037459,1.3664729776651923,-2.0460025263901658,2010,False,,
se,10,82029.63467493342,False,240,False,1.452480203326854,0.2212505982838763,-4.585017630631899,2010,False,,
se,11,54032.835226763535,True,127,False,1.5774760426200316,1.385573126029886,-2.0109132208766125,2010,True,,
se,12,54032.51570159331,True,127,False,1.5909377825701405,1.3929807794550058,-2.0050123523639787,2010,True,,
se,13,54033.26558529039,True,139,False,1.5804876329510713,1.3901115885299227,-1.999526657156923,2010,False,,
se,14,54033.34183134252,True,132,False,1.5929954879193347,1.3962795142049207,-2.000662970957272,2010,False,,
se,15,54032.56030408318,True,109,False,1.5976213737330922,1.3919176517688865,-2.0056359730200715,2010,True,,
se,16,54032.6099487844,True,103,False,1.584136703203883,1.3905360802142506,-2.014808450136771,2010,True,,
se,17,54033.74951796331,True,91,False,1.5824835838944364,1.3927579040450424,-1.9960393294312748,2010,False,,
se,18,54032.511013792624,True,133,False,1.5832243131157682,1.3888741614518192,-2.0151287513875387,2010,True,,
se,19,54032.59099121571,True,115,False,1.5821208476969761,1.3858878705276412,-2.012489480419122,2010,True,,
matern32,0,50729.1925026417,True,103,False,1.7602967056020744,2.0885814863297214,-2.3860491921368214,2010,True,,
matern32,1,50730.0361736866,True,115,False,1.7651683647860577,2.089802862570874,-2.3971724183137817,2010,False,,
matern32,2,50729.855526564155,True,201,False,1.7730255087828835,2.0942891198261373,-2.3860491921368223,2010,False,,
matern32,3,50729.76437576259,True,103,False,1.744072277086048,2.0812794253795803,-2.39685633324227,2010,False,,
matern32,4,50729.78515351544,True,127,False,1.7616183314022211,2.0881233780519604,-2.3765310399805197,2010,False,,
matern32,5,50729.11044478682,True,145,False,1.7551136286054658,2.087718309859118,-2.384207339233189,2010,True,,
matern32,6,50729.216851828365,True,97,False,1.74440187439798,2.0828090106308728,-2.3841245094427563,2010,True,,
matern32,7,50729.380933394365,True,127,False,1.7468452690670413,2.0833753448107752,-2.3927286773711622,2010,True,,
matern32,8,50729.73652981996,True,127,False,1.7697015000861371,2.0936304653250586,-2.380114744630243,2010,False,,
matern32,9,50729.81490074846,True,139,False,1.7464078938261425,2.083960247223005,-2.3743716321906563,2010,False,,
matern32,10,50729.28955585872,True,133,False,1.7518141222217907,2.089003224898661,-2.384981171326754,2010,True,,
matern32,11,50730.03586818703,True,121,False,1.748149294841103,2.0893157641946556,-2.3717449501308785,2010,False,,
matern32,12,50730.08988353756,True,109,False,1.7648965869923412,2.086024224552344,-2.3981833111613238,2010,False,,
matern32,13,50729.200264879764,True,155,False,1.7456437419964064,2.0818690415362444,-2.386049192136818,2010,True,,
matern32,14,50729.7502493232,True,97,False,1.7521888415263898,2.090088857603569,-2.3737674241879843,2010,False,,
matern32,15,50729.3432633773,True,127,False,1.7501556680967836,2.0816171294853443,-2.3845367471977523,2010,True,,
matern32,16,50729.577265854365,True,121,False,1.7532655245716464,2.083582776478118,-2.37919448323102,2010,True,,
matern32,17,50729.78705422529,True,97,False,1.738498530400148,2.0802216217432514,-2.3782123215837117,2010,False,,
matern32,18,50730.23578608858,True,121,False,1.7278711522905714,2.0752249759301598,-2.3855938831052907,2010,False,,
matern32,19,50729.47577073901,True,161,False,1.7651811331518068,2.0927675520227695,-2.3860491921368188,2010,True,,
matern52,0,51551.122593227294,True,127,False,1.6883409214460106,1.801062208171952,-2.204690970405269,2010,False,,
matern52,1,51551.28049271766,True,115,False,1.6943737672092787,1.7930217826547055,-2.226836289465384,2010,False,,
matern52,2,51550.69502619842,True,133,False,1.6813023563993956,1.7978284162441078,-2.2102742040308625,2010,True,,
matern52,3,51550.45085565535,True,145,False,1.6845221419215928,1.792768024441229,-2.215089590802318,2010,True,,
matern52,4,51550.78617488433,True,121,False,1.6899445826802195,1.7924583186772576,-2.2231433628485027,2010,True,,
matern52,5,51551.20209228086,True,172,False,1.6905674758787246,1.792523224794741,-2.227360748121714,2010,False,,
matern52,6,51550.603066766256,True,145,False,1.682828156432205,1.7953294001877176,-2.2090893583041598,2010,True,,
matern52,7,51550.37442548432,True,139,False,1.6887006234717574,1.7965548254378418,-2.2165155300696306,2010,True,,
matern52,8,51551.527781799145,True,115,False,1.6745865426006716,1.7909634050619592,-2.2054245950829556,2010,False,,
matern52,9,51551.945852052166,True,133,False,1.6844059468632093,1.8016011576539084,-2.199442765256399,2010,False,,
matern52,10,51551.13048603924,True,127,False,1.694712272958933,1.7981944596297068,-2.205059922060005,2010,False,,
matern52,11,51551.17908220773,True,121,False,1.6942487394178711,1.7932686415989858,-2.2261168398777573,2010,False,,
matern52,12,51550.859137918706,True,133,False,1.6881314689103561,1.7976045391230446,-2.2221732385452357,2010,True,,
matern52,13,51550.633872585895,True,121,False,1.6943169362303245,1.7996586428887515,-2.216875198991896,2010,True,,
matern52,14,51551.17610572766,True,115,False,1.6696323429442244,1.7889397108361997,-2.212819631614686,2010,False,,
matern52,15,51551.707148425194,True,115,False,1.6703704716413275,1.7864307920433644,-2.227009975084631,2010,False,,
matern52,16,51550.92218391049,True,133,False,1.6917124122782665,1.8015282934566852,-2.2073265368962827,2010,False,,
matern52,17,51550.639791006004,True,115,False,1.6880356435390798,1.7963643517829013,-2.208389311269269,2010,True,,
matern52,18,51550.620797613774,True,133,False,1.6884998123429176,1.7956560875945935,-2.2218617763617106,2010,True,,
matern52,19,51551.590849326836,True,120,False,1.706329867485026,1.8031677793973182,-2.219475316234776,2010,False,,
periodic,0,58425.90313340941,True,97,False,1.6523630293679783,0.1295204114809153,-1.6379465274941662,2010,False,,
periodic,1,58424.77518010793,True,139,False,1.6617044379071797,0.1318868369255201,-1.6519301222630935,2010,True,,
periodic,2,58424.67943751971,True,103,False,1.6618741372164538,0.1303505685368025,-1.6467917617403482,2010,True,,
periodic,3,58424.86802758215,True,145,False,1.674251502804514,0.132445107207502,-1.6457824010383841,2010,True,,
periodic,4,58424.784255994826,True,127,False,1.6674924557346524,0.13595373564276303,-1.6473898188782168,2010,True,,
periodic,5,58425.02463529291,True,133,False,1.6617370466377948,0.13555910622531087,-1.6421669977253321,2010,True,,
periodic,6,58424.774654939945,True,109,False,1.6616304271733755,0.13261190862628505,-1.6511349749360567,2010,True,,
periodic,7,58424.752695600764,True,133,False,1.659207262805861,0.12907649983532063,-1.6475017273119215,2010,True,,
periodic,8,58425.65476214823,True,115,False,1.665773986359575,0.135309498931515,-1.6360417711502722,2010,False,,
periodic,9,58424.67427820121,True,133,False,1.6681831970696055,0.13064003635486346,-1.6492227250857208,2010,True,,
periodic,10,58425.27815284661,True,139,False,1.6650802207724837,0.13276586290145512,-1.6388988676815708,2010,False,,
periodic,11,58425.0444815869,True,109,False,1.6738321786081427,0.13173148992030714,-1.6544615525818183,2010,True,,
periodic,12,58425.00757804214,True,151,False,1.6705938060852639,0.13269829898002536,-1.6548184331491123,2010,True,,
periodic,13,58424.82095535067,True,133,False,1.6703519754069933,0.13670522843273508,-1.646683574080019,2010,True,,
periodic,14,58424.86720626276,True,121,False,1.6593767701661832,0.13393413313024338,-1.6483753411073292,2010,True,,
periodic,15,58425.56694356179,True,218,False,1.6703519754069938,0.13262087621218158,-1.6379465274941674,2010,False,,
periodic,16,58424.843803324344,True,145,False,1.658084091360879,0.13157765866116217,-1.6512049830628164,2010,True,,
periodic,17,58425.00816567837,True,121,False,1.653375219278224,0.12873862404806882,-1.6458145641740871,2010,True,,
periodic,18,58424.740073058645,True,121,False,1.6642070052213167,0.13330366846702135,-1.6508619784608842,2010,True,,
periodic,19,58424.85658247321,True,193,False,1.6592922904869016,0.13405941364776008,-1.646695464714021,2010,True,,
locally_periodic,0,50744.45407879463,True,203,True,1.7423077595630583,2.302585092994046,2.088581486329722,2010,True,-2.3860491921368214,
locally_periodic,1,50744.7233257239,True,236,True,1.7563041667286048,2.302585092994046,2.0968262608306514,2010,True,-2.3860491921368223,
locally_periodic,2,50745.4831023399,True,145,True,1.7537657256556125,2.302585092994046,2.087788704417892,2010,False,-2.3966977081348797,
locally_periodic,3,50744.49085202161,True,143,True,1.7543513496720704,2.302585092994046,2.0918344823241823,2010,True,-2.3860491921368214,
locally_periodic,4,50745.20705573835,True,167,True,1.7698718107415754,2.302585092994046,2.1011074206737326,2010,False,-2.3779788697917996,
locally_periodic,5,50744.57319650559,True,192,True,1.7535720805742114,2.302585092994046,2.0950976069972147,2010,True,-2.3742054116421656,
locally_periodic,6,50744.72637870663,True,218,True,1.7471496257545756,2.302585092994046,2.0921572517746583,2010,True,-2.3893620592307867,
locally_periodic,7,50745.76568540427,True,198,True,1.7281208723190626,2.302585092994046,2.0813166893800323,2010,False,-2.3946343866867186,
locally_periodic,8,50744.664938519185,True,178,True,1.7579517069497381,2.302585092994046,2.0962957725901497,2010,True,-2.3860491921368214,
locally_periodic,9,50744.83358747258,True,168,True,1.7503275895986223,2.302585092994046,2.087557878604991,2010,True,-2.3909475468718195,
locally_periodic,10,50744.654264895464,True,159,True,1.7427628889002933,2.302585092994046,2.092853201206929,2010,True,-2.384014214950516,
locally_periodic,11,50852.98652068562,False,240,False,1.7785914258688011,1.5012264176211412,2.1625150149988617,2010,False,-2.408718969853262,
locally_periodic,12,50746.292200220596,True,175,True,1.7171830548070353,2.302585092994046,2.0762317440227007,2010,False,-2.3860491921368188,
locally_periodic,13,50744.376211843366,True,203,True,1.7487878321882562,2.302585092994046,2.089851128979258,2010,True,-2.3814648489161665,
locally_periodic,14,50744.66830378741,True,182,True,1.740230033291805,2.302585092994046,2.0905484857063636,2010,True,-2.386049192136818,
locally_periodic,15,50744.46482791222,True,151,True,1.7423600393390515,2.302585092994046,2.0875835417229256,2010,True,-2.3799152326140844,
locally_periodic,16,50843.63790458757,False,240,False,1.62267772272901,1.5475504354327732,2.0967963228485154,2010,False,-2.309637402056076,
locally_periodic,17,50744.44810562357,True,190,True,1.7494046177237235,2.302585092994046,2.0893674308594963,2010,True,-2.386049192136818,
locally_periodic,18,50745.472306826225,True,137,True,1.7263262972309579,2.302585092994046,2.078974059734558,2010,False,-2.3860491921368214,
locally_periodic,19,50818.484131600184,False,240,True,1.732830105398135,2.302585092994046,2.0404248520107693,2010,False,-2.5100626290403105,
additive,0,50102.089899002545,True,231,False,1.5264404070948663,1.2304439090686936,0.7169378353391472,2010,True,1.636765477796084,-2.454058525286154
additive,1,50849.354517455366,False,240,False,0.18545187078638725,-0.28680623562266544,1.5444293531338833,2010,False,2.7817530281690077,-2.2382187556648967
additive,2,50120.07645305892,False,240,False,1.400517784821755,1.4103333694588527,0.909398778460667,2010,False,1.721658547675282,-2.4597700573118737
additive,3,50659.062375469715,False,240,False,-2.4002824545607906,-1.9022850400913283,1.7871317483645763,2010,False,2.1625150149988617,-3.57308999650151
additive,4,50260.74962698527,False,240,False,1.694501105155266,0.98496064215437,0.24032302291652236,2010,False,1.3963276690394357,-2.5900771915848155
additive,5,50165.11019622031,False,240,False,1.2796353650178844,1.6118095650958324,1.0610374572672088,2010,False,1.7624565499847367,-2.5025652947805845
additive,6,52998.456463927214,False,240,False,2.090286302900044,0.7816486868915264,-0.7076181843048034,2010,False,0.3381036315311978,-6.035883404484325
additive,7,50502.16124825655,False,240,False,-1.7749576336738624,-0.8293804637888416,1.7595426668389973,2010,False,2.2939523992995565,-2.400099312922295
additive,8,50846.76100611759,False,240,True,0.2492252383247333,2.302585092994046,1.7274220864871224,2010,False,2.183065943313317,-2.408718969853263
additive,9,50212.1685572648,False,240,False,1.7119044152516685,1.0361632918473207,0.26004554893863996,2010,False,1.450197678607726,-2.4993980807190392
additive,10,50245.80877593953,False,240,False,1.2566062165096274,1.7845034470703858,1.2116313969507728,2010,False,1.8622164873184777,-2.3296719437623277
additive,11,50579.395003678714,False,240,False,-0.8761130577739391,-0.5954863406242514,1.7268882085842303,2010,False,2.4240951287758796,-2.351513837706028
additive,12,50112.27964585833,False,240,False,1.5931232270598075,1.147721309316034,0.582324150255653,2010,False,1.5729476963283344,-2.4740016863472505
additive,13,51141.93816859147,False,240,False,1.6883409214460108,0.7483401552230649,-0.5092082384852237,2010,False,0.9025536665183993,-2.771435413316369
additive,14,50898.818157296715,False,240,False,0.384912988751274,-0.24359323575168995,1.545328311869314,2010,False,3.115436051178896,-2.2031820567749016
additive,15,50109.112344688096,False,240,False,1.5856263941307136,1.1992671039364482,0.6419765661315759,2010,False,1.6179848399036214,-2.4574682513738213
additive,16,50103.427714033765,False,240,False,1.5487695538711461,1.2212375872930294,0.6920143051559431,2010,False,1.6246475571092762,-2.466416105287854
additive,17,50475.49259993012,False,240,False,1.7525965846438756,0.920767093842779,-0.09982780854443546,2010,False,1.264518915252705,-2.408718969853263
additive,18,50569.09810290755,False,240,False,-1.0322284548607195,-0.6612849193081393,1.750357773322702,2010,False,2.3934008250779764,-2.423573373450739
additive,19,50753.43577776068,False,240,False,1.8048827937421108,0.8168683244258426,-0.32316520266038373,2010,False,1.0580124976043053,-2.5900771915848155
se,0,54692.13127549726,True,133,False,1.5935480438104437,1.3903203822322816,-2.0055111183977576,2011,False,,
se,1,54692.340443657136,True,109,False,1.5883314337771917,1.3843245518661025,-2.0302089778500854,2011,False,,
se,2,54708.54712037076,False,240,False,1.617767696127841,1.3981834857752276,-2.050850673830653,2011,False,,
se,3,54691.48962396429,True,121,False,1.5836915679402546,1.3911985742883086,-2.0099362224380273,2011,True,,
se,4,54691.17157807348,True,85,False,1.582717815242629,1.38522360971199,-2.017337687810462,2011,True,,
se,5,54691.57992379087,True,138,False,1.5935480438104432,1.3909883241563783,-2.0099696853058893,2011,True,,
se,6,54691.87684456056,True,121,False,1.5784302363456129,1.3865896808471596,-2.0264804730720947,2011,False,,
se,7,54691.655028566514,True,127,False,1.5821092548903328,1.385396660824565,-2.010507284961852,2011,False,,
se,8,54691.09768360008,True,115,False,1.5866499234919433,1.3894770583333027,-2.015728527089238,2011,True,,
se,9,54691.68185565452,True,133,False,1.5844373254778525,1.38968331350125,-2.0069816791470725,2011,False,,
se,10,54691.753157969404,True,115,False,1.5825485199381983,1.39170449386977,-2.007852428950986,2011,False,,
se,11,54691.66848674207,True,109,False,1.586081402769249,1.3856750707447782,-2.010596593590037,2011,False,,
se,12,54692.52539206022,True,133,False,1.5921785245103426,1.3936875283964245,-2.0034672270392138,2011,False,,
se,13,54691.33711519018,True,103,False,1.5942302543233804,1.3896185404330361,-2.014250663282252,2011,True,,
se,14,54691.504491580126,True,115,False,1.5933602396168187,1.3871935975314444,-2.0226981185962085,2011,True,,
se,15,54691.169233825116,True,109,False,1.5796866066300383,1.386105802937635,-2.015212406933301,2011,True,,
se,16,54691.58839252112,True,115,False,1.5814327960648804,1.3863534580548107,-2.0097077656111555,2011,True,,
se,17,54692.60802933215,True,190,False,1.595216508784762,1.3951137820492894,-2.00551111839776,2011,False,,
se,18,54691.50577537886,True,121,False,1.5800166421950739,1.3846368435744416,-2.0131603921520766,2011,True,,
se,19,54691.12769327166,True,115,False,1.5883955355538093,1.3891613254542254,-2.0179614259103005,2011,True,,
matern32,0,51331.80862502125,True,103,False,1.755448558161588,2.0885814863297214,-2.390897339577307,2011,True,,
matern32,1,51331.88769044295,True,103,False,1.75278244212123,2.0826321863602373,-2.3990584625686826,2011,True,,
matern32,2,51332.018191256095,True,127,False,1.7464413247590826,2.08130700676017,-2.3879436770235736,2011,True,,
matern32,3,51332.48057536052,True,127,False,1.7501510304884915,2.0786118099244266,-2.4053173012428477,2011,False,,
matern32,4,51332.033053337014,True,175,False,1.7372487941875472,2.0825146851872893,-2.3947498547503403,2011,True,,
matern32,5,51332.39305442199,True,109,False,1.7361120030946169,2.0787411454030678,-2.4035997174483854,2011,False,,
matern32,6,51332.15065295358,True,133,False,1.7556076289183422,2.084583231898808,-2.387618844840569,2011,True,,
matern32,7,51331.817548077466,True,207,False,1.7491115783559443,2.0823594340894376,-2.3908973395773097,2011,True,,
matern32,8,51332.059091795585,True,133,False,1.7609523359712198,2.090845498293638,-2.3944442343043,2011,True,,
matern32,9,51331.95812633459,True,133,False,1.7372707317425158,2.0817782752848784,-2.389739852602218,2011,True,,
matern32,10,51331.73328568704,True,155,False,1.7485051330597845,2.0831563861337927,-2.390897339577305,2011,True,,
matern32,11,51331.940090411015,True,143,False,1.7365212363699012,2.0805813440700973,-2.390897339577305,2011,True,,
matern32,12,51332.01256095337,True,126,False,1.7531838702543312,2.0826506438161045,-2.3908973395773057,2011,True,,
matern32,13,51332.0994803591,True,103,False,1.7540390174059253,2.0909380391414247,-2.386970430100044,2011,True,,
matern32,14,51331.73548531275,True,139,False,1.7506962617533641,2.0869442796221693,-2.390565300083402,2011,True,,
matern32,15,51332.00270576239,True,139,False,1.7561192251799334,2.0892764049909487,-2.3862504310944335,2011,True,,
matern32,16,51331.88780772439,True,115,False,1.7527773410469232,2.082795523945457,-2.399368292989311,2011,True,,
matern32,17,51332.388565489135,True,103,False,1.7571939543755195,2.083845390384537,-2.404880026496125,2011,False,,
matern32,18,51331.93380630441,True,139,False,1.744296330950349,2.083044878107298,-2.386455490780561,2011,True,,
matern32,19,51332.017930856644,True,115,False,1.741666045017829,2.0813948679567895,-2.3865618591660898,2011,True,,
matern52,0,52166.61435280349,True,115,False,1.665503827966508,1.7846325351343653,-2.2322088955621986,2011,False,,
matern52,1,52165.66177236906,True,109,False,1.6834927740055234,1.7919147816554257,-2.219772436800848,2011,True,,
matern52,2,52165.928563099544,True,121,False,1.6927719004430062,1.7974846873320267,-2.226609705191102,2011,True,,
matern52,3,52166.13582848119,True,149,False,1.6821245828770144,1.7880005832897927,-2.232208895562197,2011,False,,
matern52,4,52166.01571398773,True,121,False,1.6840580377882053,1.7931881723023884,-2.2145862123346873,2011,True,,
matern52,5,52166.81737366557,True,145,False,1.6816737331529608,1.785860605574716,-2.23639482801948,2011,False,,
matern52,6,52165.88228034385,True,133,False,1.6795374846112125,1.795834139384233,-2.225956123045803,2011,True,,
matern52,7,52166.649626832914,True,149,False,1.6989998341276735,1.7965396516743595,-2.2322088955621964,2011,False,,
matern52,8,52166.094965171054,True,133,False,1.6929470755484641,1.7961018686127803,-2.2155655785507014,2011,False,,
matern52,9,52166.02967089105,True,221,False,1.6801731473327424,1.7924588343830428,-2.2322088955622013,2011,True,,
matern52,10,52166.16520713842,True,189,False,1.6826513243898722,1.7943121158347624,-2.232208895562201,2011,False,,
matern52,11,52165.84984471656,True,121,False,1.6696672713842724,1.7886919867872269,-2.2253790902344086,2011,True,,
matern52,12,52165.56582833332,True,127,False,1.67726134586597,1.792673255611436,-2.224828985492625,2011,True,,
matern52,13,52166.73941977614,True,109,False,1.6813371387394043,1.7999818363041429,-2.2100274466571928,2011,False,,
matern52,14,52166.176049383685,True,109,False,1.6891100438237678,1.8005029100655578,-2.215493856237462,2011,False,,
matern52,15,52166.19571867632,True,121,False,1.6857936304884817,1.7886789105308505,-2.2319203900153823,2011,False,,
matern52,16,52166.04359520681,True,145,False,1.6754945811465243,1.7933849452342172,-2.213920030631605,2011,True,,
matern52,17,52165.85277648627,True,127,False,1.6834927740055234,1.7916590863233355,-2.217711763848943,2011,True,,
matern52,18,52165.74191086287,True,109,False,1.682208989998936,1.7907139284647997,-2.2298048209612205,2011,True,,
matern52,19,52165.53596199543,True,145,False,1.6874707419888666,1.7949094162813788,-2.222467534056644,2011,True,,
periodic,0,59175.17450098422,True,103,False,1.6655038279665078,0.1367159898965217,-1.6427946749346523,2011,False,,
periodic,1,59174.48435062918,True,127,False,1.665808914245594,0.1334648893834073,-1.6539717892921055,2011,True,,
periodic,2,59174.48851672445,True,145,False,1.6592077758766797,0.13099135216679791,-1.6562997867597553,2011,True,,
periodic,3,59174.63044771967,True,109,False,1.6722358508629362,0.13334990811187222,-1.654690960040127,2011,True,,
periodic,4,59174.4663998273,True,133,False,1.6678480967982636,0.1294958567901845,-1.6542196088958774,2011,True,,
periodic,5,59175.760370378994,True,127,False,1.6499977050096977,0.12396704869994618,-1.6660050519751213,2011,False,,
periodic,6,59175.04514069529,True,219,False,1.6631160525714022,0.13472338911015003,-1.6427946749346545,2011,False,,
periodic,7,59175.59755885624,True,127,False,1.6621579024913897,0.13730151521195633,-1.6404971419159198,2011,False,,
periodic,8,59175.03929724269,True,121,False,1.6643326948899717,0.13244881291868807,-1.6427946749346534,2011,False,,
periodic,9,59174.86742071113,True,127,False,1.6660371818966344,0.13300107626312313,-1.6589564213112893,2011,True,,
periodic,10,59174.7779697185,True,151,False,1.673135842068114,0.13381932633747862,-1.647419800866937,2011,True,,
periodic,11,59174.42965281138,True,127,False,1.6604939559986647,0.1325698846669416,-1.653126706997988,2011,True,,
periodic,12,59174.55863089732,True,115,False,1.671315886571678,0.13388449812952882,-1.652704659832149,2011,True,,
periodic,13,59175.249327015204,True,115,False,1.654515966262998,0.12257150536720396,-1.6625811370068921,2011,False,,
periodic,14,59175.716256238986,True,207,False,1.6784496747009756,0.13979844292793397,-1.6427946749346545,2011,False,,
periodic,15,59174.72868719891,True,145,False,1.6655038279665075,0.13591011850503415,-1.647397274686549,2011,True,,
periodic,16,59175.16990798614,True,133,False,1.6727600694956688,0.13415487726240694,-1.6596025491635347,2011,False,,
periodic,17,59175.52687177845,True,137,False,1.6475148819274914,0.12803372883532,-1.6427946749346507,2011,False,,
periodic,18,59175.26073637995,True,133,False,1.6513518410596504,0.13015654495005508,-1.6428306478434067,2011,False,,
periodic,19,59174.682516794936,True,139,False,1.6616137935247843,0.12921257797677527,-1.6467170901436539,2011,True,,
locally_periodic,0,51347.24065764243,True,203,True,1.7374596121225718,2.302585092994046,2.088581486329722,2011,True,-2.390897339577307,
locally_periodic,1,51347.32938289024,True,213,True,1.7441680755479458,2.302585092994046,2.0928360312457865,2011,True,-2.390897339577305,
locally_periodic,2,51347.27253916036,True,137,True,1.7365106469249096,2.302585092994046,2.0888753531178637,2011,True,-2.3862276513513803,
locally_periodic,3,51347.616049786055,True,157,True,1.7288127615346596,2.302585092994046,2.0817554920702324,2011,True,-2.3908973395773057,
locally_periodic,4,51347.26444854382,True,239,True,1.7457101853857566,2.302585092994046,2.092765816783163,2011,True,-2.3908973395773097,
locally_periodic,5,51347.514726134665,True,185,True,1.7352146546784135,2.302585092994046,2.083482051170682,2011,True,-2.387122254752406,
locally_periodic,6,51349.17147482297,False,240,True,1.721741805009186,2.302585092994046,2.08706372706451,2011,False,-2.396123433609487,
locally_periodic,7,51347.29501945764,True,235,True,1.7524201266311537,2.302585092994046,2.0938451646691383,2011,True,-2.390897339577305,
locally_periodic,8,51351.006189730135,False,240,True,1.7503299408222364,2.302585092994046,2.104638816037295,2011,False,-2.395396131787851,
locally_periodic,9,51347.72948960009,True,128,True,1.7497386923611056,2.302585092994046,2.0923909586003804,2011,True,-2.3788215528477545,
locally_periodic,10,51419.4077280604,False,240,True,1.7381126240929514,2.302585092994046,2.031077630698168,2011,False,-2.5046668287831624,
locally_periodic,11,51375.444245983745,False,240,False,1.82197819844098,2.1393695533972403,2.0967963228485154,2011,False,-2.3938328195215246,
locally_periodic,12,51347.37799889709,True,239,True,1.7438825271127796,2.302585092994046,2.0857149489336875,2011,True,-2.3942014231244917,
locally_periodic,13,51347.44662676664,True,178,True,1.7314101672298914,2.302585092994046,2.0862676409211467,2011,True,-2.3908973395773083,
locally_periodic,14,51348.23870973815,True,196,True,1.7580516588280226,2.302585092994046,2.09187155576296,2011,False,-2.402024126850738,
locally_periodic,15,51347.43740757706,True,220,True,1.7441305740409319,2.302585092994046,2.091949158758496,2011,True,-2.394465622946966,
locally_periodic,16,51347.806731424804,True,214,True,1.7370778076136364,2.302585092994046,2.0926286735877087,2011,False,-2.3791417387556053,
locally_periodic,17,51654.2344735747,False,240,False,1.6121560677676632,0.8913286558269402,2.162515014998864,2011,False,-2.342885893196858,
locally_periodic,18,51347.6843444056,True,240,True,1.7610118074343648,2.302585092994046,2.096244796780265,2011,True,-2.3908973395773097,
locally_periodic,19,51347.35672085036,True,190,True,1.7325562444076177,2.302585092994046,2.085547781923065,2011,True,-2.390897339577305,
additive,0,50697.010804827834,False,240,False,1.503603313615364,1.2448350658999063,0.7300786339376768,2011,True,1.636765477796084,-2.4589066727266395
additive,1,50714.01458369539,False,240,False,1.6115369898494603,1.151292546497023,0.54858000383659,2011,False,1.573642527418224,-2.440658087653447
additive,2,51322.080294921994,False,240,False,-2.0075762448611845,-1.8996327017200874,1.7985051000809507,2011,False,2.2218891732710984,-11.118761760408276
additive,3,51272.26478708517,False,240,False,-2.138323385267774,-1.9621009676736774,1.7554485581615877,2011,False,2.174510177716454,-5.272148567239177
additive,4,51102.59752370872,False,240,False,-1.7278532525244614,-0.8097774892868989,1.7489466416753012,2011,False,2.293124837774651,-2.390781160168631
additive,5,50879.40083671044,False,240,False,1.7671593405867014,0.9790684234759208,0.1951408630725064,2011,False,1.385995336179308,-2.41356711729375
additive,6,50767.44800845909,False,240,False,1.395669637381269,1.4966803104461297,1.001976565791676,2011,False,1.732091056960698,-2.5470195032703926
additive,7,50750.792998766956,False,240,False,1.3247572210065195,1.7269388197455335,0.9977231835454297,2011,False,1.7776221329797108,-2.4340299827240837
additive,8,50702.884651779095,False,240,False,1.5774237756828438,1.1922392636435004,0.6301976775969095,2011,False,1.5934783063192008,-2.484923187363548
additive,9,50714.480016457775,False,240,False,1.6167660255392662,1.1167270134435152,0.5386416559077488,2011,False,1.554169128967564,-2.462245808907874
additive,10,51260.58841126776,False,240,False,-0.4957963829188289,-0.4617818655933218,1.6834927740055246,2011,False,2.460205690786761,-2.3318172501152823
additive,11,50760.94751491974,False,240,False,1.49115140008749,1.241931838253203,1.0036166615574211,2011,False,1.7602894434225484,-2.4729153721472303
additive,12,50699.28539866317,False,240,False,1.5338846870781802,1.1887823646774403,0.6541535283231548,2011,False,1.6081669291798562,-2.4640472827060673
additive,13,50732.724127520596,False,240,False,1.5395812056933968,1.266421801146725,0.7070882012948818,2011,False,1.6733457689472686,-2.471632927063645
additive,14,51167.61920110532,False,240,False,1.8475168859809283,0.97859866452247,0.05022759776501645,2011,False,1.2306088167110953,-2.7762835607568594
additive,15,51101.7982715915,False,240,False,-1.6077379573314963,-0.8015769578299432,1.7570605843009277,2011,False,2.310171057322318,-2.417859031411859
additive,16,50698.75692980502,False,240,False,1.5618021616018471,1.1949348494439438,0.6892668193791082,2011,False,1.622900466701782,-2.453455749365649
additive,17,50826.24781421329,False,240,False,1.6985672505925349,0.9971883583500398,0.23873040489683123,2011,False,1.3900804367620798,-2.5295046604086227
additive,18,51100.00536004087,False,240,False,-1.7581794158220492,-0.8415713824719819,1.7570336653869034,2011,False,2.2931345303016237,-2.4195346631227292
additive,19,50716.10712745687,False,240,False,1.5704331787253527,1.259395812916788,0.6227522085039209,2011,False,1.5851580558439018,-2.516550102662588
se,0,55385.90971017301,True,133,False,1.5906783998604876,1.3903203822322816,-2.008380762347714,2012,False,,
se,1,55385.137779972676,True,121,False,1.5743898975570885,1.3849481869044142,-2.015109145536232,2012,True,,
se,2,55386.04363375896,True,109,False,1.5726894538214715,1.3792036584813392,-2.0319486603175796,2012,False,,
se,3,55384.917349714095,True,109,False,1.5890875929807329,1.3868193602585448,-2.026589392394918,2012,True,,
se,4,55385.29137442128,True,139,False,1.574793211045778,1.3827157023183188,-2.0301872867460675,2012,False,,
se,5,55393.476845908895,False,240,False,1.559193339614391,1.3749882406158045,-2.0537203177806083,2012,False,,
se,6,55385.45385989033,True,165,False,1.5906783998604874,1.385102901796986,-2.0310505400641548,2012,False,,
se,7,55385.254873568825,True,103,False,1.5753028474947683,1.3861971719333321,-2.0288367428554075,2012,False,,
se,8,55385.218175212896,True,115,False,1.5738364240841383,1.38214911539572,-2.0285462680994493,2012,True,,
se,9,84099.64267743623,False,240,False,1.4198636922476897,0.21193007637768357,-4.592735422022341,2012,False,,
se,10,55384.82657713166,True,127,False,1.5794121925953737,1.385667984555466,-2.0163901423858532,2012,True,,
se,11,55392.70001982637,False,240,False,1.597182657659547,1.3813737970123132,-2.0537203177806083,2012,False,,
se,12,55384.98765024358,True,115,False,1.5722330066228882,1.3831008886108178,-2.022142893448093,2012,True,,
se,13,55384.91988788962,True,109,False,1.5856993496470069,1.3903203822322816,-2.0198795990618157,2012,True,,
se,14,55385.15673851784,True,115,False,1.5755618227083714,1.3825724956898264,-2.0186543774325507,2012,True,,
se,15,55385.00227591988,True,103,False,1.5782945757491231,1.3870904172552525,-2.026933488565585,2012,True,,
se,16,55385.01768398467,True,145,False,1.5802320898331843,1.3821055457134885,-2.023071521435921,2012,True,,
se,17,55384.71549643214,True,127,False,1.5887665044654615,1.387693505801342,-2.0225068098312007,2012,True,,
se,18,55385.106816486106,True,127,False,1.583030071626116,1.387401241255952,-2.0284691190896975,2012,True,,
se,19,55384.684833677,True,109,False,1.5767626977729607,1.385452346768605,-2.0198167635137976,2012,True,,
matern32,0,51979.669622011774,True,103,False,1.752578914211632,2.0885814863297214,-2.393766983527264,2012,True,,
matern32,1,51979.592812628725,True,155,False,1.741774784908126,2.080072823080256,-2.3937669835272612,2012,True,,
matern32,2,51980.44118556343,True,109,False,1.7573786045116584,2.0933008834066595,-2.3883811217702444,2012,False,,
matern32,3,51979.597373245946,True,121,False,1.752089423521276,2.088190300717591,-2.396857837065164,2012,True,,
matern32,4,51979.70122480868,True,161,False,1.738158920219433,2.078422477601821,-2.3937669835272612,2012,True,,
matern32,5,51979.81604967227,True,189,False,1.7561371761051137,2.084729565135862,-2.393766983527265,2012,True,,
matern32,6,51979.620727498805,True,115,False,1.7364376759307578,2.0803370924945614,-2.3942666206905097,2012,True,,
matern32,7,51979.51470707818,True,143,False,1.7414045168178425,2.081776401737976,-2.3937669835272612,2012,True,,
matern32,8,51979.355745298904,True,109,False,1.7419407671033171,2.0802544238409215,-2.399905103054785,2012,True,,
matern32,9,51979.72100091362,True,148,False,1.7345899681726145,2.0799334042034725,-2.3937669835272612,2012,True,,
matern32,10,51979.9262798446,True,127,False,1.7636533184333065,2.0895220184796077,-2.3978562860799846,2012,False,,
matern32,11,51979.631318606,True,109,False,1.7352752542293708,2.077542051054334,-2.4045404525190985,2012,True,,
matern32,12,51979.531759629856,True,115,False,1.739049344984413,2.0813239746555188,-2.402329153926089,2012,True,,
matern32,13,51979.71051921195,True,133,False,1.7599088168253616,2.0865694932639967,-2.400335087287634,2012,True,,
matern32,14,51979.73503176539,True,109,False,1.7585935878057117,2.0867290871614896,-2.4040366267481375,2012,True,,
matern32,15,51979.588484046406,True,195,False,1.745873102301444,2.0860920558217453,-2.393766983527265,2012,True,,
matern32,16,51979.71573965173,True,109,False,1.734847907598949,2.080212947428043,-2.3937286107981475,2012,True,,
matern32,17,51979.449271961086,True,133,False,1.7399050017708269,2.0819326100374975,-2.3969746060813057,2012,True,,
matern32,18,51979.82660577085,True,149,False,1.7323595412552604,2.0781902510248957,-2.3937669835272612,2012,True,,
matern32,19,51980.27258666037,True,121,False,1.748255780029434,2.087863895408593,-2.3852970592329363,2012,False,,
matern52,0,52824.79922334194,True,115,False,1.662634184016552,1.7846325351343653,-2.2350785395121555,2012,False,,
matern52,1,52824.31738978143,True,103,False,1.6690652940445228,1.789424492025412,-2.2329496451118382,2012,True,,
matern52,2,52824.18007122684,True,121,False,1.6817169800889264,1.7934469633528498,-2.233368530632642,2012,True,,
matern52,3,52824.168704844305,True,121,False,1.690845137669986,1.7942333073995242,-2.2284099703025984,2012,True,,
matern52,4,52824.52290147277,True,195,False,1.668362212648571,1.7847956993192304,-2.2350785395121564,2012,False,,
matern52,5,52824.87212025433,True,166,False,1.6626341840165513,1.7834922313192407,-2.235078539512153,2012,False,,
matern52,6,52824.378064628865,True,138,False,1.689370828758168,1.7917881340724606,-2.2350785395121537,2012,True,,
matern52,7,52824.138470396334,True,139,False,1.6845871132999333,1.7949874860900368,-2.2224871486998157,2012,True,,
matern52,8,52823.922758009285,True,139,False,1.679832662223526,1.7902436673020001,-2.228576965857215,2012,True,,
matern52,9,52824.15091869273,True,103,False,1.6747420852214914,1.7924319332865646,-2.23104132922741,2012,True,,
matern52,10,52824.169373558645,True,139,False,1.6756011374417585,1.7907892022163872,-2.234176079189868,2012,True,,
matern52,11,52824.36765213619,True,143,False,1.6698430422408679,1.7863714168404732,-2.235078539512153,2012,True,,
matern52,12,52824.341224975266,True,121,False,1.6863622561163363,1.7902260712836493,-2.235719831942427,2012,True,,
matern52,13,52824.22445825284,True,121,False,1.6732614816245373,1.7903419124299238,-2.222239367750168,2012,True,,
matern52,14,52824.67176787621,True,151,False,1.6940741228095457,1.798376863008643,-2.230590865754928,2012,False,,
matern52,15,52824.445324449516,True,115,False,1.6786107256170106,1.7885671322873904,-2.222692868187994,2012,True,,
matern52,16,52825.60345746083,True,109,False,1.7039101959033538,1.8013873484904268,-2.2305352676088024,2012,False,,
matern52,17,52824.13790636821,True,115,False,1.6779743984424045,1.7944244271059056,-2.228523408775583,2012,True,,
matern52,18,52823.9913197792,True,115,False,1.6779034909333166,1.7934057982775393,-2.2274300156641638,2012,True,,
matern52,19,52824.92322921878,True,103,False,1.6756042013686085,1.7967525970718048,-2.2171743940927295,2012,False,,
periodic,0,59886.96222168739,True,103,False,1.6626341840165517,0.1367159898965217,-1.6456643188846087,2012,False,,
periodic,1,59885.90841824596,True,109,False,1.6497297004601486,0.1246711998428793,-1.656148727861756,2012,True,,
periodic,2,59886.30042282097,True,139,False,1.6530467706983647,0.12962092901542582,-1.6492082346638397,2012,False,,
periodic,3,59885.91092716557,True,193,False,1.6592582561527212,0.13210878252727026,-1.6514629933441223,2012,True,,
periodic,4,59885.73139490221,True,139,False,1.6631955077852167,0.13160933413903247,-1.6625664090097536,2012,True,,
periodic,5,59886.01243782683,True,187,False,1.656076999582842,0.13090483704990782,-1.6507262544280359,2012,True,,
periodic,6,59886.164693559105,True,127,False,1.665542257024858,0.13110974866175726,-1.6667379471549035,2012,True,,
periodic,7,59886.16708712179,True,133,False,1.6736519379471126,0.13357001695000195,-1.6626641506932274,2012,True,,
periodic,8,59885.68855449364,True,109,False,1.666979812163629,0.13229618839528393,-1.656007450709124,2012,True,,
periodic,9,59885.766378913715,True,127,False,1.6661305722817998,0.13036752400710494,-1.6633881940555106,2012,True,,
periodic,10,59886.01533887197,True,145,False,1.6555039490350296,0.12982094104400135,-1.6658089368168025,2012,True,,
periodic,11,59886.807803726486,True,167,False,1.6601815397630468,0.13420438097493867,-1.645664318884606,2012,False,,
periodic,12,60077.735766044905,False,240,False,1.3991101926737457,0.10370181219325991,-1.6910038743175027,2012,False,,
periodic,13,59885.59462110771,True,139,False,1.6559099340482673,0.1290195127050024,-1.655509899330458,2012,True,,
periodic,14,59887.06592024359,True,138,False,1.6657892377486232,0.1378593632827602,-1.6456643188846074,2012,False,,
periodic,15,59886.236001635734,True,127,False,1.6671068150101194,0.13331784513882755,-1.6496961383359794,2012,False,,
periodic,16,59885.88668120067,True,127,False,1.6677154029708816,0.13212970615071787,-1.653206034837016,2012,True,,
periodic,17,59886.057283179856,True,132,False,1.6446452379775356,0.12279782950802401,-1.6595859077320478,2012,True,,
periodic,18,59886.75872554286,True,127,False,1.6570074543968636,0.12408308332125173,-1.6722170570120014,2012,False,,
periodic,19,59886.02449724071,True,121,False,1.6592795040564448,0.12910095707478025,-1.651198500868998,2012,True,,
locally_periodic,0,51995.11733606523,True,210,True,1.734589968172616,2.302585092994046,2.088581486329722,2012,True,-2.393766983527264,
locally_periodic,1,51995.28710266222,True,183,True,1.7324986293996765,2.302585092994046,2.0888199375191747,2012,True,-2.391866279934278,
locally_periodic,2,52317.373124796315,False,240,False,1.6008932371218516,0.9823616681640921,2.1625150149988626,2012,False,-2.416436761243709,
locally_periodic,3,51995.35713620591,True,178,True,1.7343087221485858,2.302585092994046,2.080366649810928,2012,True,-2.400320249258928,
locally_periodic,4,51995.41455465487,True,130,True,1.7491062188013027,2.302585092994046,2.095556429269961,2012,True,-2.387055046838371,
locally_periodic,5,51995.153781408546,True,149,True,1.7372411075271565,2.302585092994046,2.0903445608708093,2012,True,-2.393766983527262,
locally_periodic,6,51998.46125527699,False,240,True,1.7743848648810898,2.302585092994046,2.0967963228485145,2012,False,-2.41327028953603,
locally_periodic,7,51999.52608779918,False,240,True,1.750312860648836,2.3025850929940455,2.082020550769871,2012,False,-2.3789605964579246,
locally_periodic,8,51994.94179559995,True,236,True,1.7408202854037076,2.302585092994046,2.08980879634854,2012,True,-2.3929128530772754,
locally_periodic,9,51995.58311132762,True,135,True,1.735047828357387,2.302585092994046,2.0843243080496325,2012,False,-2.386037634445124,
locally_periodic,10,52031.226106171285,False,240,False,1.7547187749390254,2.0723265836946414,2.0557634791821324,2012,False,-2.416436761243709,
locally_periodic,11,52003.25857754683,False,240,True,1.8001566002227063,2.302585092994046,2.1070796702433,2012,False,-2.4150860197833692,
locally_periodic,12,51994.994537577986,True,184,True,1.7456386974301927,2.302585092994046,2.091932737458992,2012,True,-2.3937669835272604,
locally_periodic,13,51996.338033679465,True,164,True,1.7164094161381875,2.302585092994046,2.0772358836117495,2012,False,-2.390259516046559,
locally_periodic,14,51995.2440597126,True,130,True,1.7532515435825384,2.302585092994046,2.089989166118179,2012,True,-2.396613084602271,
locally_periodic,15,51995.23975099141,True,185,True,1.7323796069692392,2.302585092994046,2.0871406103885928,2012,True,-2.3978457334326633,
locally_periodic,16,51995.31079052885,True,150,True,1.744953309556534,2.302585092994046,2.094504527599181,2012,True,-2.3896944864266936,
locally_periodic,17,51996.11606950876,True,210,True,1.7599300229575008,2.302585092994046,2.0967963228485145,2012,False,-2.403337982647261,
locally_periodic,18,51995.31542005949,True,164,True,1.7500725255075258,2.302585092994046,2.094173736107918,2012,True,-2.398234999412821,
locally_periodic,19,51995.227511032324,True,199,True,1.7463261147708784,2.302585092994046,2.0863171749177734,2012,True,-2.3937669835272612,
additive,0,51330.94587184289,False,240,False,1.5007336696654079,1.2520306443155125,0.7451979360267367,2012,True,1.6449803143148773,-2.4617763166765965
additive,1,51411.02135632628,False,240,False,1.2670022626388746,1.899632701720087,1.07244940657079,2012,False,1.789604268543661,-2.5002437470234327
additive,2,51816.796163422885,False,240,False,1.9684462666798241,1.0361632918473211,0.027828080084111417,2012,False,1.227419381498969,-2.416436761243709
additive,3,51383.35783652183,False,240,False,1.6380067856887732,1.0496747865916054,0.39866156811040776,2012,False,1.4821564859580518,-2.5087522623116745
additive,4,51413.31758337324,False,240,True,1.236895898072807,2.302585092994046,1.1049768568070568,2012,False,1.770192811147528,-2.444460143320013
additive,5,51376.06797394621,False,240,False,1.6757922217684884,1.1512925464970234,0.48887664549725895,2012,False,1.5341425747388577,-2.416436761243709
additive,6,51411.25440951172,False,240,False,1.6806231300555674,1.0523305608014577,0.32943513629505133,2012,False,1.4624560985157706,-2.5289294788501397
additive,7,51390.81714773782,False,240,False,1.3641432839758942,2.0147619563697914,0.9657925363538237,2012,False,1.7124425306331483,-2.4538509680410185
additive,8,51334.106273062105,False,240,False,1.4934326276166656,1.309595271640364,0.7764754480664748,2012,False,1.6457279405758063,-2.4745650760843083
additive,9,51566.83389868318,False,240,False,1.7827973943964748,0.8891598404556456,0.051011571720803284,2012,False,1.3385712867410295,-2.483809132710542
additive,10,52635.60248500024,False,240,False,-1.7167652908179238,-1.7416304274968353,2.0266364894877253,2012,False,2.4770556218565583,-6.043601195874765
additive,11,51747.58448943807,False,240,False,-1.8928015546330361,-0.8675032100131598,1.746130219083319,2012,False,2.2654494154370424,-2.439792539146222
additive,12,51906.17773984416,True,240,False,-2.462396274517502,-1.9212194369669067,1.7675279318359762,2012,False,2.1523459658630446,-3.5039349532712105
additive,13,51360.62428099778,False,240,False,1.4514438655611885,1.3211618177243782,0.7912194533907316,2012,False,1.629851002906537,-2.546224807543554
additive,14,52026.530785533156,False,240,True,-1.1976082361869889,2.302585092994046,1.763050251736984,2012,False,2.079841213845451,-2.2651548646767705
additive,15,51470.034177130394,False,240,False,1.248888425119185,1.6118095650958317,1.1139764303641746,2012,False,1.7382041164873705,-2.4289674556187757
additive,16,51910.55926874044,False,240,False,-2.1924475754841923,-1.9881272034485409,1.782617566005155,2012,False,2.164519780018932,-5.152280611212368
additive,17,52069.98329912725,False,240,False,1.8108762800841425,0.8634694098727672,-0.31836895911224855,2012,False,1.019236850142394,-2.597794982975262
additive,18,51746.97864423932,False,240,False,-1.5857454578273376,-0.7872539083395691,1.727591681886953,2012,False,2.301395626945228,-2.4168157785519084
additive,19,51333.95767250925,False,240,False,1.4647557775873756,1.3095952716403636,0.795602287568368,2012,False,1.6711416361122076,-2.4600230573175854
se,0,56074.79141546943,True,127,False,1.5729151982126475,1.3821055457134883,-2.030824795672982,2013,False,,
se,1,56074.64216990853,True,174,False,1.572915198212647,1.3834086842795053,-2.03082479567298,2013,True,,
se,2,56083.76701826413,False,240,False,1.6160453226758318,1.382711445948711,-2.0534945733894334,2013,False,,
se,3,56074.83084660863,True,115,False,1.5846322136588582,1.387681965082288,-2.0154172683089944,2013,False,,
se,4,56075.6345471144,True,91,False,1.5771870713438216,1.3798452903130982,-2.0366203112737766,2013,False,,
se,5,56074.66745056692,True,115,False,1.5775197673272519,1.3880167440789906,-2.030824795672983,2013,True,,
se,6,56076.146763898934,True,121,False,1.5868318542925213,1.394782052178006,-2.0103488611872975,2013,False,,
se,7,56074.332098969906,True,126,False,1.590904144251663,1.387864551652531,-2.0258467417193713,2013,True,,
se,8,56074.64924097726,True,91,False,1.5919736278259515,1.3897429685998923,-2.018628453905772,2013,True,,
se,9,56074.98282304964,True,121,False,1.5871502206876942,1.3929322885872948,-2.0174334566509264,2013,False,,
se,10,56095.20562229924,False,240,False,1.6322411828592385,1.4021717662292998,-2.0534945733894334,2013,False,,
se,11,56075.19453480204,True,121,False,1.5854320664086716,1.3870082837609286,-2.0363248610368414,2013,False,,
se,12,56074.2218273434,True,109,False,1.5806344801985361,1.38686286724727,-2.0286120862293586,2013,True,,
se,13,56075.3174669992,True,91,False,1.5694350034565903,1.3812957517446054,-2.0340862382905267,2013,False,,
se,14,56074.12662564747,True,91,False,1.5833538708776291,1.3867272956264516,-2.0235747649959186,2013,True,,
se,15,56075.1796967465,True,127,False,1.5870215399828431,1.3934328394704294,-2.016170289249435,2013,False,,
se,16,56074.79099707611,True,121,False,1.5804195553024059,1.3849425267381088,-2.018032093762179,2013,False,,
se,17,56074.481476177796,True,145,False,1.572915198212647,1.3848838745011616,-2.022490809164932,2013,True,,
se,18,56075.252154735324,True,145,False,1.5809141405405154,1.3852372332407983,-2.014929791088519,2013,False,,
se,19,56074.670747283184,True,103,False,1.5822075031874288,1.3917043694562738,-2.0208106570347963,2013,True,,
matern32,0,52613.93037899657,True,103,False,1.7528046586028077,2.080366649810928,-2.4162110168525315,2013,True,,
matern32,1,52614.419684259665,True,109,False,1.770891056061928,2.0928816407901536,-2.406447282856023,2013,False,,
matern32,2,52613.50696789619,True,121,False,1.7475489664501322,2.0855938304152546,-2.408988073787178,2013,True,,
matern32,3,52614.48813431263,True,139,False,1.7638984028718672,2.0864280983937684,-2.417372452084207,2013,False,,
matern32,4,52613.779389165196,True,97,False,1.7551696885327732,2.084731573642559,-2.398165768473476,2013,True,,
matern32,5,52614.0057262066,True,121,False,1.7521229981892101,2.0861867258800495,-2.393175454799636,2013,True,,
matern32,6,52613.84549399043,True,138,False,1.7391774918868361,2.0785153592475862,-2.41621101685253,2013,True,,
matern32,7,52613.97759927182,True,161,False,1.751942222928678,2.08579972791802,-2.3935412391360855,2013,True,,
matern32,8,52613.503836369186,True,97,False,1.7440421117817222,2.085762329014865,-2.400354013750173,2013,True,,
matern32,9,52613.7877009456,True,151,False,1.7370477035328176,2.0786453611704405,-2.397552973755185,2013,True,,
matern32,10,52613.798330597405,True,115,False,1.744060430834817,2.0871373964042617,-2.3965972924918963,2013,True,,
matern32,11,52613.87192101503,True,115,False,1.7599695062358551,2.0918017135031866,-2.4039175091187954,2013,True,,
matern32,12,52613.59996999371,True,139,False,1.7581664132719597,2.0854858849076368,-2.4098584597354296,2013,True,,
matern32,13,52613.600187301025,True,97,False,1.7453366497812473,2.084404157414909,-2.41101544300012,2013,True,,
matern32,14,52613.595635237805,True,126,False,1.7348157125637922,2.0783476522872473,-2.4008276476076102,2013,True,,
matern32,15,52613.96824954641,True,145,False,1.7399494815009895,2.0800047057246145,-2.4167162597145846,2013,True,,
matern32,16,52614.27494540267,True,149,False,1.7324853025215072,2.078944038853538,-2.3935412391360855,2013,False,,
matern32,17,52614.19640608621,True,169,False,1.766475413192369,2.0890345487615094,-2.411628709036205,2013,False,,
matern32,18,52613.489445164785,True,127,False,1.7465156385932918,2.0857271983648746,-2.3983208771074302,2013,True,,
matern32,19,52613.87910773532,True,127,False,1.75668875123245,2.0899429484850574,-2.395660474081852,2013,True,,
matern52,0,53471.75853404713,True,115,False,1.6628599284077277,1.7846325351343653,-2.234852795120979,2013,False,,
matern52,1,53471.45566649805,True,121,False,1.6854655410983492,1.7953781011590262,-2.2245720838011724,2013,True,,
matern52,2,53471.71593450884,True,109,False,1.6812008600952446,1.7909176872163823,-2.224094294058533,2013,False,,
matern52,3,53471.471191563294,True,109,False,1.6780529747987822,1.795682906765148,-2.225258964560345,2013,True,,
matern52,4,53471.43419085292,True,127,False,1.6798172568526524,1.7934090204593314,-2.2399393298649057,2013,True,,
matern52,5,53471.83644625898,True,103,False,1.6622471297256738,1.786056172907324,-2.230066780513126,2013,False,,
matern52,6,53471.31066557742,True,115,False,1.6820234444424476,1.7927321966552827,-2.2260348701113357,2013,True,,
matern52,7,53472.825788776594,True,127,False,1.6628599284077272,1.7814630699713911,-2.2473105971165857,2013,False,,
matern52,8,53471.87904023544,True,139,False,1.6633194679126817,1.7847158430702965,-2.2310253416588597,2013,False,,
matern52,9,53471.71947339926,True,109,False,1.6931429610558444,1.7959720375793735,-2.239675572853369,2013,False,,
matern52,10,53471.11796401696,True,173,False,1.6870470544911675,1.7921413808196753,-2.234852795120977,2013,True,,
matern52,11,53471.2388412065,True,127,False,1.6849489379575289,1.7959934391479577,-2.234387287729919,2013,True,,
matern52,12,53471.63032465281,True,121,False,1.6761768358799625,1.790651220355288,-2.2239772968617015,2013,False,,
matern52,13,53471.26921107169,True,157,False,1.690812202199718,1.7938227180570332,-2.231944595434545,2013,True,,
matern52,14,53471.412652771985,True,127,False,1.6660158633862923,1.7887153402709488,-2.232194087592869,2013,True,,
matern52,15,53472.05424012472,True,121,False,1.6661542533328026,1.7859558580190489,-2.2262740822288616,2013,False,,
matern52,16,53471.253763572095,True,139,False,1.6883212558022695,1.791488290056841,-2.233732725671057,2013,True,,
matern52,17,53471.95691853971,True,115,False,1.688475672768286,1.7917528997259826,-2.2451961417818485,2013,False,,
matern52,18,53471.0396199563,True,115,False,1.685233221345817,1.7924072864411495,-2.2350137999300013,2013,True,,
matern52,19,53471.73336827202,True,145,False,1.6951820470790961,1.7979241084467117,-2.2362901943893037,2013,False,,
periodic,0,60646.767350481445,True,103,False,1.6448709823687115,0.12232483306530892,-1.6681083522098765,2013,False,,
periodic,1,60646.16477274774,True,120,False,1.662859928407727,0.12824923259315313,-1.6613504612707732,2013,True,,
periodic,2,60646.07994985295,True,121,False,1.6630248639755203,0.13145571167000034,-1.6633691614127373,2013,True,,
periodic,3,61148.524959453185,False,240,False,1.3415462563455507,-0.057561606033674106,-1.6907781299263278,2013,False,,
periodic,4,60646.021884763104,True,133,False,1.656951554951321,0.12884599921767978,-1.6624045144195663,2013,True,,
periodic,5,60647.31936444824,True,139,False,1.670435983061926,0.13030535183491587,-1.6735647534200155,2013,False,,
periodic,6,60646.90875573091,True,121,False,1.6695817177639936,0.1334786921657211,-1.6696711053031583,2013,False,,
periodic,7,60646.68845829864,True,181,False,1.6604580630235932,0.13451848918327883,-1.6533756816801792,2013,False,,
periodic,8,60646.13500483459,True,109,False,1.652861171791727,0.12660213239510804,-1.6641273289537293,2013,True,,
periodic,9,60646.8290660301,True,133,False,1.662712394258252,0.1252715684608888,-1.671734791049753,2013,False,,
periodic,10,60646.2053161585,True,115,False,1.655470382874844,0.12615068497184015,-1.6666400201695488,2013,True,,
periodic,11,60647.07623947179,True,151,False,1.6661631051369568,0.12772387497447088,-1.6734385340183189,2013,False,,
periodic,12,60646.39256281352,True,91,False,1.6628599284077272,0.12957548464916654,-1.6566293354253565,2013,True,,
periodic,13,60646.56899982297,True,150,False,1.6701830809693123,0.1313271563739413,-1.6681083522098752,2013,True,,
periodic,14,60646.639935892315,True,139,False,1.6561758700222884,0.1246506033328243,-1.6710458296469428,2013,False,,
periodic,15,60646.151834923716,True,127,False,1.6619406362014373,0.1294288713815238,-1.659258458868254,2013,True,,
periodic,16,60646.19828970882,True,115,False,1.6662519157451232,0.13093212389489012,-1.659496587211751,2013,True,,
periodic,17,60646.01459027092,True,121,False,1.658848818029721,0.12912078278413697,-1.6624752297379668,2013,True,,
periodic,18,60647.329896670446,True,115,False,1.6598168555656014,0.1243558374729686,-1.675354034070512,2013,False,,
periodic,19,60647.088315760986,True,121,False,1.644717119665797,0.12213565178887134,-1.6717335339489214,2013,False,,
locally_periodic,0,52630.11937169562,True,196,True,1.7348157125637915,2.302585092994046,2.0803666498109283,2013,False,-2.4162110168525315,
locally_periodic,1,52637.94717755128,False,240,False,1.6984295839220644,2.2162504248635497,2.0842024973158133,2013,False,-2.381317196540659,
locally_periodic,2,52630.1194567451,True,235,True,1.7180251195292209,2.302585092994046,2.0786665548148404,2013,False,-2.398723865852173,
locally_periodic,3,52661.377136432086,False,240,True,1.8304918676064892,2.302585092994046,2.095318707518105,2013,False,-2.3863123480445236,
locally_periodic,4,52629.66187010988,True,214,True,1.754830544632131,2.302585092994046,2.096324579953507,2013,True,-2.404725357328708,
locally_periodic,5,52629.181088876896,True,166,True,1.7324168019743633,2.302585092994046,2.0859035206760446,2013,True,-2.397764366993208,
locally_periodic,6,52631.118891247126,False,240,True,1.7720178544614258,2.302585092994046,2.1017370290585218,2013,False,-2.390857282649643,
locally_periodic,7,52630.58955298449,True,218,True,1.7236969724664246,2.302585092994046,2.076994961596927,2013,False,-2.416211016852534,
locally_periodic,8,52629.75232256495,True,144,True,1.729888021276847,2.302585092994046,2.084844171018742,2013,False,-2.3909600965838624,
locally_periodic,9,52693.6016479412,False,240,False,1.7384001058157053,1.5785608608573334,2.0967963228485154,2013,False,-2.3655928172784177,
locally_periodic,10,52629.52346681371,False,240,True,1.7389530457543405,2.302585092994046,2.0932382843364277,2013,True,-2.397025789181163,
locally_periodic,11,52629.34741916435,True,225,True,1.7460261822393337,2.302585092994046,2.0852664992374343,2013,True,-2.4061965719030827,
locally_periodic,12,52630.21524535974,True,218,True,1.7387696377022777,2.302585092994046,2.0802085195226896,2013,False,-2.4162110168525297,
locally_periodic,13,52663.246297135935,False,240,True,1.7058382773758773,2.302585092994046,2.06575595501642,2013,False,-2.3349713558305276,
locally_periodic,14,52752.525750294604,False,240,False,1.808511624391651,2.134789394479009,2.162515014998863,2013,False,-2.2448145286784786,
locally_periodic,15,52629.40407541316,True,170,True,1.7370323739709908,2.302585092994046,2.0821387144399752,2013,True,-2.409026585729797,
locally_periodic,16,52629.834410228184,True,129,True,1.733949670709417,2.302585092994046,2.091095650845586,2013,False,-2.3896819720415845,
locally_periodic,17,52630.18663658112,True,200,True,1.7624280536448258,2.302585092994046,2.098097798092159,2013,False,-2.3911655531029963,
locally_periodic,18,52863.592527244444,False,240,False,1.5896938134091503,1.9252194790056165,2.103061782060414,2013,False,-2.207129267130269,
locally_periodic,19,52708.19922186283,False,240,False,1.7638187915857273,2.0723265836946414,2.1581274162294197,2013,False,-2.29368162414619,
additive,0,51956.255303922226,True,240,False,1.5189483600955995,1.2160527522374807,0.7094457883398805,2013,True,1.636765477796084,-2.46155057228542
additive,1,51962.97022628685,False,240,False,1.4991441185970056,1.1641175513826014,0.6642792486219292,2013,False,1.5922380914406322,-2.4934964136890616
additive,2,52038.998114900765,False,240,False,1.2935261287252064,1.8420680743952358,0.9786819368561062,2013,False,1.7833865843189018,-2.430205035304894
additive,3,52783.59672178494,False,240,False,1.903665015927633,0.8440021135864078,-0.36332568120022424,2013,False,0.9990129836702568,-2.7789274603156398
additive,4,52361.80767994113,False,240,False,1.680848874446744,0.8656142959325337,-0.11932030296874918,2013,False,1.2000047098546691,-2.5975692385840827
additive,5,52684.8908982032,False,240,False,-2.1060922358618477,-1.9348883157850243,1.955041365628806,2013,False,2.2939523992995565,-8.219674112262224
additive,6,52080.151779169784,False,240,False,1.2491141695103607,2.2450204656691946,1.1430426677056456,2013,False,1.7599754765046551,-2.546914898544942
additive,7,52882.535770838644,False,240,True,-0.6217362185473017,2.302585092994046,2.002727290443629,2013,False,2.205692503783664,-2.545104216240955
additive,8,52541.79293514273,False,240,False,-2.183332291571767,-2.0212816423453748,1.782973430210494,2013,False,2.158607163680728,-11.665480325161726
additive,9,51972.294089043935,False,240,False,1.5368725827553789,1.093727919172172,0.6077113037910812,2013,False,1.5652184006828465,-2.506890127718306
additive,10,52103.055482564996,False,240,False,1.6971201198972659,0.9808400093566434,0.23145772938703202,2013,False,1.3981611654067838,-2.5888131789298092
additive,11,51957.393394734216,False,240,False,1.4733799558070306,1.2676685268349346,0.7654800942208353,2013,False,1.6514448254199412,-2.467421703420918
additive,12,52047.765804478346,False,240,False,1.5636610223274177,1.097946570841835,0.5232529407606687,2013,False,1.6362478290819993,-2.41621101685253
additive,13,52121.05592829648,False,240,False,1.3930257378224895,1.842068074395237,1.121927521996624,2013,False,1.8750131498820835,-2.395728581514054
additive,14,52159.31637492348,False,240,False,1.7034620816528627,0.9572723138491144,0.13233625643213065,2013,False,1.3382605927752456,-2.5975692385840827
additive,15,52382.53108843134,False,240,False,-1.553475190613687,-0.7904116633613166,1.7219528534674222,2013,False,2.304914025318055,-2.432721118112295
additive,16,52762.728414262594,False,240,False,0.1606260840135671,-0.2769698892347374,1.536937306134616,2013,False,2.8111434105774826,-2.2231294590086264
additive,17,52069.56204465547,False,240,False,1.217602851284707,1.7269388197455346,1.1594637529049916,2013,False,1.8255694374839508,-2.377884638398963
additive,18,52548.54729917692,False,240,False,-2.2109244332363756,-1.9817864499884368,1.8047120752591923,2013,False,2.1787349747437372,-5.04590523196005
additive,19,52079.586448405236,False,240,False,1.3177780213324304,2.0723265836946405,1.1238519816576082,2013,False,1.7839711922234067,-2.5602642400090883
se,0,56784.75590188145,True,133,False,1.5970423881022797,1.3903203822322816,-2.024686551822366,2014,True,,
se,1,56784.9702314706,True,109,False,1.593042549973571,1.3930979326829518,-2.0257955985821052,2014,True,,
se,2,56784.46884533807,True,109,False,1.5940047898479652,1.3880624193267759,-2.0285444797309196,2014,True,,
se,3,56784.53449459334,True,115,False,1.592124297659545,1.3889326570348246,-2.02482681905218,2014,True,,
se,4,56784.7666045011,True,127,False,1.5892505580805854,1.3868821107808758,-2.023437347155689,2014,True,,
se,5,56784.80139570593,True,121,False,1.5986830590165149,1.3910969972368483,-2.027805025569621,2014,True,,
se,6,56784.53722563943,True,121,False,1.5798766546475675,1.386689457634407,-2.0272380818081857,2014,True,,
se,7,56786.41890524594,True,109,False,1.5984746749025431,1.3954610807675614,-2.0152998554081485,2014,False,,
se,8,56784.86592006094,True,188,False,1.5932062910692766,1.3865045753611525,-2.0246865518223682,2014,True,,
se,9,56784.783361083,True,149,False,1.580294914348461,1.3857957404388068,-2.024686551822364,2014,True,,
se,10,56784.81756768995,True,121,False,1.5899877941704033,1.391967812468691,-2.029563013656851,2014,True,,
se,11,56785.0094043127,True,139,False,1.5918733306238673,1.3903203822322816,-2.035629992389459,2014,True,,
se,12,56785.16270693446,True,121,False,1.5928300567681177,1.3876464768172636,-2.0392725514981094,2014,False,,
se,13,56784.56236574442,True,201,False,1.5889126186821234,1.3906281884112108,-2.0246865518223682,2014,True,,
se,14,56784.455590186146,True,115,False,1.5840093666101136,1.386651797054887,-2.0267107009761,2014,True,,
se,15,56785.28887483329,True,103,False,1.589006092802536,1.390352729854488,-2.0372463354951647,2014,False,,
se,16,56784.44596865667,True,133,False,1.591432032278505,1.3878446960947235,-2.026724627684754,2014,True,,
se,17,56784.622078976055,True,133,False,1.5950596040174454,1.3865944981039489,-2.0317895078546613,2014,True,,
se,18,56845.25010719983,False,240,False,1.6042760345830989,1.34335321574805,-2.0473563295388164,2014,False,,
se,19,56784.885947874645,True,121,False,1.5906167030088154,1.3859978159978947,-2.0242273490673424,2014,True,,
matern32,0,53268.8357403609,True,97,False,1.7409539564144079,2.0803666498109283,-2.4100727730019154,2014,True,,
matern32,1,53269.42289630316,True,103,False,1.7663364846060494,2.0893017016049105,-2.4039835012816946,2014,False,,
matern32,2,53268.861022695586,True,79,False,1.7438738541239824,2.080920399568818,-2.418445994629497,2014,True,,
matern32,3,53269.12338563608,True,139,False,1.7653086496926638,2.085898737008519,-2.418294670201254,2014,True,,
matern32,4,53268.95549003832,True,115,False,1.7647752384859534,2.089713189203392,-2.4132403932595925,2014,True,,
matern32,5,53268.77720736939,True,154,False,1.7425694791797401,2.0812235742343232,-2.4100727730019136,2014,True,,
matern32,6,53269.23527493118,True,188,False,1.7395932080775798,2.0756605969238233,-2.410072773001918,2014,False,,
matern32,7,53269.59369247631,True,109,False,1.7298168695695837,2.073672441401244,-2.418231103397086,2014,False,,
matern32,8,53269.39092152528,True,115,False,1.7714306699261722,2.091059346202839,-2.415713691457257,2014,False,,
matern32,9,53268.65072963128,True,143,False,1.7549017923040349,2.0847442308899877,-2.4100727730019136,2014,True,,
matern32,10,53269.37615688592,True,155,False,1.7409539564144063,2.0764949428678414,-2.424610319864749,2014,False,,
matern32,11,53268.91416096348,True,145,False,1.7562519738956284,2.0880247641043064,-2.40525597345272,2014,True,,
matern32,12,53268.810151041485,True,127,False,1.759401664591635,2.084936912692272,-2.410591480631976,2014,True,,
matern32,13,53269.014746819565,True,127,False,1.7541059825596623,2.079747862073396,-2.4203590588250514,2014,True,,
matern32,14,53268.7687724168,True,121,False,1.7560400623177108,2.0821617534496304,-2.416193700827415,2014,True,,
matern32,15,53269.892999227595,True,139,False,1.7272643161765424,2.0710713505015717,-2.4168959842974305,2014,False,,
matern32,16,53269.417629222175,True,109,False,1.7338805565871585,2.0752290757386778,-2.420701134143356,2014,False,,
matern32,17,53268.918251185736,True,138,False,1.758942902453423,2.0838425057701313,-2.410072773001914,2014,True,,
matern32,18,53269.66273673239,True,103,False,1.7589950390384272,2.0809881959573846,-2.4270227232685118,2014,False,,
matern32,19,53269.15132671624,True,172,False,1.7350829139970092,2.0774405355769723,-2.410072773001918,2014,True,,
matern52,0,54137.62728643257,True,121,False,1.68698711829736,1.7928473716531586,-2.2287145512703628,2014,False,,
matern52,1,54137.63030195858,True,108,False,1.6872315457764195,1.7929001938828866,-2.2287145512703614,2014,False,,
matern52,2,54137.019529172365,True,127,False,1.6869871182973595,1.7916064341043108,-2.2465138206565065,2014,True,,
matern52,3,54137.83674052861,True,139,False,1.6680725900773004,1.7862584699632285,-2.2342850376842702,2014,False,,
matern52,4,54138.355745341476,True,115,False,1.6848781163217155,1.7855003385925639,-2.2553735323415127,2014,False,,
matern52,5,54137.040114949006,True,121,False,1.6856907667517707,1.790069626439735,-2.2366352160769005,2014,True,,
matern52,6,54138.03980199332,True,121,False,1.6700265130361611,1.7887669880933534,-2.229524470092978,2014,False,,
matern52,7,54137.4828022293,True,145,False,1.6683512039195827,1.7864365304294967,-2.24342028379273,2014,False,,
matern52,8,54137.3252155159,True,133,False,1.6756523433404806,1.7928289533329864,-2.232441266093971,2014,True,,
matern52,9,54137.78088721982,True,121,False,1.6781494625649307,1.7890257421755427,-2.252213604279775,2014,False,,
matern52,10,54136.92437532844,True,127,False,1.6791371398346282,1.7921278431773202,-2.2417079469218963,2014,True,,
matern52,11,54138.28478351873,True,145,False,1.6684191579038625,1.7837726938834608,-2.252258279121297,2014,False,,
matern52,12,54137.13224646154,True,127,False,1.692367216568897,1.7967874672151773,-2.233225589375118,2014,True,,
matern52,13,54137.86466990356,True,167,False,1.6729150393080232,1.790951300938517,-2.228714551270361,2014,False,,
matern52,14,54137.12950975934,True,121,False,1.6760513419446108,1.7924533150699926,-2.234964937506998,2014,True,,
matern52,15,54137.65906840586,True,155,False,1.6901586358359666,1.7988840897422862,-2.2287145512703606,2014,False,,
matern52,16,54136.83845308355,True,145,False,1.6843055123271673,1.794294513093043,-2.2386279029195055,2014,True,,
matern52,17,54137.47711218204,True,150,False,1.684333505843835,1.7941083807171396,-2.228714551270361,2014,False,,
matern52,18,54137.71765295766,True,155,False,1.6917681928724935,1.7940405523028096,-2.228714551270361,2014,False,,
matern52,19,54137.30416241444,True,103,False,1.6725461155268955,1.7867875850501005,-2.2381671807826993,2014,True,,
periodic,0,61416.19881393175,True,109,False,1.6689981722583438,0.1367159898965217,-1.6619701083592604,2014,True,,
periodic,1,61416.12083195328,True,121,False,1.66332185757426,0.12753623736964306,-1.6693873656717375,2014,True,,
periodic,2,61416.08787102176,True,221,False,1.6681269430224268,0.13538290648494988,-1.6619701083592586,2014,True,,
periodic,3,61416.08475722738,True,157,False,1.6722293475922791,0.13084652182412218,-1.667893997222033,2014,True,,
periodic,4,61416.118799005344,True,133,False,1.6691164888750136,0.135964973624728,-1.666042045089051,2014,True,,
periodic,5,61416.071945065174,True,127,False,1.6625907779838016,0.12792213560778865,-1.6668388486700147,2014,True,,
periodic,6,61415.9587830293,True,133,False,1.6627084953445808,0.1329132720210725,-1.666190299050222,2014,True,,
periodic,7,61416.39909624049,True,109,False,1.6627967979999296,0.1336017919459987,-1.6580978222474492,2014,True,,
periodic,8,61416.264677740895,True,103,False,1.6738740204119644,0.13590271243106494,-1.668744770294824,2014,True,,
periodic,9,61417.01313592911,True,121,False,1.6689981722583433,0.1329342772820985,-1.67687337045446,2014,False,,
periodic,10,61416.892604114575,True,127,False,1.6765759738962551,0.13163663311993218,-1.6756001517879773,2014,False,,
periodic,11,61417.005340533404,True,133,False,1.6689981722583433,0.1322753569168466,-1.6551192587567944,2014,False,,
periodic,12,61416.25642800419,True,133,False,1.671433105329205,0.13397018765507465,-1.671085874794595,2014,True,,
periodic,13,61416.27952137757,True,115,False,1.6749876226591092,0.13754218851004807,-1.6645088988884693,2014,True,,
periodic,14,61417.25153084105,True,127,False,1.6715206216686205,0.13675620401755048,-1.6528368434138128,2014,False,,
periodic,15,61416.60398328885,True,133,False,1.6548406413321357,0.12610908872623916,-1.6742310861874332,2014,False,,
periodic,16,61416.26200411255,True,207,False,1.6711686424960581,0.1374167175817814,-1.6619701083592626,2014,True,,
periodic,17,61417.17633802316,True,127,False,1.6547487755140733,0.12605490058471858,-1.6782342670793964,2014,False,,
periodic,18,61416.27406670701,True,103,False,1.654435731450998,0.12811707329846972,-1.6637450246518153,2014,True,,
periodic,19,61415.90034842419,True,127,False,1.667369202320942,0.13165220291568566,-1.665829866847094,2014,True,,
locally_periodic,0,53284.788151895234,True,196,True,1.7589429024534238,2.302585092994046,2.096796322848515,2014,True,-2.4100727730019154,
locally_periodic,1,53284.62434502192,True,146,True,1.7389390234949447,2.302585092994046,2.0893422079132815,2014,True,-2.4096246651766804,
locally_periodic,2,53284.49169438778,True,131,True,1.7405054919594816,2.302585092994046,2.089615562053679,2014,True,-2.40502814077944,
locally_periodic,3,53285.02313218247,True,168,True,1.7668651156887214,2.302585092994046,2.096964479741775,2014,False,-2.408261795058977,
locally_periodic,4,53284.43958908311,True,196,True,1.7448755076991886,2.302585092994046,2.0853397538942255,2014,True,-2.4100727730019136,
locally_periodic,5,53284.724534050794,True,181,True,1.7370298812368772,2.302585092994046,2.0893481901317688,2014,True,-2.4036930570309702,
locally_periodic,6,53292.357705711,False,240,True,1.6837098320534403,2.302585092994046,2.0638951811418287,2014,False,-2.4100727730019136,
locally_periodic,7,53320.181078630965,False,240,False,1.8308986866094872,2.072326583694641,2.097954250086148,2014,False,-2.4375354064559556,
locally_periodic,8,53284.89881271415,True,239,True,1.7321567242466138,2.302585092994046,2.0846132045577224,2014,True,-2.402514169045788,
locally_periodic,9,53284.517332042844,True,154,True,1.7530034967257648,2.302585092994046,2.0948436070926926,2014,True,-2.404972565569002,
locally_periodic,10,53290.776905468374,False,240,True,1.7293629343716705,2.302585092994046,2.1017417765762043,2014,False,-2.3887018372772406,
locally_periodic,11,53284.887482672435,True,205,True,1.7573001241826018,2.302585092994046,2.0959264428930107,2014,True,-2.4132797735098612,
locally_periodic,12,53284.538512459745,True,232,True,1.7437362304225479,2.302585092994046,2.0842099700555226,2014,True,-2.410072773001918,
locally_periodic,13,53285.49371830962,True,239,True,1.754959483547809,2.302585092994046,2.085645800547191,2014,False,-2.422623960072559,
locally_periodic,14,53284.687575359574,True,196,True,1.738314747977384,2.302585092994046,2.0870560178727087,2014,True,-2.4144884734455756,
locally_periodic,15,53284.76426156648,True,115,True,1.7343645403939207,2.302585092994046,2.0826146576289455,2014,True,-2.4057854568927666,
locally_periodic,16,53284.47618634002,True,157,True,1.7501784951229817,2.302585092994046,2.0886040076090944,2014,True,-2.4052623465960634,
locally_periodic,17,53838.80905359912,False,240,False,1.7053086706351017,0.6756736719484644,2.293952399299558,2014,False,-2.2287145512703606,
locally_periodic,18,53284.937097636575,True,181,True,1.732972950084851,2.302585092994046,2.08186279714733,2014,True,-2.404591985891767,
locally_periodic,19,53336.212280335036,False,240,False,1.8328199465031736,2.078094131968011,2.1625150149988617,2014,False,-2.4100727730019136,
additive,0,52602.25193968383,False,240,False,1.5250866039462159,1.2376394874843002,0.7155840321904966,2014,True,1.636765477796084,-2.4780821061512475
additive,1,55594.9858462963,False,240,False,2.2172603447488908,0.805904782547916,-0.9085862221863614,2014,False,0.34618716942270633,-4.2236549903174465
additive,2,55758.82880920735,False,240,False,1.6869871182973593,0.5825301012789877,-0.8455919634719722,2014,False,0.2716925893614075,-6.762670094559187
additive,3,53489.771733382935,False,240,False,0.47375885335864076,-0.20409622921870402,1.4711197658291686,2014,False,3.0783900867283513,-2.1927809640636133
additive,4,53471.37193126952,False,240,False,0.36811460842515464,-0.26071937379324955,1.5217033134728157,2014,False,3.014951305579263,-2.2308831539259564
additive,5,52610.922676491784,False,240,False,1.5811287091376982,1.1164096781773405,0.5952136327677594,2014,False,1.5892422477255117,-2.4964839895392084
additive,6,53150.49602936771,False,240,False,-0.9363130313629688,-0.6012923884434567,1.6869871182973604,2014,False,2.4170793601439677,-2.3054658037791924
additive,7,53794.618754708164,False,240,False,1.931189788293667,0.7590258000339616,-0.636857985016553,2014,False,0.9665829607037977,-2.4100727730019185
additive,8,52605.161975404386,False,240,False,1.4791036429645614,1.201066186097751,0.7323395731991645,2014,False,1.6272788747076483,-2.487550518647228
additive,9,53312.90549800974,False,240,False,-2.092490708755091,-1.8808390693562558,1.928929385041812,2014,False,2.2780005908596164,-4.767729655512104
additive,10,52613.732597448994,False,240,False,1.5430755499852324,1.1225102328345975,0.5772616146125985,2014,False,1.564375460906036,-2.4829435635892416
additive,11,53447.75238902778,False,240,False,0.2601717399716581,-0.27712026553611274,1.545132957006139,2014,False,2.862619866096003,-2.261420948675956
additive,12,52607.34473085971,False,240,False,1.4711197658291684,1.2664218011467254,0.7842656291506213,2014,False,1.6464228706141897,-2.4949608984151483
additive,13,52801.1354651062,False,240,False,1.6800412291692035,0.90898902875161,0.1437082926815752,2014,False,1.3419284665148796,-2.5914309947334666
additive,14,53038.918989777594,False,240,False,-1.863005117001506,-0.8671219184965989,1.7460848529071793,2014,False,2.278015086852245,-2.427979194105069
additive,15,53052.10712128092,False,240,False,-1.4628448518296786,-0.7446902286497352,1.7697997110856685,2014,False,2.34090683669171,-2.434938346436197
additive,16,52647.25507172606,False,240,False,1.6080804969907978,1.0361632918473211,0.4116392631526028,2014,False,1.502545958435633,-2.4824327510251982
additive,17,53294.28651190253,False,240,False,-2.1425925753541737,-1.9877762886250445,1.974810254921615,2014,False,2.2652543998075925,-8.576252311874713
additive,18,55741.40238383131,False,240,False,1.9325820511407124,0.6818034188429668,-0.8822266489590398,2014,False,0.255221985940028,-6.161730883639307
additive,19,52980.74103780133,False,240,False,1.7378342195544338,0.891275153596071,-0.061737986600246486,2014,False,1.204055510317449,-2.5914309947334666
se,0,57520.53246652822,True,127,False,1.5803979131118557,1.382105545713488,-2.046011858490218,2015,False,,
se,1,57519.72829072979,True,109,False,1.5803979131118555,1.3870760636195898,-2.0283670976923704,2015,True,,
se,2,57520.446404230504,True,113,False,1.5803979131118557,1.3886498822391398,-2.022649643061228,2015,False,,
se,3,57520.910620868846,True,213,False,1.5926037237209107,1.379901416043699,-2.046011858490219,2015,False,,
se,4,57520.349174301635,True,121,False,1.598536218131778,1.3910700224325812,-2.024271402714299,2015,False,,
se,5,57550.32052469943,False,240,False,1.6067762840398723,1.3556501459706307,-2.046011858490224,2015,False,,
se,6,57520.55991436266,True,184,False,1.580590753601591,1.3812014361068636,-2.046011858490219,2015,False,,
se,7,57521.59781624228,True,109,False,1.5926587156815297,1.3932852755276774,-2.0174530227505487,2015,False,,
se,8,57520.62604412508,True,183,False,1.5788908558128063,1.3813727046277569,-2.046011858490219,2015,False,,
se,9,57519.40655000496,True,97,False,1.5913897489000242,1.3872266247630993,-2.0359248829712753,2015,True,,
se,10,57519.513279622595,True,91,False,1.5862293179963367,1.3884123742856884,-2.032846543209961,2015,True,,
se,11,89095.54372408433,False,240,False,1.3356145895178937,0.14611575565740348,-8.937624284289205,2015,False,,
se,12,57520.211741508276,True,91,False,1.5944749071992503,1.3916500619667787,-2.0255344348274504,2015,False,,
se,13,57520.10708695798,True,103,False,1.584125627501069,1.3903143650836285,-2.026211104359795,2015,False,,
se,14,57520.205342049536,True,133,False,1.584131914625713,1.387849414011426,-2.040805682132583,2015,False,,
se,15,57520.16662871289,True,109,False,1.6013226560709226,1.3909277499471102,-2.0284994173535154,2015,False,,
se,16,57519.66223843122,True,127,False,1.5845461410963675,1.3889628421350546,-2.0314547730848833,2015,True,,
se,17,57520.299703600656,True,91,False,1.5853274487232638,1.3906291263919996,-2.0239208708115206,2015,False,,
se,18,57519.67608356511,True,103,False,1.594969332441309,1.3897960943422942,-2.0303063118956315,2015,True,,
se,19,57520.66181556287,True,195,False,1.5870868917445398,1.3800132142558257,-2.046011858490219,2015,False,,
matern32,0,53934.50335095566,True,97,False,1.7422984274629998,2.0803666498109283,-2.4087283019533237,2015,False,,
matern32,1,53934.74368264328,True,121,False,1.733559548110053,2.0719035556239107,-2.428185054263789,2015,False,,
matern32,2,53934.331367489285,True,148,False,1.755529404780009,2.0818709738111933,-2.431398079669765,2015,True,,
matern32,3,53933.872626978264,True,121,False,1.743039421757624,2.078501618826263,-2.420046832273506,2015,True,,
matern32,4,53934.36190220121,True,109,False,1.7348852600966336,2.0762597907586366,-2.417214576476684,2015,False,,
matern32,5,53934.217478582286,True,204,False,1.742298427463001,2.0803666498109297,-2.4118069100661335,2015,True,,
matern32,6,53934.26603225288,True,103,False,1.764788549153379,2.0908283627990656,-2.4190715569248322,2015,True,,
matern32,7,53934.37833292391,True,143,False,1.7574409651864893,2.0828781996707844,-2.431398079669766,2015,False,,
matern32,8,53933.88785027235,True,109,False,1.7567976508277487,2.08531867654051,-2.4235246234635275,2015,True,,
matern32,9,53934.35686051307,True,114,False,1.7592499442168419,2.0859899678425036,-2.408728301953322,2015,False,,
matern32,10,53933.834783278915,True,115,False,1.7490086542722008,2.0786741008675644,-2.419070975467959,2015,True,,
matern32,11,53934.15936398709,True,121,False,1.737415815309948,2.0762212230415367,-2.419547223863892,2015,True,,
matern32,12,53933.806443299574,True,133,False,1.7459835297889499,2.0793755744893234,-2.4180835733864074,2015,True,,
matern32,13,53934.02600214,True,121,False,1.749532535843534,2.085125906203465,-2.419476493914141,2015,True,,
matern32,14,53934.91782798449,True,149,False,1.7717618002304503,2.092723366166424,-2.408728301953321,2015,False,,
matern32,15,53934.274081892,True,139,False,1.7526908291989123,2.0870831476343104,-2.4098514542593272,2015,True,,
matern32,16,53934.00056134333,True,115,False,1.756362859481239,2.085828942501481,-2.42417085008727,2015,True,,
matern32,17,53934.044617868865,True,97,False,1.7477361190254548,2.084341243113885,-2.413646183120407,2015,True,,
matern32,18,53934.1609806358,True,121,False,1.7403437689226116,2.0776696757722415,-2.4255489607292757,2015,True,,
matern32,19,53934.83395537111,True,175,False,1.7717870314498159,2.091137829605655,-2.4267309928715983,2015,False,,
matern52,0,54817.78458458424,True,121,False,1.6883315893459518,1.7928473716531586,-2.2500398579382153,2015,True,,
matern52,1,54817.938771479516,True,201,False,1.6914417571664178,1.7874177764436496,-2.250039857938216,2015,True,,
matern52,2,54818.49588537298,True,132,False,1.6703426433069357,1.7837709482691706,-2.2422255003675073,2015,False,,
matern52,3,54817.81391033235,True,195,False,1.683245945953453,1.785771087696158,-2.250039857938216,2015,True,,
matern52,4,54818.60604783416,True,115,False,1.7013053622605636,1.7991554871562905,-2.2374479022185785,2015,False,,
matern52,5,54817.94429041515,True,133,False,1.6866822131047259,1.7857748731550138,-2.2489790487897436,2015,True,,
matern52,6,54817.67851647609,True,191,False,1.6901415712349492,1.789071067785325,-2.2500398579382126,2015,True,,
matern52,7,54818.39251759211,True,97,False,1.6970574716827167,1.7919505056620812,-2.255938602422393,2015,False,,
matern52,8,54818.41304798606,True,115,False,1.6771863775377083,1.7923559156113906,-2.2358608238592304,2015,False,,
matern52,9,54819.562465854826,True,121,False,1.7110091229715603,1.802565388630977,-2.238661074502006,2015,False,,
matern52,10,54817.71413862164,True,139,False,1.6853572035457758,1.7868937487647318,-2.2492893149727373,2015,True,,
matern52,11,54818.28465687253,True,121,False,1.6954573994499273,1.796718623282889,-2.236358361490704,2015,False,,
matern52,12,54818.46220569774,True,126,False,1.6883315893459516,1.79263581606956,-2.2335885748864657,2015,False,,
matern52,13,54817.759534910016,True,121,False,1.6859332238088056,1.7866995499138,-2.248360875386487,2015,True,,
matern52,14,54818.63309708478,True,79,False,1.675833690187706,1.788108753153262,-2.235006937191592,2015,False,,
matern52,15,54818.316821788874,True,109,False,1.6686469604197844,1.7839527888190168,-2.2486830331715293,2015,False,,
matern52,16,54818.11654974341,True,115,False,1.6726992111178307,1.7875303248297656,-2.241084733529117,2015,True,,
matern52,17,54819.52831755378,True,145,False,1.6655871045627375,1.779134677338205,-2.2580538553449383,2015,False,,
matern52,18,54817.98113588609,True,109,False,1.6935462371212553,1.7958037722207991,-2.24764666574688,2015,True,,
matern52,19,54817.867203782735,True,167,False,1.684932546656345,1.7857495722347458,-2.2500398579382126,2015,True,,
periodic,0,62214.71870341113,True,109,False,1.6703426433069357,0.1367159898965217,-1.6606256373106683,2015,False,,
periodic,1,62214.98980244,True,127,False,1.6714530579828466,0.13304857576533174,-1.6579959850430614,2015,False,,
periodic,2,62215.89718301092,True,115,False,1.6751127266126864,0.13896281878048838,-1.65433912046393,2015,False,,
periodic,3,62214.04697623683,True,133,False,1.6624181573173507,0.1312343567805303,-1.6709018628944183,2015,True,,
periodic,4,62214.914688186254,True,127,False,1.6703426433069355,0.1311477033668922,-1.659004457879066,2015,False,,
periodic,5,62214.392856442675,True,115,False,1.6554954368816517,0.12883253294762861,-1.664393882798203,2015,True,,
periodic,6,62215.07181359427,True,114,False,1.6523536972679198,0.12576460438656176,-1.6617515862886736,2015,False,,
periodic,7,62214.08195336309,True,133,False,1.6675101502978338,0.13273907276150324,-1.6713302552503453,2015,True,,
periodic,8,62214.14402888037,True,133,False,1.6574949649095738,0.12918611232666627,-1.6667794312746398,2015,True,,
periodic,9,62214.8596416363,True,91,False,1.665624232809417,0.12950889787256728,-1.6800734489616245,2015,False,,
periodic,10,62214.41977293323,True,115,False,1.6748105119024368,0.1296131895649956,-1.675892284191313,2015,True,,
periodic,11,62214.775674593446,True,127,False,1.6487202382262405,0.12281374960369013,-1.670223345801861,2015,False,,
periodic,12,62214.14052037306,True,109,False,1.6685124986687985,0.12691585383195245,-1.6709005961797665,2015,True,,
periodic,13,62214.731857457475,True,207,False,1.6668232748004588,0.12927019876344964,-1.6606256373106694,2015,False,,
periodic,14,62215.177788263994,True,127,False,1.6790173776786255,0.13826126289916546,-1.6587635029491203,2015,False,,
periodic,15,62214.8814935124,True,133,False,1.6658294468253245,0.126855744016091,-1.680870731168553,2015,False,,
periodic,16,62215.070560333814,True,133,False,1.671882980343216,0.13117388192485452,-1.6804493961366938,2015,False,,
periodic,17,62222.09689056141,False,240,False,1.6399195222976046,0.1374601506088443,-1.6832954150271182,2015,False,,
periodic,18,62213.97979358505,True,132,False,1.6703426433069357,0.1295892072493322,-1.6702406669324659,2015,True,,
periodic,19,62214.77348010371,True,139,False,1.6698614488972265,0.1357826924168234,-1.6594170299620385,2015,False,,
locally_periodic,0,53950.22118525174,True,189,True,1.7602873735020155,2.302585092994046,2.096796322848515,2015,False,-2.4087283019533237,
locally_periodic,1,76328.32940130777,False,240,False,1.2393324514090187,-0.8062605363799094,3.0825767051037243,2015,False,-3.4968776323426463,
locally_periodic,2,53950.527721470164,True,193,True,1.7677556124549052,2.302585092994046,2.096167812354967,2015,False,-2.408728301953321,
locally_periodic,3,53951.39939597742,True,196,True,1.7223026979891238,2.302585092994046,2.0770861822420765,2015,False,-2.408728301953321,
locally_periodic,4,53949.674530914795,True,158,True,1.7458305455121184,2.302585092994046,2.088512170142679,2015,True,-2.4159456533183734,
locally_periodic,5,53950.036114114075,True,189,True,1.740709736571446,2.302585092994046,2.0888260722360554,2015,True,-2.408728301953321,
locally_periodic,6,53950.06452810198,True,205,True,1.740787299658353,2.302585092994046,2.0892064251674256,2015,True,-2.40872830195332,
locally_periodic,7,54104.334394809375,False,240,False,1.645526075540936,1.5795611428079284,2.1378854748136895,2015,False,-2.291908077768334,
locally_periodic,8,53949.966557023814,True,233,True,1.73559926778666,2.302585092994046,2.082188437419635,2015,True,-2.4169660401387527,
locally_periodic,9,53949.76930613673,True,188,True,1.7407565225378465,2.302585092994046,2.086235745256667,2015,True,-2.4130293742635267,
locally_periodic,10,53949.90945516706,True,167,True,1.757566530264899,2.302585092994046,2.0898909211784664,2015,True,-2.4208323034380355,
locally_periodic,11,53950.81815114051,True,174,True,1.76797354742572,2.302585092994046,2.0978434733458284,2015,False,-2.4212751892058315,
locally_periodic,12,54046.89383925199,False,240,True,1.7976613051857289,2.302585092994046,2.031077630698168,2015,False,-2.4929490486662873,
locally_periodic,13,53983.88549529193,False,240,False,1.8356911486524752,2.1874558383443437,2.137748803610396,2015,False,-2.445295404659577,
locally_periodic,14,53950.334044697185,True,174,True,1.747188258145143,2.302585092994046,2.08586244659502,2015,False,-2.406178274978454,
locally_periodic,15,53950.987527802106,True,222,True,1.764736883873775,2.302585092994046,2.090434461054636,2015,False,-2.428928188481634,
locally_periodic,16,53949.92215687647,True,213,True,1.7513705072036738,2.302585092994046,2.0929671687421374,2015,True,-2.4156064617471484,
locally_periodic,17,54012.77945565825,False,240,False,1.817063441325558,1.7595637786875233,2.162515014998863,2015,False,-2.3635840937012524,
locally_periodic,18,53950.07015674749,True,175,True,1.7380539629658194,2.302585092994046,2.086695092393652,2015,True,-2.40872830195332,
locally_periodic,19,53950.04664202231,True,161,True,1.7402132985155159,2.302585092994046,2.088564819635571,2015,True,-2.408728301953322,
additive,0,53253.96720317949,False,240,False,1.5264310749948078,1.2448350658999066,0.7349174492781049,2015,True,1.636765477796084,-2.4994074128191
additive,1,53259.43007650702,False,240,False,1.4826720252246874,1.3527687421340022,0.8000835237768736,2015,False,1.669475930116809,-2.481732194144147
additive,2,53952.6475064466,False,240,True,-3.636396438202777,2.302585092994046,1.8103098441211163,2015,False,2.0902153693286665,-2.3783134961009185
additive,3,53327.90688098088,False,240,False,1.3672803798269184,1.381551055796428,0.833999100273844,2015,False,1.6097160020675627,-2.55015013118622
additive,4,53288.550783162966,False,240,False,1.562445811702588,1.208857173821874,0.6622752599885771,2015,False,1.6083365360364654,-2.408728301953321
additive,5,53332.487372653,False,240,False,1.7245003517207775,1.0423928883234597,0.33347951239449325,2015,False,1.444996726734354,-2.5372956291288515
additive,6,53447.68460565159,False,240,False,1.0898651565629933,1.842068074395237,1.256596884409568,2015,False,1.869916341277671,-2.3495697530774082
additive,7,53266.59140567203,False,240,False,1.5412850993953606,1.1217206406367741,0.5974185820214774,2015,False,1.6002052358546808,-2.4994074128190973
additive,8,53336.57045498722,False,240,False,1.491620808517217,1.6543000282297255,0.8982546800296295,2015,False,1.6436784609578743,-2.571914688112484
additive,9,53704.915819259695,False,240,False,-1.5597726731576709,-0.7723421493457501,1.7530073645502215,2015,False,2.3259617563410333,-2.4072932348361915
additive,10,53896.50855463451,False,240,False,-2.1020870751434195,-1.931088961830717,1.821013173314849,2015,False,2.1890955008101196,-6.043760176454817
additive,11,53258.929064806915,False,240,False,1.5686258902976615,1.1418395979876357,0.6490404910294881,2015,False,1.6165522677182482,-2.4945931799156287
additive,12,53320.772961335846,False,240,False,1.671279616349476,1.0649456055097466,0.3659406817122333,2015,False,1.4631668419782213,-2.548507932359636
additive,13,53291.75259829705,False,240,False,1.4005084527216953,1.4103333694588531,0.9634149193654146,2015,False,1.7288719906789376,-2.524918285984048
additive,14,53298.85500194914,False,240,False,1.5688819117724861,0.97859866452247,0.5162573456124233,2015,False,1.5861879297205863,-2.4634154922299887
additive,15,53260.27120208756,False,240,False,1.5406470556357041,1.1740064482284414,0.6059306265722763,2015,False,1.582366278831397,-2.4860459677095537
additive,16,53261.65870993343,False,240,False,1.6007658212333848,1.1574103443128316,0.5790380083776335,2015,False,1.5726569547445433,-2.4954684232634747
additive,17,53292.407639830184,False,240,False,1.387798454235952,1.439115683121279,0.9725427056917626,2015,False,1.7315838930466725,-2.442281871742826
additive,18,53323.88311864771,False,240,False,1.3875189611419612,1.821456877239562,0.9701091007272883,2015,False,1.7450190848868339,-2.5253323981872127
additive,19,53257.46660836558,False,240,False,1.5365401442952658,1.1512925464970232,0.6629558828583791,2015,False,1.6043352834758962,-2.513150242282226
se,0,58268.603165442444,True,121,False,1.5818703508898646,1.3821055457134883,-2.044539420712209,2016,True,,
se,1,58282.383103216605,False,240,False,1.6431585151680752,1.3998496008850874,-2.0445394207122147,2016,False,,
se,2,58269.10847282919,True,151,False,1.5839314981844952,1.387450591658678,-2.030785781956945,2016,False,,
se,3,58268.98424852414,True,127,False,1.5869311295978648,1.3821503613499615,-2.0486802953502155,2016,False,,
se,4,58268.62182853764,True,109,False,1.596291220589591,1.3830035898380129,-2.0332756665215084,2016,True,,
se,5,58269.08154650187,True,121,False,1.5813500334455242,1.379537532675319,-2.049125686619613,2016,False,,
se,6,58270.43444161895,False,240,False,1.566983160627516,1.3746213535232097,-2.0445394207122147,2016,False,,
se,7,58268.5149855269,True,149,False,1.5942761131033438,1.3829892584274557,-2.0445394207122063,2016,True,,
se,8,58269.23099476533,True,127,False,1.5847331534625508,1.3797673907893766,-2.0507378772485154,2016,False,,
se,9,58269.32289912826,True,133,False,1.5889994433093195,1.3773362385386643,-2.049876647570539,2016,False,,
se,10,58273.753252128765,False,240,False,1.5584860624521304,1.3690656223922841,-2.0445394207122147,2016,False,,
se,11,58268.573532159324,True,153,False,1.5818703508898642,1.3792709812325734,-2.0445394207122063,2016,True,,
se,12,58268.20201896774,True,115,False,1.5873905758221345,1.3838674236361659,-2.038863348695945,2016,True,,
se,13,58268.5424374774,True,127,False,1.5794993493764735,1.3793649092029965,-2.0392579445877392,2016,True,,
se,14,58268.32588348354,True,114,False,1.5818703508898642,1.382279369715377,-2.0404655191555845,2016,True,,
se,15,58268.953550282866,True,127,False,1.5958518125302465,1.3819866128600296,-2.0480242920265836,2016,False,,
se,16,58268.902713371775,True,121,False,1.5876054174809486,1.3868888620062159,-2.029834232361686,2016,False,,
se,17,58268.667174471826,True,109,False,1.582585666587102,1.3828785368828345,-2.0313648918348988,2016,True,,
se,18,58269.30377771503,True,115,False,1.5973446256782207,1.387646831615296,-2.0276782638482924,2016,False,,
se,19,58268.405183856354,True,126,False,1.581870350889864,1.382419447245138,-2.041855404152698,2016,True,,
matern32,0,54597.07869148029,True,97,False,1.7617598112800246,2.0803666498109283,-2.4299256418917587,2016,True,,
matern32,1,54597.66848398736,True,121,False,1.7423457143873693,2.077617599914191,-2.417751960992102,2016,False,,
matern32,2,54597.116623944465,True,161,False,1.7491718540391323,2.08110728148179,-2.429925641891756,2016,True,,
matern32,3,54598.354339790545,True,103,False,1.7460792256710846,2.069750115628026,-2.444149638481546,2016,False,,
matern32,4,54597.748676307994,True,127,False,1.74435348709282,2.0814103003864357,-2.4172057764994257,2016,False,,
matern32,5,54598.6733785472,True,97,False,1.7321723252055854,2.0749177433963917,-2.4149794068963497,2016,False,,
matern32,6,54597.90257476828,True,115,False,1.7549963994057411,2.0760041913812763,-2.4435314104993853,2016,False,,
matern32,7,54597.69567257588,True,187,False,1.7664245073924354,2.087043803105785,-2.435052206801738,2016,False,,
matern32,8,54598.64792543944,True,121,False,1.7345159481223202,2.0661218467786515,-2.4419678218506764,2016,False,,
matern32,9,54597.00596280777,True,133,False,1.7459585528693902,2.0761684051207707,-2.427229007045714,2016,True,,
matern32,10,54597.40347055378,True,133,False,1.756678147082216,2.0865440795260493,-2.421735696226357,2016,True,,
matern32,11,54597.87097728194,True,103,False,1.7387154500169755,2.0771567748342217,-2.417669607962181,2016,False,,
matern32,12,54597.74796971852,True,133,False,1.741366219516372,2.0732461206110058,-2.4399907041219313,2016,False,,
matern32,13,54597.128072472304,True,121,False,1.7649433904618328,2.083121815379167,-2.431311571590082,2016,True,,
matern32,14,54597.024933848865,True,127,False,1.752055940510133,2.0823786900684094,-2.4245614022135564,2016,True,,
matern32,15,54597.2349834022,True,173,False,1.76607921377529,2.086167232312203,-2.429925641891756,2016,True,,
matern32,16,54597.26696938282,True,115,False,1.7650731928592474,2.0814700788387253,-2.4336940444323085,2016,True,,
matern32,17,54597.21753541045,True,133,False,1.747276588651003,2.0737506561085612,-2.4288262379067285,2016,True,,
matern32,18,54597.068765762684,True,97,False,1.763510900286412,2.083941754432994,-2.4306408881437758,2016,True,,
matern32,19,54597.04344758431,True,178,False,1.7505180933047002,2.0811999087118576,-2.4299256418917596,2016,True,,
matern52,0,55500.74602753704,True,127,False,1.6898040271239607,1.7928473716531588,-2.248567420160206,2016,True,,
matern52,1,55501.73111123736,True,103,False,1.694124032653939,1.7947846423715708,-2.239192388552373,2016,False,,
matern52,2,55501.74046641744,True,109,False,1.688777030843907,1.780455830996263,-2.267844354641793,2016,False,,
matern52,3,55500.82443774985,True,139,False,1.6779330827359273,1.7804588423497125,-2.2549787073726963,2016,True,,
matern52,4,55502.00573327452,True,109,False,1.662915602521278,1.7764176986155717,-2.256959542580386,2016,False,,
matern52,5,55501.20271658068,True,115,False,1.6810008462479618,1.7865506671696754,-2.2423104201567514,2016,False,,
matern52,6,55501.013061824604,True,139,False,1.6888735150749554,1.785830252600404,-2.2454291073788895,2016,False,,
matern52,7,55501.012703556975,True,115,False,1.6903291106892933,1.7846109273895996,-2.2650083723897128,2016,False,,
matern52,8,55501.815309234094,True,109,False,1.6668977757290142,1.7807823190348866,-2.2461265442443707,2016,False,,
matern52,9,55500.45571834859,True,115,False,1.690655211670989,1.7889503846584065,-2.258039763395309,2016,True,,
matern52,10,55500.3185909039,True,103,False,1.68637151958626,1.788148200864529,-2.2557916898439143,2016,True,,
matern52,11,55500.770569250104,True,121,False,1.7002987802908045,1.7893006113180085,-2.257639524422896,2016,True,,
matern52,12,55501.249181014035,True,121,False,1.670777838897925,1.7783868525797926,-2.2583961315556706,2016,False,,
matern52,13,55501.48684277545,True,127,False,1.7030994613173212,1.7918157190108943,-2.2624213418964167,2016,False,,
matern52,14,55501.14762147816,True,127,False,1.687862726604052,1.7810933135492095,-2.2633470189420555,2016,False,,
matern52,15,55500.66696373197,True,149,False,1.693356274409713,1.7874042730071584,-2.2485674201602035,2016,True,,
matern52,16,55500.64658675927,True,127,False,1.6935460462582264,1.7879805705816465,-2.2481756412083596,2016,True,,
matern52,17,55500.510961474356,True,127,False,1.685744112744576,1.7902757602358081,-2.2488343064668834,2016,True,,
matern52,18,55500.30967127491,True,139,False,1.6832294396823895,1.7854567559788561,-2.2567226234904787,2016,True,,
matern52,19,55500.61440509111,True,157,False,1.6881791791986513,1.7845544935848037,-2.250745746738512,2016,True,,
periodic,0,63030.35236427089,True,103,False,1.6538261350459287,0.12232483306530892,-1.6818229772491033,2016,False,,
periodic,1,63029.70742975091,True,121,False,1.6686744943951288,0.12411474956382818,-1.6770758509366877,2016,True,,
periodic,2,63029.65687301963,True,121,False,1.6733457959553766,0.1271474388860474,-1.6759314017015,2016,True,,
periodic,3,63030.05892825658,True,207,False,1.6642665913492294,0.12511919055202592,-1.6818229772491045,2016,True,,
periodic,4,63030.434006240626,True,139,False,1.664379967918568,0.1327548135285648,-1.6637478274873627,2016,False,,
periodic,5,63029.65454143756,True,115,False,1.6666946604866089,0.130412617181594,-1.6713291680798017,2016,True,,
periodic,6,63030.00760415406,True,133,False,1.6753965224802922,0.12690044729506753,-1.679695870321245,2016,True,,
periodic,7,63030.219877622825,True,166,False,1.6727666906324776,0.12422025185097627,-1.6818229772491007,2016,True,,
periodic,8,63029.923360561705,True,121,False,1.6667247758976502,0.1277585391053562,-1.66599202773103,2016,True,,
periodic,9,63030.142818730135,True,133,False,1.6771931428081903,0.13032771149155786,-1.665835585923055,2016,True,,
periodic,10,63029.65210234357,True,157,False,1.6607966075448923,0.1261195416931456,-1.6764801847363262,2016,True,,
periodic,11,63029.72224402269,True,127,False,1.6572979263283467,0.12379970254236834,-1.6724710517142685,2016,True,,
periodic,12,63030.95600526869,True,115,False,1.6562430031386466,0.12232483306530847,-1.6861977494230065,2016,False,,
periodic,13,63029.93069343602,True,145,False,1.6670180433912358,0.12272227647828027,-1.6797505149377252,2016,True,,
periodic,14,63029.96615068718,True,121,False,1.6777671439675403,0.1329435781576081,-1.6690295881717951,2016,True,,
periodic,15,63029.701577148466,True,127,False,1.6664657552576245,0.12340550454993043,-1.6740576232782511,2016,True,,
periodic,16,63030.028090313805,True,157,False,1.6652263075045388,0.13129665125368065,-1.6658508452128082,2016,True,,
periodic,17,63030.26705203414,True,121,False,1.662326103451841,0.12998083696619678,-1.6637675425414142,2016,True,,
periodic,18,63029.66070305808,True,115,False,1.6624217957229095,0.12595699116821843,-1.6695781258447497,2016,True,,
periodic,19,63030.54487362319,True,121,False,1.6794204458216195,0.13497915801022725,-1.6641386873317119,2016,False,,
locally_periodic,0,54614.948319626776,True,189,True,1.7617598112800243,2.302585092994046,2.096796322848515,2016,False,-2.4072558641753146,
locally_periodic,1,54726.16132144924,False,240,False,1.9716413265972976,1.9571973290449391,2.189381390107375,2016,False,-2.4072558641753155,
locally_periodic,2,54656.762990328556,False,240,True,1.6114416101157496,2.302585092994046,2.0310776306981664,2016,False,-2.4072558641753155,
locally_periodic,3,54697.25346632633,False,240,False,1.7054908376082238,1.5542449377709804,2.0967963228485162,2016,False,-2.3486169303178865,
locally_periodic,4,54622.31777724976,False,240,True,1.7319397807779353,2.302585092994046,2.0569764112230877,2016,False,-2.452575063041454,
locally_periodic,5,54614.062123271186,True,199,True,1.7436265354945506,2.302585092994046,2.0822130444061324,2016,False,-2.436509625523305,
locally_periodic,6,55953.69271008703,False,240,False,1.6575441279914542,0.33362585160158553,2.885420628652682,2016,False,-2.04453942071221,
locally_periodic,7,54613.60343269062,True,150,True,1.7587413279733417,2.302585092994046,2.0923464062421098,2016,True,-2.4234462361507787,
locally_periodic,8,54613.885566643985,True,157,True,1.7649851862238786,2.302585092994046,2.089628567001097,2016,True,-2.429925641891757,
locally_periodic,9,54613.66786329924,True,159,True,1.7526253927784037,2.302585092994046,2.0821178532198528,2016,True,-2.431045537851002,
locally_periodic,10,54613.44437007021,True,231,True,1.7515302342848043,2.302585092994046,2.083072685381459,2016,True,-2.425066431135113,
locally_periodic,11,54614.74423168783,True,231,True,1.7456459477550963,2.302585092994046,2.0909744124480882,2016,False,-2.4072558641753155,
locally_periodic,12,54614.15992965919,True,234,True,1.7670596350191232,2.302585092994046,2.095573793773303,2016,False,-2.42579849311207,
locally_periodic,13,54613.602398332085,True,206,True,1.751038445023829,2.302585092994046,2.08925234598809,2016,True,-2.4275663084718486,
locally_periodic,14,54614.546105370275,True,168,True,1.734863750444005,2.302585092994046,2.0830752406797917,2016,False,-2.4105855407561307,
locally_periodic,15,54613.645544135004,True,206,True,1.741347455290848,2.302585092994046,2.0855233142008793,2016,True,-2.4265664352076945,
locally_periodic,16,54613.51768069149,True,207,True,1.74516422602679,2.302585092994046,2.0872422649867994,2016,True,-2.4178790851578773,
locally_periodic,17,54614.66241488623,True,233,True,1.7725900783590087,2.302585092994046,2.09715977760251,2016,False,-2.4148245164136855,
locally_periodic,18,54613.47965068887,True,158,True,1.7555308435913353,2.302585092994046,2.0910456073318096,2016,True,-2.4227854418667274,
locally_periodic,19,54613.63794254233,True,204,True,1.7509006600766108,2.302585092994046,2.088202367994395,2016,True,-2.429925641891756,
additive,0,53906.93549871926,False,240,False,1.5279035127728167,1.2448350658999066,0.7363898870561134,2016,True,1.636765477796084,-2.497934975041091
additive,1,53921.07067432035,False,240,False,1.592937248206133,1.1202185974865904,0.5520804478082866,2016,False,1.5539937702156013,-2.521608577740293
additive,2,53915.7156142709,False,240,False,1.530448752649007,1.1233840294447017,0.6104672647830021,2016,False,1.5954861213819715,-2.5066058025101134
additive,3,54666.76713093171,False,240,False,1.7697188544505145,0.805904782547916,-0.3209338619911183,2016,False,1.042320631496723,-2.769972307638417
additive,4,54328.07939474801,False,240,False,1.7581733621679136,0.8680563309217009,-0.12653942540380853,2016,False,1.1913568705684894,-2.5886140859068645
additive,5,53967.4546311802,False,240,False,1.6455566264495676,1.1342519765678387,0.5211116530675719,2016,False,1.5554579002541835,-2.407255864175312
additive,6,54495.088335182874,False,240,False,1.9776271637482168,1.0361632918473205,-0.14676950807889233,2016,False,1.1606858508030906,-2.769972307638417
additive,7,53919.154783731705,False,240,False,1.595914661082819,1.1512925464970238,0.5754077182518869,2016,False,1.5595835339062867,-2.529325615932266
additive,8,54522.11514343368,True,191,False,-2.850690978483888,-1.7767467325412274,1.7713733624806527,2016,False,2.1492956357700796,-2.9010747874860012
additive,9,53910.67859328067,False,240,False,1.56136039844442,1.1422696602823028,0.6292222428812949,2016,False,1.595779713323275,-2.4991113542366215
additive,10,54648.21900464718,False,240,True,-2.7714545905520027,2.302585092994046,1.9076299644697252,2016,False,2.1581964959758198,-2.3704062897134732
additive,11,54385.68381332223,False,240,False,-1.1884273391185964,-0.690775527898214,1.6918039144874149,2016,False,2.3440182860456042,-2.4334126541506382
additive,12,54356.982301429925,False,240,False,-1.6011632056965766,-0.8169411666747395,1.7745655810247296,2016,False,2.3158589073826565,-2.4686192970708216
additive,13,54473.83234232179,False,240,False,-0.7566926341822127,-0.5756462732485117,1.6990036955514924,2016,False,2.4427870023145855,-2.4202215707524872
additive,14,54529.534189201746,False,240,False,-2.8074324826300354,-1.8996327017200865,1.7213647664896394,2016,False,2.1033028086107506,-3.0873491956686356
additive,15,54354.75181618842,False,240,False,-1.8934191938121556,-0.867352779109719,1.722142471246619,2016,False,2.2500837650225542,-2.470507915890579
additive,16,53920.570836160485,False,240,False,1.5811162287791705,1.122510232834598,0.6405563057282225,2016,False,1.6048604321034328,-2.5322010085269664
additive,17,53914.40040402877,False,240,False,1.581870350889865,1.13690138966581,0.5910756177859197,2016,False,1.581993979553602,-2.4934099456055425
additive,18,53996.566278698054,False,240,False,1.2580693221875776,2.0147619563697896,1.1254079487589725,2016,False,1.7886678622226746,-2.448969269916938
additive,19,54043.94292805803,False,240,False,1.1861135380315135,1.899632701720088,1.2394796962972674,2016,False,1.8719711556599752,-2.4525954196082003
se,0,58921.27161542153,True,121,False,1.5824035436252106,1.3821055457134883,-2.0440062279768627,2017,True,,
se,1,58922.48229859541,True,115,False,1.5871303564500234,1.386743356193895,-2.0315561852055968,2017,False,,
se,2,58921.52877138145,True,103,False,1.586139593653022,1.385468310423397,-2.045364739753811,2017,True,,
se,3,58921.88420428551,True,121,False,1.596527142036907,1.383200648534318,-2.0528336717305358,2017,False,,
se,4,58921.84087748117,True,103,False,1.6016132268632264,1.3854782280308173,-2.047635521323797,2017,False,,
se,5,58922.5284171231,True,109,False,1.5961214491945064,1.3895924392334065,-2.0345388070633477,2017,False,,
se,6,58921.482464972956,True,109,False,1.5930206025090423,1.384010262995694,-2.0382628051514224,2017,True,,
se,7,58922.3355056242,True,127,False,1.588226596457012,1.3885360000436588,-2.0348607375759347,2017,False,,
se,8,58921.71030855002,True,120,False,1.5824035436252113,1.3834254722930786,-2.049868722000357,2017,True,,
se,9,58921.267858969564,False,240,False,1.5855326215988021,1.3806148539073928,-2.04400622797687,2017,True,,
se,10,58922.15653300181,True,127,False,1.5824035436252117,1.3819511377351674,-2.034699383577064,2017,False,,
se,11,58921.59353947516,True,133,False,1.5850083146892653,1.3848898565124175,-2.0376890048224476,2017,True,,
se,12,58921.15018229338,True,131,False,1.587159529621681,1.3819609775213713,-2.0440062279768605,2017,True,,
se,13,58921.69443116343,True,132,False,1.5824035436252113,1.3781374066871133,-2.0451727345005506,2017,True,,
se,14,58921.19556358686,True,126,False,1.5906512846453802,1.384315376348166,-2.044006227976861,2017,True,,
se,15,58957.73514460397,False,240,False,1.6941318033556527,1.388575369476264,-2.04400622797687,2017,False,,
se,16,58921.77389575036,True,109,False,1.594864578039538,1.3800438390909235,-2.0523737444701964,2017,False,,
se,17,58921.31605719814,True,172,False,1.5824035436252115,1.3831233379951968,-2.0440062279768605,2017,True,,
se,18,58921.33845982351,True,172,False,1.5824035436252115,1.3833823152160734,-2.0440062279768605,2017,True,,
se,19,58921.849036473635,True,127,False,1.5921089220206355,1.3816099285073153,-2.0542001713370444,2017,False,,
matern32,0,55187.951715166426,True,91,False,1.7443040579763545,2.0803666498109283,-2.429392449156412,2017,True,,
matern32,1,55187.70789247441,True,133,False,1.7419169261270242,2.0756277639856484,-2.438778496708898,2017,True,,
matern32,2,55187.86205336826,True,194,False,1.7649795596709146,2.0861445923484987,-2.4293924491564147,2017,True,,
matern32,3,55187.55662467894,True,121,False,1.7577555515629013,2.078606283089756,-2.438452617986066,2017,True,,
matern32,4,55187.67770712477,True,127,False,1.766345849608699,2.084307088697483,-2.4370522423900662,2017,True,,
matern32,5,55188.66521802194,True,127,False,1.7370374240425783,2.070537912588071,-2.449227946881107,2017,False,,
matern32,6,55188.13672405317,True,157,False,1.7679204342172261,2.0837929393868664,-2.4455986732262507,2017,False,,
matern32,7,55187.65723778868,True,127,False,1.745616231095574,2.078957143217451,-2.4383608488665613,2017,True,,
matern32,8,55188.78350053885,True,145,False,1.7783167152471822,2.0880496134886233,-2.443739884812257,2017,False,,
matern32,9,55187.85757715748,True,133,False,1.7395566291127458,2.0735754888630034,-2.436323098293001,2017,True,,
matern32,10,55187.76512485821,True,145,False,1.7465215819613145,2.0774626521511785,-2.443542307413561,2017,True,,
matern32,11,55187.923346744195,True,150,False,1.7472717266334579,2.082177040718985,-2.4293924491564103,2017,True,,
matern32,12,55187.99372228458,True,155,False,1.7641754925273594,2.0828264819296063,-2.4293924491564103,2017,True,,
matern32,13,55188.012392199234,True,149,False,1.743249529231026,2.075549907025252,-2.4293924491564103,2017,True,,
matern32,14,55188.80383611884,True,161,False,1.7502539022578838,2.0712993658895686,-2.4520622268728545,2017,False,,
matern32,15,55187.9183848852,True,133,False,1.7457140993007236,2.0813702502396767,-2.4300848685168237,2017,True,,
matern32,16,55187.8699440466,True,161,False,1.7554341924696841,2.0791206873871024,-2.4293924491564103,2017,True,,
matern32,17,55187.88870777626,True,121,False,1.7427294132467979,2.0721624411235644,-2.440492212528527,2017,True,,
matern32,18,55188.618407816306,True,145,False,1.732824413966922,2.0701016394675613,-2.445306194394885,2017,False,,
matern32,19,55188.35685820003,True,173,False,1.739514656959488,2.072985133384241,-2.4293924491564103,2017,False,,
matern52,0,56105.833671547036,True,115,False,1.6903372198593067,1.7846325351343653,-2.2707040051413037,2017,True,,
matern52,1,56105.63338212177,True,127,False,1.6773380746563498,1.7841512893795806,-2.257933918605232,2017,True,,
matern52,2,56105.488440149304,True,109,False,1.6899162503161236,1.7845403030558529,-2.263468538839717,2017,True,,
matern52,3,56106.01785253261,True,172,False,1.6962986448930508,1.7865688465662353,-2.2707040051413063,2017,False,,
matern52,4,56105.74305792801,True,115,False,1.6764662320381745,1.7838629723505972,-2.2668020803485485,2017,True,,
matern52,5,56106.88740455214,True,155,False,1.7061701870811132,1.7922640396112532,-2.270704005141302,2017,False,,
matern52,6,56105.43916716332,True,115,False,1.6792949240441368,1.7847372191196538,-2.26107328024883,2017,True,,
matern52,7,56106.12666487768,True,161,False,1.6827324001794712,1.7870302929180106,-2.270704005141302,2017,False,,
matern52,8,56105.8621064905,True,167,False,1.6850392337143614,1.7858299154968817,-2.270704005141302,2017,True,,
matern52,9,56105.800547989915,True,133,False,1.6977929768351259,1.792344317856794,-2.255595252959221,2017,True,,
matern52,10,56105.73122491909,True,121,False,1.684813714211201,1.79081932128838,-2.2594016519190885,2017,True,,
matern52,11,56106.93861200223,True,185,False,1.7059295403343417,1.7927239907907604,-2.270704005141302,2017,False,,
matern52,12,56106.42824956127,True,133,False,1.6803055646318064,1.7904666447946445,-2.2496363131143973,2017,False,,
matern52,13,56105.892315216646,True,121,False,1.6971049060681918,1.7937613818482478,-2.257146970235886,2017,True,,
matern52,14,56106.06875313213,True,145,False,1.6940408478403586,1.7899437380943102,-2.251127519315655,2017,False,,
matern52,15,56105.89887745393,True,139,False,1.6736112984836575,1.780926699071029,-2.2608988381900073,2017,True,,
matern52,16,56106.871195222826,True,154,False,1.6666767871310297,1.7773181177623982,-2.270704005141302,2017,False,,
matern52,17,56106.143576595125,True,201,False,1.6884791547873743,1.781195360459067,-2.2707040051413063,2017,False,,
matern52,18,56106.51116606014,True,126,False,1.703650852765343,1.789828747451607,-2.2707040051413054,2017,False,,
matern52,19,56106.12195459503,True,161,False,1.6878845952367052,1.788543347317347,-2.270704005141302,2017,False,,
periodic,0,63747.365723361836,True,103,False,1.6723482738202906,0.1295204114809153,-1.681289784513757,2017,True,,
periodic,1,63747.33972999352,True,155,False,1.6668040314373243,0.12892209755452652,-1.681289784513755,2017,True,,
periodic,2,63748.98302513287,True,139,False,1.6757810171598455,0.13521614373627844,-1.6643070618710465,2017,False,,
periodic,3,63747.563482471785,True,121,False,1.6677324949469343,0.12763671220667705,-1.6850288868200423,2017,True,,
periodic,4,63747.360475188325,True,109,False,1.65855357904139,0.12652699245502297,-1.6788082190837073,2017,True,,
periodic,5,63748.26637019358,True,139,False,1.6660540366547212,0.12232483306530847,-1.6904198671944144,2017,False,,
periodic,6,63747.314630589855,True,121,False,1.6720799259977701,0.12620294292872958,-1.6797504292641925,2017,True,,
periodic,7,63747.58244038388,True,127,False,1.6548330162046438,0.12266349929042998,-1.6784366306872356,2017,True,,
periodic,8,63753.3400332348,False,240,False,1.6631075790287402,0.10771731270302076,-1.6812897845137642,2017,False,,
periodic,9,63747.29706508324,True,115,False,1.66796334493773,0.1281397277145894,-1.6748526414554705,2017,True,,
periodic,10,63747.30248907369,True,133,False,1.6630202702032837,0.12590877103382087,-1.6822777439381524,2017,True,,
periodic,11,63774.43215035059,False,240,False,1.5790760711219352,0.08579316334719345,-1.6812897845137642,2017,False,,
periodic,12,63747.99182933892,True,138,False,1.6723482738202913,0.13373528073311663,-1.6698007895758162,2017,False,,
periodic,13,63747.890862561304,True,121,False,1.6521355450431647,0.12025316476442405,-1.6797910007311694,2017,True,,
periodic,14,63748.48214066349,True,139,False,1.6543593277812758,0.11969385200197973,-1.6900009342485447,2017,False,,
periodic,15,63747.43244933868,True,103,False,1.6683605144290492,0.12780416514186765,-1.6733470724273631,2017,True,,
periodic,16,63748.057146848456,True,127,False,1.6692355656887778,0.12723196265167994,-1.6692993291696818,2017,False,,
periodic,17,63748.334914637744,True,127,False,1.6727040030319948,0.13376919003787294,-1.6671928934070244,2017,False,,
periodic,18,63747.615542041785,True,151,False,1.6624252511698672,0.12711528469857258,-1.6719617620255471,2017,True,,
periodic,19,63751.423315472595,False,240,False,1.6767876542128812,0.11423389878573129,-1.6812897845137642,2017,False,,
locally_periodic,0,55204.38758150242,True,210,True,1.7443040579763545,2.302585092994046,2.0885814863297214,2017,True,-2.429392449156412,
locally_periodic,1,55204.68207572778,True,197,True,1.7683096687387385,2.302585092994046,2.0946938757355094,2017,False,-2.4293924491564103,
locally_periodic,2,55206.091137715324,True,149,True,1.721785460279964,2.302585092994046,2.069744537968726,2017,False,-2.4393684352475318,
locally_periodic,3,55204.17581843944,True,196,True,1.7529457366043577,2.302585092994046,2.0903050974484585,2017,True,-2.426858269391,
locally_periodic,4,55204.31586969583,True,217,True,1.7508609993871551,2.302585092994046,2.087970715431686,2017,True,-2.4384625891664036,
locally_periodic,5,55204.94052129359,True,144,True,1.732413789676986,2.302585092994046,2.079476395447516,2017,False,-2.4245107488862496,
locally_periodic,6,55204.24993367442,True,179,True,1.741119668139583,2.302585092994046,2.0798767780883924,2017,True,-2.4374514551317636,
locally_periodic,7,55217.15941243683,False,240,True,1.6903372198593074,2.302585092994046,2.0739647816778417,2017,False,-2.450625285151205,
locally_periodic,8,55204.28332330055,True,238,True,1.7600122667332885,2.302585092994046,2.0903682681811517,2017,True,-2.4364817969965853,
locally_periodic,9,55204.052524530605,True,237,True,1.7559591548384563,2.302585092994046,2.0892869018122573,2017,True,-2.4293924491564147,
locally_periodic,10,55206.194769614915,False,240,True,1.7619217287012665,2.302585092994046,2.096463942671756,2017,False,-2.442265073234205,
locally_periodic,11,55204.3224039005,True,231,True,1.7445682393235418,2.302585092994046,2.0809265593914312,2017,True,-2.4293924491564147,
locally_periodic,12,55381.88072840192,False,240,False,1.611886536067446,1.329087696818591,2.0310776306981686,2017,False,-2.406722671439966,
locally_periodic,13,55273.77775720382,False,240,False,1.6089080195622356,2.1871075065558703,2.0310776306981677,2017,False,-2.4988060017577878,
locally_periodic,14,55204.07211167517,False,240,True,1.7459830476221712,2.302585092994046,2.085632352330032,2017,True,-2.435218382530855,
locally_periodic,15,55204.36385336982,True,181,True,1.757783788772376,2.302585092994046,2.086794358877034,2017,True,-2.427731145545891,
locally_periodic,16,56215.32266153155,False,240,False,1.6603944779588897,0.4475116837334019,2.556827167900946,2017,False,-2.2253644497084175,
locally_periodic,17,55204.87969809669,True,165,True,1.7617459831263398,2.302585092994046,2.090806002697194,2017,False,-2.442435753352053,
locally_periodic,18,55206.79782747294,False,240,True,1.7720730356974412,2.302585092994046,2.0899375345957494,2017,False,-2.4520622268728545,
locally_periodic,19,55211.33140617254,False,240,True,1.8084820715771537,2.302585092994046,2.105357293954572,2017,False,-2.4243366267493123,
additive,0,54487.53919113445,False,240,False,1.5464256515471786,1.180074860159449,0.6469783495963799,2017,True,1.6039061317209105,-2.497401782305744
additive,1,54514.42083069164,False,240,False,1.441574970864467,1.439115683121279,0.8351313993319737,2017,False,1.708085514773299,-2.482588901609431
additive,2,54510.41428622767,False,240,False,1.630438486323745,1.1262399894342006,0.5058833043309334,2017,False,1.535787214127844,-2.5434027244948982
additive,3,54569.31945585026,False,240,False,1.6977057570922898,1.0184424244733539,0.33646044510947787,2017,False,1.467324540617535,-2.5655271086475704
additive,4,54949.30794432557,False,240,False,0.9525069463837983,2.204521078078944,1.482971221966115,2017,False,2.0313748820835604,-2.286471886547623
additive,5,55031.06391482848,False,240,False,-0.9141897579640488,-0.5811784722036927,1.6843096012955658,2017,False,2.392530437525078,-2.4385634135036796
additive,6,54567.193823816844,False,240,False,1.2586025149229225,1.957197329044938,1.0562750353318535,2017,False,1.729234598328245,-2.520156516690163
additive,7,56511.1135526827,False,240,False,-1.7221335032336191,-1.7422431580777809,2.6447864637970784,2017,False,2.5844309140553,-7.122036436460341
additive,8,54492.56678057556,False,240,False,1.5766233781667254,1.138467112847731,0.6186427171523802,2017,False,1.5917983922068084,-2.5276664324848244
additive,9,54505.862745998835,False,240,False,1.6426942282313337,1.0988524481269544,0.5529945055575617,2017,False,1.54218014283465,-2.5287810269533804
additive,10,55143.5692342423,False,240,False,-2.135914042861293,-1.9571973290449385,1.8281224847192916,2017,False,2.1721123650734393,-7.666111101654994
additive,11,54664.133328564974,False,240,False,1.7656774603476737,0.9828473574797146,0.17084510121904883,2017,False,1.3476659454717295,-2.5880808931715196
additive,12,54493.803044807304,False,240,False,1.4523760645358743,1.2088571738218739,0.8134326204579726,2017,False,1.6792547670391185,-2.5066714415808935
additive,13,54563.21285074609,False,240,False,1.4114038562627398,1.7269388197455344,1.033602037266918,2017,False,1.7157616187642017,-2.5563047091196545
additive,14,54972.05482213258,False,240,False,-1.1878941463832502,-0.6898722940989127,1.7531520185614298,2017,False,2.352152046347506,-2.4395262901101358
additive,15,55400.03597229323,False,240,False,0.4042260030535767,-0.23680945199666592,1.549502424933611,2017,False,3.0689858066236124,-2.219120431177588
additive,16,54534.41075578028,False,240,False,1.6183814357032427,1.064945605509746,0.4451110502728129,2017,False,1.536656716824192,-2.4575443328121325
additive,17,54779.84360504421,False,240,False,1.6903372198593065,0.9210340371976182,-0.0034459538272114676,2017,False,1.28067303583314,-2.588080893171519
additive,18,55122.8456686473,False,240,False,-2.591031937426497,-2.0147619563697905,1.7436800529243595,2017,False,2.120744364296787,-3.6182656740646424
additive,19,54495.859208505695,False,240,False,1.5899522237328367,1.1395840163287043,0.570066656951697,2017,False,1.5616475569520891,-2.5100530664699923
se,0,59595.94909368573,True,121,False,1.5798437077147747,1.3821055457134883,-2.0465660638873,2018,True,,
se,1,59595.810775372505,True,121,False,1.5814533431939353,1.380352087573429,-2.0521875542015766,2018,True,,
se,2,59595.84882048155,True,237,False,1.584282511226527,1.3832635668351598,-2.046566063887302,2018,True,,
se,3,59596.261624231476,True,115,False,1.583876723671096,1.384898762836249,-2.042789242556811,2018,True,,
se,4,59596.16809848067,True,115,False,1.5978326537537901,1.3842242347019715,-2.0509334085729534,2018,True,,
se,5,59595.74694935936,True,201,False,1.5865720999341022,1.3822305658633787,-2.0465660638873007,2018,True,,
se,6,59595.979337574005,True,109,False,1.5819582458265113,1.3819709915418528,-2.0533919389200253,2018,True,,
se,7,59596.041388321115,True,120,False,1.579843707714774,1.383163304754843,-2.0482012686841036,2018,True,,
se,8,59596.06909802298,True,115,False,1.595000183077712,1.3848827649176454,-2.0460785681412212,2018,True,,
se,9,59596.46866631421,True,109,False,1.581169733755173,1.3826949569406946,-2.040290366969669,2018,False,,
se,10,59596.91888843043,True,121,False,1.5901156718413325,1.383178756416308,-2.059902051292542,2018,False,,
se,11,59596.99202599909,True,97,False,1.588640929711187,1.3756192131868046,-2.060495881342049,2018,False,,
se,12,59596.17548496597,True,109,False,1.5924804915066049,1.3845163272490895,-2.052901410197888,2018,True,,
se,13,59596.019090989175,True,145,False,1.5935992179949185,1.3820999020403344,-2.0545763638242827,2018,True,,
se,14,59597.20417135107,True,109,False,1.5980065820971123,1.3871053949040766,-2.037799590288172,2018,False,,
se,15,59603.68911364966,False,240,False,1.6185082182398154,1.3977635556633998,-2.0465660638873056,2018,False,,
se,16,59595.86486238731,True,103,False,1.579862609913869,1.3813975756545136,-2.049842662141663,2018,True,,
se,17,59596.43371474289,True,133,False,1.579843707714774,1.3786980868675902,-2.0588197657124154,2018,False,,
se,18,59596.811297085675,True,133,False,1.5755394009235608,1.3768861038011975,-2.045473095087583,2018,False,,
se,19,59595.76028836238,True,127,False,1.5849442260035667,1.3808231382291707,-2.0471841137978313,2018,True,,
matern32,0,55812.18649135232,True,91,False,1.7597331681049346,2.0803666498109283,-2.4546220627832938,2018,True,,
matern32,1,55812.14432601788,True,121,False,1.7402437486534883,2.0696297850405845,-2.4463795411528118,2018,True,,
matern32,2,55812.43862474188,True,171,False,1.7660628440718973,2.0794755321196483,-2.4546220627832946,2018,False,,
matern32,3,55811.696248729044,True,121,False,1.749588381105566,2.078454078511619,-2.4478750736142696,2018,True,,
matern32,4,55812.17170187374,True,127,False,1.7614996887201932,2.0863478359098973,-2.437221445111566,2018,True,,
matern32,5,55811.93830319318,True,139,False,1.752115695302485,2.0803603364126695,-2.449931774114223,2018,True,,
matern32,6,55812.29342465245,True,139,False,1.737025405797771,2.06850489307537,-2.4487282478960792,2018,False,,
matern32,7,55812.08884144908,True,133,False,1.7590711044381109,2.0796485326321035,-2.4541842645774974,2018,True,,
matern32,8,55811.93398147595,True,121,False,1.7546653636072003,2.0743830875539966,-2.4500820778703796,2018,True,,
matern32,9,55812.245483764535,True,121,False,1.7467245322672909,2.081835380218936,-2.4371068159303477,2018,True,,
matern32,10,55812.07971779084,True,97,False,1.7410856428726096,2.072481278624732,-2.439794102306079,2018,True,,
matern32,11,55811.99714011075,True,121,False,1.760864270859401,2.0853272219594507,-2.443466843460227,2018,True,,
matern32,12,55812.37519266,True,143,False,1.7563157795140103,2.0733600513116905,-2.454622062783291,2018,False,,
matern32,13,55812.441206449235,True,97,False,1.7649917655110692,2.084257745584281,-2.453009404472772,2018,False,,
matern32,14,55812.012499843135,True,103,False,1.7665031536965954,2.0816956655496095,-2.4479175285705055,2018,True,,
matern32,15,55812.08720291877,True,199,False,1.7409400043148784,2.0721518132921366,-2.44022846959606,2018,True,,
matern32,16,55812.17262844965,True,163,False,1.7535163831982061,2.080366649810929,-2.4530477008183698,2018,True,,
matern32,17,55812.04681648393,True,115,False,1.7414637716604993,2.076156317860135,-2.4375741105042126,2018,True,,
matern32,18,55812.038205408564,True,121,False,1.7467171093704141,2.080953260270839,-2.43994387531791,2018,True,,
matern32,19,55813.4305273926,True,115,False,1.7237226968353327,2.0643060993941376,-2.449728137608259,2018,False,,
matern52,0,56740.464499819136,True,115,False,1.6877773839488708,1.7846325351343653,-2.273263841051741,2018,True,,
matern52,1,56741.659356171614,True,115,False,1.673191284212673,1.7853616996994361,-2.2559221235542584,2018,False,,
matern52,2,56741.04040163878,True,148,False,1.6697884379098542,1.778943708900606,-2.273263841051738,2018,False,,
matern52,3,56740.977883531974,True,97,False,1.6817336676295502,1.7797741834839909,-2.2781462363433533,2018,True,,
matern52,4,56741.1470535195,True,103,False,1.676888381005701,1.7816703874968451,-2.2787054449320965,2018,False,,
matern52,5,56741.20751267742,True,163,False,1.6928667153771844,1.7866221582761774,-2.25836708452206,2018,False,,
matern52,6,56740.82741735899,True,161,False,1.6811317345868548,1.7863530064256665,-2.2732638410517385,2018,True,,
matern52,7,56740.56284313608,True,145,False,1.6951975488347428,1.786712678201157,-2.269294375445686,2018,True,,
matern52,8,56740.806929917875,True,157,False,1.6951767315924293,1.7900266289830413,-2.270428941919843,2018,True,,
matern52,9,56740.59672429411,True,115,False,1.6783062482128073,1.7808981261569234,-2.273607239851635,2018,True,,
matern52,10,56740.500816031294,True,155,False,1.6895881835990376,1.7852797229724982,-2.2732638410517385,2018,True,,
matern52,11,56740.897832027804,True,139,False,1.685865837465139,1.7800679893757694,-2.2760522003424706,2018,True,,
matern52,12,56741.5608054419,True,115,False,1.6898692826945174,1.7916420540190712,-2.2550067316735456,2018,False,,
matern52,13,56741.51148776851,True,127,False,1.6861363572383388,1.7917166139237328,-2.256485580935751,2018,False,,
matern52,14,56740.78746716642,True,151,False,1.6778122912607754,1.7867181894531188,-2.2629406537398706,2018,True,,
matern52,15,56740.58586373438,True,127,False,1.676727748665064,1.7847544403728879,-2.2677885378640825,2018,True,,
matern52,16,56740.4401601096,True,133,False,1.6837022201237266,1.7850583465125456,-2.2720501599578364,2018,True,,
matern52,17,56740.57890537493,True,160,False,1.6877773839488701,1.786525245470892,-2.2732638410517385,2018,True,,
matern52,18,56740.83827833405,True,155,False,1.696979981082157,1.7880046179642224,-2.2732638410517385,2018,True,,
matern52,19,56740.58288786873,True,161,False,1.67885938584564,1.7833634473176996,-2.2732638410517385,2018,True,,
periodic,0,64526.4148946605,True,103,False,1.6697884379098547,0.1295204114809153,-1.6838496204241942,2018,True,,
periodic,1,64526.29515385171,True,103,False,1.6672890584233442,0.12940500107343017,-1.6787377632568838,2018,True,,
periodic,2,64526.34459865881,True,127,False,1.6658223604262488,0.12280386228750326,-1.6854573273537594,2018,True,,
periodic,3,64526.52188072039,True,139,False,1.6562222358036827,0.1264592105209766,-1.677464506220631,2018,True,,
periodic,4,64526.45126008893,True,133,False,1.6684980059318046,0.12978295588449976,-1.67584701468203,2018,True,,
periodic,5,64527.07138508132,True,109,False,1.6590548036671886,0.12512014072185376,-1.6720711281120526,2018,False,,
periodic,6,64527.11195440525,True,109,False,1.6563018289792586,0.1211350957379986,-1.6919820643800019,2018,False,,
periodic,7,64526.77590044883,True,224,False,1.651799491870838,0.11921302905907204,-1.683849620424195,2018,True,,
periodic,8,64526.25591177191,True,237,False,1.6678110856633381,0.12405470676161443,-1.6838496204241955,2018,True,,
periodic,9,64526.76730692972,True,133,False,1.6793291180903087,0.13175225236782728,-1.6826703315635114,2018,True,,
periodic,10,64527.0775188906,True,145,False,1.6537549457275853,0.1245565673138445,-1.673318191957368,2018,False,,
periodic,11,64526.85067722254,True,139,False,1.6593779533480801,0.12453496380384171,-1.690120885730786,2018,True,,
periodic,12,64527.13517511499,True,145,False,1.6495111981085326,0.12087509130086255,-1.6766730893310844,2018,False,,
periodic,13,64526.463148291965,True,120,False,1.655590459385167,0.12114415838984541,-1.6838496204241946,2018,True,,
periodic,14,64526.258530192674,True,127,False,1.665078457180432,0.12533525162833475,-1.6855709679784554,2018,True,,
periodic,15,64527.159881408115,True,115,False,1.652384543596069,0.12307842487395394,-1.6738437993110575,2018,False,,
periodic,16,64526.47223055527,True,138,False,1.6697884379098542,0.12277143746888844,-1.6838496204241946,2018,True,,
periodic,17,64527.49965035264,True,115,False,1.6816531896898528,0.12991881227273785,-1.6899009083576135,2018,False,,
periodic,18,64527.10324442278,True,127,False,1.6686445164834927,0.12664924223490082,-1.6715466843985833,2018,False,,
periodic,19,64526.8988740426,True,127,False,1.681549871615892,0.1310538770881599,-1.6840904691978253,2018,True,,
locally_periodic,0,55828.782207615965,True,210,True,1.7417442220659185,2.302585092994046,2.080366649810928,2018,True,-2.4319522850668496,
locally_periodic,1,55828.61940783988,True,223,True,1.7343958813390195,2.302585092994046,2.0803487799735287,2018,True,-2.4411283443969163,
locally_periodic,2,55980.37856735886,False,240,False,1.8347142388275453,1.8326343588780571,2.162515014998864,2018,False,-2.281627774652816,
locally_periodic,3,55828.35849777161,True,152,True,1.7575594428675303,2.302585092994046,2.0883766470707323,2018,True,-2.4399735007462637,
locally_periodic,4,55831.281101884924,False,240,True,1.7828117976718993,2.302585092994046,2.094919323325167,2018,False,-2.451641193162178,
locally_periodic,5,55829.78805469294,True,230,True,1.73015531970502,2.302585092994046,2.0723350849167597,2018,False,-2.4546220627832946,
locally_periodic,6,55864.95705891837,False,240,True,1.7486784334860483,2.302585092994046,2.0772652618739262,2018,False,-2.524091558061761,
locally_periodic,7,55829.180533241815,True,166,True,1.7435541352702895,2.302585092994046,2.0754337583243454,2018,False,-2.452296667798612,
locally_periodic,8,55828.58459603684,True,185,True,1.7552460681035307,2.302585092994046,2.0821665911911023,2018,True,-2.4433673809927448,
locally_periodic,9,55829.8716861557,True,176,True,1.7700866484217364,2.302585092994046,2.0967963228485145,2018,False,-2.428102840866664,
locally_periodic,10,55828.57742790415,True,223,True,1.7494508728482194,2.302585092994046,2.0871894330851077,2018,True,-2.444721757611246,
locally_periodic,11,55829.35718925123,True,182,True,1.7531461521147136,2.302585092994046,2.079429232049652,2018,False,-2.45462206278329,
locally_periodic,12,55829.27951827785,True,197,True,1.7557640844232298,2.302585092994046,2.082219229605987,2018,False,-2.454622062783291,
locally_periodic,13,55860.68748242565,False,240,True,1.8477261497118398,2.302585092994046,2.1223930160085898,2018,False,-2.484372483255374,
locally_periodic,14,55837.846253292155,False,240,True,1.75369617573226,2.302585092994046,2.096796322848515,2018,False,-2.466653424342137,
locally_periodic,15,55828.81532345336,True,162,True,1.7378433065232095,2.302585092994046,2.078937666370345,2018,True,-2.4329387627849495,
locally_periodic,16,55829.16611981182,True,198,True,1.7523722607553245,2.302585092994046,2.0817480219003084,2018,False,-2.45462206278329,
locally_periodic,17,55829.08468168219,True,162,True,1.735194305596285,2.302585092994046,2.0822424843191043,2018,False,-2.4295421469663814,
locally_periodic,18,56501.02170985713,False,240,False,1.671844851109664,0.6481676569255272,2.359671091449905,2018,False,-2.2279242856188497,
locally_periodic,19,55828.70783453285,True,144,True,1.7491954356668598,2.302585092994046,2.0790897542947415,2018,True,-2.4488096985226013,
additive,0,55105.19818786055,False,240,False,1.5438658156367429,1.2232483306530875,0.7163742978420076,2018,True,1.636765477796084,-2.4999616182161817
additive,1,55113.16259033735,False,240,False,1.4539894395003723,1.2376394874842997,0.7901376944474621,2018,False,1.6509011079296179,-2.5478245879803976
additive,2,55195.30179106441,False,240,False,1.6969404513952708,1.021538956113739,0.33012607809081673,2018,False,1.4490279001295834,-2.499961618216182
additive,3,55146.52971100835,False,240,False,1.5984382245534838,1.1512925464970227,0.5868797289923422,2018,False,1.5254046336557139,-2.5906407290819553
additive,4,56061.467247591274,False,240,False,-1.8409365641090736,-1.7786446093892632,1.7805910990544036,2018,False,2.2138955394558386,-8.938178489686305
additive,5,55111.11374175964,False,240,False,1.5685275087745805,1.1291079525759788,0.6097911066832404,2018,False,1.5888884116991309,-2.518926687136273
additive,6,57288.19470531748,False,240,False,1.9268931092025674,0.7461969066217656,-0.7538225909323386,2018,False,0.5704412586590255,-3.316073616008172
additive,7,55685.982987584845,False,240,False,1.7126851437496824,0.7768795010701748,-0.2358868950715961,2018,False,1.1351811274053576,-2.5906407290819558
additive,8,55150.63228802424,False,240,False,1.6639150179236288,1.0764360506360682,0.4266293523530338,2018,False,1.5171232354304571,-2.498144673793217
additive,9,55113.62018778971,False,240,False,1.5461956157705794,1.1641449401349866,0.6338126495698043,2018,False,1.6077855446213323,-2.4783334141122078
additive,10,55298.78649669068,False,240,False,1.7026014686151703,0.9643924571793134,0.11758566747171936,2018,False,1.3630125557606745,-2.5399790195320966
additive,11,55903.02829453666,False,240,True,-1.1904539822936862,2.302585092994046,1.9401518493749705,2018,False,2.1952831041610628,-2.3606187606527733
additive,12,55107.41852327566,False,240,False,1.5664247418146644,1.1684594202933365,0.67933978376902,2018,False,1.611279353834354,-2.499961618216182
additive,13,55694.45027932665,False,240,False,1.687777383948871,1.2664218011467256,0.40589712852158566,2018,False,1.2855569634443544,-2.771998950813508
additive,14,55119.85190195503,False,240,False,1.4572494390078619,1.2952041148091507,0.8457268962190839,2018,False,1.6829784532122323,-2.545633680976795
additive,15,55740.029048315715,False,240,False,-2.933519252912391,-1.8348724959796303,1.7345610139166934,2018,False,2.117836050594873,-2.9430482295162137
additive,16,55569.42917271968,False,240,False,-1.4875482586200892,-0.7670323405451165,1.766060526282122,2018,False,2.3213479272496094,-2.473146558913495
additive,17,55755.90626554744,False,240,False,-2.593591773336933,-2.0723265836946414,1.7212730165710937,2018,False,2.090522785497049,-3.794310764526095
additive,18,55127.20477517231,False,240,False,1.6193355444743616,1.0833623278012898,0.516708547956471,2018,False,1.5456367848287393,-2.5354568519136236
additive,19,55763.58223023084,False,240,False,-2.1903687127765306,-1.9603489657299207,1.759733168104935,2018,False,2.147558789097027,-4.948297611592146
se,0,60323.31409325525,True,145,False,1.5932985415069383,1.3821055457134883,-2.0557810078115795,2019,True,,
se,1,60324.18128790134,True,139,False,1.5966508742106005,1.3843318315077975,-2.0437562196146737,2019,False,,
se,2,60323.95064368444,True,139,False,1.5979917493057956,1.3821055457134883,-2.0643138597288373,2019,False,,
se,3,60324.81626257385,True,133,False,1.5982869718776367,1.3880934461906305,-2.040692489849492,2019,False,,
se,4,60323.42136261391,True,121,False,1.5989968094638765,1.3856861502394966,-2.0505667963197203,2019,True,,
se,5,60323.42720696337,True,207,False,1.5932985415069378,1.38057542488204,-2.0557810078115812,2019,True,,
se,6,60324.25149179803,True,103,False,1.60429207291053,1.385285493522221,-2.0438360537812903,2019,False,,
se,7,60324.27914367254,True,121,False,1.5944393020211527,1.381493986819041,-2.066029740639019,2019,False,,
se,8,60323.93152047609,True,109,False,1.6008376869954177,1.3805134760721471,-2.050362230071498,2019,False,,
se,9,60324.031346853655,True,133,False,1.5951868484161316,1.384036137100005,-2.0448294067488693,2019,False,,
se,10,60324.05246933075,True,132,False,1.5932985415069376,1.3870251986071402,-2.0466050711475576,2019,False,,
se,11,60324.343215675864,True,133,False,1.6075363069889248,1.3878865232808757,-2.044321090138615,2019,False,,
se,12,60323.656714436176,True,121,False,1.5932985415069376,1.379524881897097,-2.054381846414104,2019,True,,
se,13,60323.32935827898,True,201,False,1.59432544649506,1.3837227584350154,-2.0557810078115812,2019,True,,
se,14,60323.4873633371,True,196,False,1.605574231261767,1.3854824603703852,-2.0557810078115772,2019,True,,
se,15,60324.020249920824,True,133,False,1.6071886303464156,1.3864238260963455,-2.0460978584378826,2019,False,,
se,16,60323.96908028545,True,115,False,1.5934570188990524,1.3861578764490525,-2.0460493291119826,2019,False,,
se,17,60324.29920958877,True,103,False,1.608854114725278,1.388897276837394,-2.0465115300376913,2019,False,,
se,18,60323.721255086464,True,121,False,1.6034064804960169,1.3876229092703887,-2.0500118730400234,2019,True,,
se,19,60323.30246370121,True,121,False,1.5984753457451883,1.3835848617349662,-2.051467980818617,2019,True,,
matern32,0,56473.10363705081,True,127,False,1.7551990558580821,2.0803666498109283,-2.4411672289911297,2019,False,,
matern32,1,56473.02303104066,True,161,False,1.7601586389798578,2.0842774797662855,-2.4411672289911266,2019,False,,
matern32,2,56473.105381985166,True,109,False,1.7776300087430255,2.0848299632646827,-2.462804238510373,2019,False,,
matern32,3,56473.44968150097,True,121,False,1.7498712474418865,2.073530347371517,-2.466309732716569,2019,False,,
matern32,4,56473.40982755624,True,115,False,1.7825506006188283,2.092525960974373,-2.44443103418033,2019,False,,
matern32,5,56473.11555076936,True,143,False,1.7550581018700855,2.0814429350025425,-2.441167228991126,2019,False,,
matern32,6,56472.467284492464,True,109,False,1.7622630880556978,2.0829371762570053,-2.4557896391565848,2019,True,,
matern32,7,56472.81307823175,True,145,False,1.7644453653325018,2.0867635308581987,-2.445176093738387,2019,True,,
matern32,8,56474.84815288936,True,155,False,1.7934510331547298,2.0980536801229746,-2.4411672289911275,2019,False,,
matern32,9,56473.348458419976,True,173,False,1.7771001583055694,2.0869035555666158,-2.4411672289911275,2019,False,,
matern32,10,56472.55528034318,True,121,False,1.7739303766794337,2.0826517677957384,-2.4544013868923247,2019,True,,
matern32,11,56472.31509474819,True,97,False,1.7645657954965077,2.0833790742255136,-2.4503798399852474,2019,True,,
matern32,12,56473.18717110607,True,149,False,1.7748857131378881,2.0853283150581228,-2.4638370067075717,2019,False,,
matern32,13,56472.606561654306,True,115,False,1.7733189660206274,2.082325294527804,-2.4517085652209065,2019,True,,
matern32,14,56472.601511372886,True,149,False,1.773188001897096,2.0874751199537633,-2.453473786493895,2019,True,,
matern32,15,56472.41568300087,True,127,False,1.7596659385679714,2.0822496949095837,-2.452708589365258,2019,True,,
matern32,16,56474.123999675,True,155,False,1.7886912310759184,2.089393306329581,-2.4638370067075708,2019,False,,
matern32,17,56473.0707560745,True,109,False,1.7591658174561735,2.0764955423840386,-2.4660482644847366,2019,False,,
matern32,18,56472.896166388615,True,167,False,1.764716579684506,2.081294305549711,-2.4638370067075717,2019,False,,
matern32,19,56472.68729066927,True,115,False,1.7755972586166546,2.0880551383602337,-2.454052945695943,2019,True,,
matern52,0,57415.733497491376,True,139,False,1.701232217741034,1.7846325351343653,-2.2824787849760217,2019,True,,
matern52,1,57415.46623213013,True,127,False,1.6961887323532807,1.790119625919894,-2.2743653717526597,2019,True,,
matern52,2,57415.756839674825,True,150,False,1.7047982075157329,1.787109334423187,-2.2824787849760217,2019,True,,
matern52,3,57415.89112497882,True,115,False,1.7027761743104728,1.7936518744776861,-2.2685185667976966,2019,False,,
matern52,4,57415.57161024265,True,97,False,1.7005463465750077,1.7859181401302031,-2.272335132138977,2019,True,,
matern52,5,57416.55128540189,True,133,False,1.706961115519902,1.7929332654764978,-2.262123844032648,2019,False,,
matern52,6,57415.91402468073,True,115,False,1.6955570129175959,1.7899203572996996,-2.265060767269176,2019,False,,
matern52,7,57416.34003152282,True,165,False,1.6832432717020163,1.7819763488808078,-2.2681816734893276,2019,False,,
matern52,8,57415.67199891752,True,127,False,1.7070547851597577,1.7877049736056534,-2.279189710088206,2019,True,,
matern52,9,57415.97022222033,True,145,False,1.6832432717020176,1.7824416534653826,-2.2710124021354416,2019,False,,
matern52,10,57415.38848376785,True,121,False,1.6979398766846099,1.78944899761378,-2.2763811350550123,2019,True,,
matern52,11,57416.13289399592,True,145,False,1.7132094135670894,1.7924689792359254,-2.279031503867944,2019,False,,
matern52,12,57415.7973156933,True,127,False,1.6860933363111803,1.7872827303056489,-2.269899182229489,2019,True,,
matern52,13,57415.31104961888,True,127,False,1.6961336586848499,1.7867911080571206,-2.2728728468958965,2019,True,,
matern52,14,57415.535521455844,True,127,False,1.7035954080443327,1.7871853978550756,-2.2732309307297833,2019,True,,
matern52,15,57416.000683223334,True,138,False,1.6832432717020167,1.7843540973234286,-2.2689584062846184,2019,False,,
matern52,16,57415.35168832218,True,115,False,1.6938570570403673,1.7847539865076347,-2.275127889320387,2019,True,,
matern52,17,57415.770179449,True,109,False,1.6915670177537896,1.78736762711483,-2.281481782640212,2019,True,,
matern52,18,57416.13893244491,True,115,False,1.6996104624410557,1.7869967667442745,-2.286606273449789,2019,False,,
matern52,19,57415.82499063316,True,155,False,1.7052303570201175,1.7891859912896988,-2.2824787849760186,2019,True,,
periodic,0,65350.37100932698,True,103,False,1.6832432717020183,0.1367159898965217,-1.6703947866320306,2019,False,,
periodic,1,65349.6169074357,True,115,False,1.6758219105626861,0.1283744210187066,-1.6945862252609845,2019,False,,
periodic,2,65349.04091081183,True,127,False,1.6660554144342812,0.12641539103985075,-1.6816638466366514,2019,True,,
periodic,3,65349.12817882739,True,127,False,1.6743505576672086,0.12596898878519505,-1.6790586248494765,2019,True,,
periodic,4,65348.84916965685,True,115,False,1.6695016932124773,0.1253264055660649,-1.6871824916337403,2019,True,,
periodic,5,65348.93622950252,True,121,False,1.6874909651695051,0.12997397886801562,-1.681576100172018,2019,True,,
periodic,6,65349.04715160815,True,133,False,1.6882306947672505,0.13167582605484135,-1.6793917252471169,2019,True,,
periodic,7,65349.04142915687,True,85,False,1.6850219923761471,0.1264461400139778,-1.6886303419840718,2019,True,,
periodic,8,65349.32234267607,True,207,False,1.6792552813751012,0.12446472377609055,-1.6930645643484759,2019,False,,
periodic,9,65349.316595563156,True,139,False,1.6902834364251542,0.13169355702364108,-1.6899127564329506,2019,True,,
periodic,10,65348.732004307676,True,157,False,1.6791788541041404,0.12952041148091487,-1.6874148781071907,2019,True,,
periodic,11,65349.640105335115,True,133,False,1.696414388820336,0.13682987226699256,-1.6816573222085751,2019,False,,
periodic,12,65349.25956672792,True,115,False,1.6677736243070396,0.1255718326645515,-1.6916014248812603,2019,True,,
periodic,13,65348.735474930836,True,115,False,1.6777018709601812,0.12978601192379421,-1.686972613593614,2019,True,,
periodic,14,65350.7085993527,True,161,False,1.6943286773528166,0.1376885321145944,-1.670394786632028,2019,False,,
periodic,15,65349.45963099436,True,148,False,1.6863568447781296,0.1294598693784669,-1.693064564348472,2019,False,,
periodic,16,65348.66845272045,True,127,False,1.6775790640435901,0.1303805053219149,-1.6832375971920732,2019,True,,
periodic,17,65348.92975662118,True,115,False,1.6870818496313258,0.1332157428131179,-1.6844462145276295,2019,True,,
periodic,18,65349.26901856871,True,109,False,1.680566866480079,0.13038905882056073,-1.675666822717888,2019,True,,
periodic,19,65349.208562014916,True,109,False,1.6930043244911268,0.1342500875471239,-1.682639595162371,2019,True,,
locally_periodic,0,56489.30309402828,True,200,True,1.755199055858082,2.302585092994046,2.0885814863297214,2019,True,-2.4411672289911297,
locally_periodic,1,56489.645653365464,True,240,True,1.746030606451562,2.302585092994046,2.079406212614769,2019,True,-2.4451238107957467,
locally_periodic,2,56490.14954122346,True,145,True,1.7599448784437353,2.302585092994046,2.09344533607147,2019,False,-2.433957091632137,
locally_periodic,3,56489.369826522045,True,144,True,1.749828372856717,2.302585092994046,2.080380988556502,2019,True,-2.454921871014223,
locally_periodic,4,56490.26512268383,True,161,True,1.7801981100350672,2.302585092994046,2.099508235007744,2019,False,-2.4411672289911275,
locally_periodic,5,56489.536214135675,True,240,True,1.7550586300678133,2.302585092994046,2.0870986628387334,2019,True,-2.4562658643629787,
locally_periodic,6,56489.40806157713,False,240,True,1.764447592187838,2.302585092994046,2.0863251349640755,2019,True,-2.4435676989801016,
locally_periodic,7,56489.127840223664,True,150,True,1.7514026508717335,2.302585092994046,2.0838662771773473,2019,True,-2.4515341265165738,
locally_periodic,8,56489.91061506985,True,128,True,1.7597090316866497,2.302585092994046,2.0915251828091717,2019,False,-2.434637200861631,
locally_periodic,9,56489.14190270225,True,150,True,1.7656110341941935,2.302585092994046,2.086887136163712,2019,True,-2.448661120784585,
locally_periodic,10,56548.82041201565,False,240,True,1.928696546011203,2.302585092994046,2.1625150149988626,2019,False,-2.4564721685500985,
locally_periodic,11,56490.729693425965,False,240,True,1.7849851959725527,2.302585092994046,2.0957525068563685,2019,False,-2.457507893400474,
locally_periodic,12,56490.42682384091,False,240,True,1.785231762493672,2.302585092994046,2.094403252537232,2019,False,-2.4476196155712504,
locally_periodic,13,56489.70888638552,True,157,True,1.7538039936639194,2.302585092994046,2.0789334325849627,2019,False,-2.4577855388239622,
locally_periodic,14,56503.25721575317,False,240,True,1.8114395787945947,2.302585092994046,2.1156632281291796,2019,False,-2.474922751784481,
locally_periodic,15,56491.27533680014,False,240,True,1.789801390266886,2.302585092994046,2.0967963228485154,2019,False,-2.4411672289911275,
locally_periodic,16,56490.151422400755,True,149,True,1.7836444543116319,2.302585092994046,2.096912930014964,2019,False,-2.4479355193181496,
locally_periodic,17,56489.38601207909,True,144,True,1.7532633184323552,2.302585092994046,2.0891093541611006,2019,True,-2.446148653859,
locally_periodic,18,56489.410177431455,True,201,True,1.7630292776653074,2.302585092994046,2.0857604805625014,2019,True,-2.443342583849536,
locally_periodic,19,56489.30366789611,True,216,True,1.7575265423421855,2.302585092994046,2.0899226247666753,2019,True,-2.441167228991131,
additive,0,55757.13185641395,False,240,False,1.5932985415069383,1.1656837033282363,0.6218954554000753,2019,False,1.5874764586833237,-2.531846339856906
additive,1,55826.425810610584,False,240,False,1.3767136108977958,1.566793087272641,1.0168200686208624,2019,False,1.7372534867968643,-2.4475764446035866
additive,2,56555.45692860782,False,240,False,1.8605105975631724,0.819575342025818,-0.33639318357095216,2019,False,1.027750181474115,-2.7585441170213483
additive,3,55758.01548744866,False,240,False,1.5167953164937602,1.2952041148091507,0.7548563037516444,2019,False,1.6581207357843224,-2.507393913093338
additive,4,55821.0656863647,False,240,False,1.5338111358376927,1.1512925464970234,0.6598739340603988,2019,False,1.6427194483911716,-2.3958276735582427
additive,5,55766.143326259335,False,240,False,1.500107061429847,1.2376394874843,0.7818033520999847,2019,False,1.6701098983534597,-2.463628249081773
additive,6,55757.86143326202,False,240,False,1.5888313038960382,1.1619220595967523,0.6578733474781077,2019,False,1.5904204219112827,-2.5224645042710865
additive,7,59022.813047901116,False,240,False,2.0156805227976133,0.6698050851805502,-0.8029795916769555,2019,False,0.3260692700959934,-5.660275664726196
additive,8,55754.64955954064,False,240,False,1.5625291159535624,1.1686798757691932,0.6751618103755819,2019,True,1.6174680536113597,-2.529811748894612
additive,9,55831.88606069752,False,240,False,1.269497512804651,1.95719732904494,1.100649513937712,2019,False,1.793718496622923,-2.505076673298175
additive,10,56155.8241515944,False,240,False,1.6809513689338398,0.9210340371976188,0.04444270372039805,2019,False,1.2779353477768158,-2.7585441170213483
additive,11,56236.63030979553,False,240,False,-1.8305044815349274,-0.8416482345784555,1.7012322177410346,2019,False,2.2244165504238578,-2.4890308502246326
additive,12,55826.599531865504,False,240,False,1.7620205273147407,1.0208380306850655,0.391233057089113,2019,False,1.5167532839438607,-2.4991180372007644
additive,13,55756.22283574488,False,240,False,1.5815950381389265,1.1671977595161707,0.6298317850882724,2019,False,1.5909693377254939,-2.5287837759386753
additive,14,55913.23121035612,False,240,False,1.701232217741035,0.9785986645224695,0.18342887565496402,2019,False,1.3786722339619948,-2.5771858952897917
additive,15,56402.80549118265,False,240,False,-2.737208669998528,-1.856459231226449,1.7925424010535984,2019,False,2.1471925667648635,-3.12126056048445
additive,16,55793.529788145664,False,240,False,1.3677984542076602,1.4391156831212784,1.0069753718516423,2019,False,1.7599886683612571,-2.504608371367008
additive,17,55794.497477679324,False,240,False,1.4158999290919463,1.3815510557964272,0.9139091304267661,2019,False,1.6710596048260276,-2.5166772642568285
additive,18,55755.45712141952,False,240,False,1.5150238020848044,1.2716180068259098,0.7964593555075022,2019,False,1.6648416201036609,-2.503703513739638
additive,19,55904.37750498894,False,240,True,1.1255859444925225,2.302585092994046,1.1930297497467235,2019,False,1.8632511866375183,-2.433045405751181
se,0,60996.545966324906,True,139,False,1.5975188485067178,1.3821055457134885,-2.0515607008118,2020,False,,
se,1,60996.149584162864,True,133,False,1.6032181792549207,1.3858248668971174,-2.065749192897288,2020,True,,
se,2,60996.13693169404,True,138,False,1.5975188485067175,1.3818196734255395,-2.0544844437606606,2020,True,,
se,3,60995.86143775036,True,109,False,1.608198986363638,1.3819322546210124,-2.061109155098912,2020,True,,
se,4,60996.228973603866,True,143,False,1.5975188485067173,1.3873366045965085,-2.058921694828198,2020,True,,
se,5,60998.08037132208,True,109,False,1.6116582929587193,1.391650365576996,-2.0454591437217653,2020,False,,
se,6,60995.88011264261,True,138,False,1.5975188485067173,1.3850732354073152,-2.0554252129668806,2020,True,,
se,7,60996.7593695823,True,195,False,1.605866824444246,1.382053141119076,-2.0515607008118026,2020,False,,
se,8,60997.117708850434,True,225,False,1.597518848506717,1.3783646797414846,-2.074230478528247,2020,False,,
se,9,60995.628901369084,True,120,False,1.5975188485067173,1.3826355064507105,-2.0609160031057865,2020,True,,
se,10,60996.92687021937,True,97,False,1.5900606526440986,1.3772247943875393,-2.0697007970843906,2020,False,,
se,11,60996.01460886515,True,121,False,1.6108354811250265,1.3846248059409716,-2.0650458383584285,2020,True,,
se,12,60996.70577914009,True,132,False,1.5975188485067173,1.3876754687383699,-2.0501192735950946,2020,False,,
se,13,60996.23881206474,True,127,False,1.6073994633701758,1.3853603890837802,-2.051959509583393,2020,True,,
se,14,61044.16207614298,False,240,False,1.5615409564286857,1.416918534504349,-2.0288909230953633,2020,False,,
se,15,60996.45790371495,True,103,False,1.6129871552564594,1.3853589370892319,-2.067285008721538,2020,False,,
se,16,60996.246960018776,True,79,False,1.6031639668459292,1.383256907144125,-2.052390487850426,2020,False,,
se,17,60995.78894397494,True,115,False,1.6073967003792962,1.3823957993828646,-2.0641707618831955,2020,True,,
se,18,60995.72316920667,True,121,False,1.6037314474319224,1.3819535506277025,-2.064759012337849,2020,True,,
se,19,60997.55487057258,True,208,False,1.5988837143482466,1.3761716760787348,-2.0742304785282473,2020,False,,
matern32,0,57079.94887087056,True,115,False,1.7774083088968777,2.0885814863297214,-2.4596166997077935,2020,True,,
matern32,1,57080.07702164927,True,109,False,1.7609087081069659,2.082594396318012,-2.453341947154602,2020,True,,
matern32,2,57080.06509668853,True,127,False,1.7648727342107697,2.077443008189546,-2.4665804195119625,2020,True,,
matern32,3,57079.897824460786,True,151,False,1.759410110693308,2.0787442036447907,-2.459219120673562,2020,True,,
matern32,4,57080.108898754515,True,121,False,1.7700262115019145,2.0879738576657725,-2.4533708923136617,2020,True,,
matern32,5,57081.0983103128,True,109,False,1.7579984186664468,2.0736841094089096,-2.4762422722952473,2020,False,,
matern32,6,57084.319882008436,True,121,False,1.8052041829678414,2.104546480543714,-2.4423399210891414,2020,False,,
matern32,7,57080.00730604149,True,139,False,1.7650464237789285,2.078480044674678,-2.459658239997925,2020,True,,
matern32,8,57081.110539878966,True,121,False,1.7894691874511586,2.0885990400480874,-2.4705456047419583,2020,False,,
matern32,9,57080.43700447902,True,115,False,1.7697750299325112,2.082295528032301,-2.47288333643862,2020,True,,
matern32,10,57079.9470385161,True,115,False,1.7612585450574512,2.0808563833461777,-2.4657821524883077,2020,True,,
matern32,11,57080.20161974423,True,133,False,1.7555333546933098,2.0750791565759372,-2.4629341917010366,2020,True,,
matern32,12,57079.913167895065,True,145,False,1.766944223248567,2.0860026681906976,-2.45669101716402,2020,True,,
matern32,13,57080.40636686794,True,127,False,1.7672780386316165,2.082576165905215,-2.4718980273214264,2020,True,,
matern32,14,57079.88253706497,True,145,False,1.7738008245942314,2.0824121288332016,-2.463468163658094,2020,True,,
matern32,15,57079.88030833681,True,132,False,1.7622809273333824,2.083375409481121,-2.4596166997077953,2020,True,,
matern32,16,57079.94813506768,True,210,False,1.7594193628578636,2.0803666498109297,-2.4563220971481057,2020,True,,
matern32,17,57079.99312777478,True,115,False,1.7708628148256267,2.087867978240059,-2.4593299843761978,2020,True,,
matern32,18,57080.57006699928,True,103,False,1.7887285401407296,2.090395725339759,-2.461979823919308,2020,False,,
matern32,19,57080.0202662168,True,133,False,1.7646934894541437,2.0780986251244657,-2.460380446946786,2020,True,,
matern52,0,58036.890280048996,True,139,False,1.7054525247408139,1.7928473716531586,-2.278258477976241,2020,True,,
matern52,1,58037.3547742169,True,127,False,1.699553567213093,1.7885737889119568,-2.291843790872583,2020,False,,
matern52,2,58037.78761057378,True,115,False,1.7068384838161377,1.7844649576183527,-2.2949193556593728,2020,False,,
matern52,3,58037.07523245354,True,161,False,1.698517810894384,1.7845992957575283,-2.278258477976239,2020,True,,
matern52,4,58036.745304045675,True,121,False,1.702445555786658,1.7857357720606906,-2.283828084769106,2020,True,,
matern52,5,58037.09801552113,True,157,False,1.6937803123297144,1.782944956583403,-2.280234618627786,2020,True,,
matern52,6,58036.79019636655,True,139,False,1.691812512830966,1.7864782921106326,-2.2833916264919654,2020,True,,
matern52,7,58037.496230858946,True,127,False,1.6850955681056106,1.7806943619032602,-2.2888213731921216,2020,False,,
matern52,8,58036.72822698427,True,212,False,1.6960473265412297,1.7877988566154561,-2.2782584779762436,2020,True,,
matern52,9,58036.88960427491,True,127,False,1.7097338062111853,1.7883510195334997,-2.2826000704066707,2020,True,,
matern52,10,58037.550402309666,True,121,False,1.7025746044051109,1.7895765770472147,-2.270348403976739,2020,False,,
matern52,11,58037.37238447988,True,133,False,1.696515010208195,1.7859395116931058,-2.29317121569461,2020,False,,
matern52,12,58036.9495896159,True,115,False,1.6920739281441413,1.7876392279170414,-2.2770020612100224,2020,True,,
matern52,13,58037.46784079419,True,145,False,1.7024082461473025,1.788476271368615,-2.2715618701336306,2020,False,,
matern52,14,58036.92341624367,True,133,False,1.6891520333704895,1.7857404018911982,-2.2832461787604363,2020,True,,
matern52,15,58036.875502165654,True,127,False,1.7005691256056523,1.7918796524708436,-2.280207729042984,2020,True,,
matern52,16,58037.34502321265,True,145,False,1.7032453728003982,1.7944757842564834,-2.2744301895377657,2020,False,,
matern52,17,58038.45967905587,True,115,False,1.6805339126464423,1.7773881957270936,-2.2929681195427776,2020,False,,
matern52,18,58038.57707318528,True,149,False,1.723441470779829,1.7961116659005003,-2.2892209890911306,2020,False,,
matern52,19,58036.815966155606,True,151,False,1.7096521619351557,1.789158157004249,-2.283931249821883,2020,True,,
periodic,0,66171.2965991302,True,109,False,1.6874635787017978,0.1295204114809153,-1.6888442573486948,2020,True,,
periodic,1,66171.4432498134,True,127,False,1.691678266223368,0.13455468451449976,-1.6841211601424622,2020,True,,
periodic,2,66171.87670869006,True,115,False,1.6711875783241246,0.12281116302721568,-1.6917888083859705,2020,True,,
periodic,3,66171.35212948929,True,115,False,1.6750117661511674,0.12769042006172962,-1.6832666279658852,2020,True,,
periodic,4,66171.69870183451,True,139,False,1.6874015851917603,0.12892282643689387,-1.6797458791968662,2020,True,,
periodic,5,66172.46879741857,True,145,False,1.6988672607153286,0.13452384045476254,-1.6928915969554412,2020,False,,
periodic,6,66172.46546822204,True,121,False,1.6903212864936745,0.13184333873035042,-1.6961846387734816,2020,False,,
periodic,7,66171.85426283695,True,127,False,1.6782630427737397,0.12674390995493987,-1.6947469477903931,2020,True,,
periodic,8,66171.65818988961,True,121,False,1.6767391029945322,0.12693190418538525,-1.6930390541976825,2020,True,,
periodic,9,66171.33958180525,True,240,False,1.6856685653631307,0.13165053333016702,-1.6888442573486975,2020,True,,
periodic,10,66172.28527009947,True,145,False,1.6677480711994275,0.1213416505757278,-1.693444512660415,2020,False,,
periodic,11,66171.56744763615,True,139,False,1.6773189601709202,0.1291945859326577,-1.6792918242472996,2020,True,,
periodic,12,66171.48347778582,True,149,False,1.6892944730332096,0.12777066504790346,-1.6888442573486928,2020,True,,
periodic,13,66171.74701583637,True,109,False,1.688256198125303,0.12947869522652947,-1.693371833176503,2020,True,,
periodic,14,66171.88030675246,True,115,False,1.6756387428710033,0.13168706426065532,-1.677152154174184,2020,True,,
periodic,15,66171.42240154852,True,139,False,1.6734502173364687,0.12937840240999385,-1.6829814701936516,2020,True,,
periodic,16,66171.64268200152,True,133,False,1.6866380446242577,0.13133711504986434,-1.678105044813669,2020,True,,
periodic,17,66171.42413370527,True,144,False,1.6912071455761812,0.13030421384704266,-1.6888442573486933,2020,True,,
periodic,18,66171.4443971795,True,103,False,1.6892993057300525,0.12794708894197807,-1.687823137476217,2020,True,,
periodic,19,66171.86851458729,True,151,False,1.6796870232927912,0.12890845081114474,-1.6943306721378013,2020,True,,
locally_periodic,0,57096.8383833993,True,200,True,1.7594193628578616,2.302585092994046,2.0885814863297214,2020,True,-2.4596166997077935,
locally_periodic,1,57097.75722264441,True,157,True,1.7791594765029723,2.302585092994046,2.092470579624545,2020,False,-2.4673794981356036,
locally_periodic,2,57097.553728710496,False,240,True,1.7546292782672983,2.302585092994046,2.091279867771086,2020,False,-2.447190050914259,
locally_periodic,3,57097.19393976567,True,182,True,1.7653302729537692,2.302585092994046,2.0867910952398514,2020,True,-2.449819214466654,
locally_periodic,4,57103.48357675834,False,240,True,1.7537770464917843,2.302585092994046,2.080106000614721,2020,False,-2.428381161597774,
locally_periodic,5,57096.86538419633,True,209,True,1.76809604247036,2.302585092994046,2.092016501010631,2020,True,-2.4596166997077917,
locally_periodic,6,57097.71216105521,True,150,True,1.77367585283033,2.302585092994046,2.088157708601503,2020,False,-2.4694019966912566,
locally_periodic,7,57096.975029807974,True,159,True,1.7613491805264583,2.302585092994046,2.08547698167197,2020,True,-2.4520833944403604,
locally_periodic,8,57096.866592967555,False,240,True,1.761004957198099,2.302585092994046,2.084134838348622,2020,True,-2.459616699707796,
locally_periodic,9,57099.45984678883,False,240,True,1.735208728636231,2.302585092994046,2.070404145717243,2020,False,-2.459616699707796,
locally_periodic,10,57097.80928030226,True,213,True,1.7674806571185406,2.302585092994046,2.0970692409931306,2020,False,-2.4433830120715276,
locally_periodic,11,57097.91903737256,True,210,True,1.7421153946761219,2.302585092994046,2.081577585214236,2020,False,-2.449118693765959,
locally_periodic,12,57097.35972629137,True,207,True,1.7812550123331288,2.302585092994046,2.0954457150664596,2020,True,-2.4596166997077917,
locally_periodic,13,57096.985351503754,True,208,True,1.7717445946613932,2.302585092994046,2.09357813072164,2020,True,-2.4596166997077917,
locally_periodic,14,57097.31515623197,True,189,True,1.748514056102661,2.302585092994046,2.079672384071883,2020,True,-2.4596166997077917,
locally_periodic,15,57096.98192801201,True,181,True,1.7665959390462853,2.302585092994046,2.092559467980665,2020,True,-2.459495879540338,
locally_periodic,16,57137.72365190252,False,240,True,1.6867286648106097,2.302585092994046,2.056814437036833,2020,False,-2.3916073665584596,
locally_periodic,17,57096.98710925708,True,232,True,1.75433790551897,2.302585092994046,2.0879286653432865,2020,True,-2.45627461623243,
locally_periodic,18,57096.800190905386,True,240,True,1.759732128518831,2.302585092994046,2.089432647638594,2020,True,-2.457084450526633,
locally_periodic,19,57097.14061218789,True,175,True,1.7655797820491956,2.302585092994046,2.0918666739034304,2020,True,-2.462175800358729,
additive,0,56368.02918024683,False,240,False,1.4895851722726219,1.2376394874843002,0.7700273307119826,2020,False,1.636765477796084,-2.572965588290014
additive,1,57009.93452417728,False,240,False,-2.7894432681428922,-1.8664320959428962,1.7716191063930578,2020,False,2.1330429637824295,-3.117040253484671
additive,2,56506.6066537273,False,240,False,1.705452524740814,1.0361632918473211,0.4182627414948089,2020,False,1.5264699019235197,-2.391607366558464
additive,3,57058.21043436494,False,240,False,-2.1320381229198637,-1.9462716198671506,1.804135973388539,2020,False,2.2048107871761773,-7.865714528384067
additive,4,56367.17782261975,False,240,False,1.4884114380435325,1.2637008597601074,0.7949342310214611,2020,False,1.6382585850813918,-2.5524077256783424
additive,5,57731.39354129713,False,240,False,1.9784281639854953,0.805904782547916,-0.680526073705314,2020,False,0.875713599251079,-2.75432381002157
additive,6,56386.69555882097,False,240,False,1.6334967405847494,1.0649456055097462,0.5264742288563231,2020,False,1.535716853150957,-2.532771665787207
additive,7,56386.88928893034,False,240,False,1.63349674058475,1.1225102328345977,0.5360894194813489,2020,False,1.528471756136951,-2.5729655882900127
additive,8,56391.551767787154,False,240,False,1.4676875967162217,1.4400463565686157,0.9435754988993381,2020,False,1.7361991602050535,-2.542453645257803
additive,9,56362.591506080396,False,240,False,1.5004020638164608,1.2743550275739053,0.8060052227900151,2020,True,1.6622528399079548,-2.5472355498722346
additive,10,56364.441667427105,False,240,False,1.4992083096630604,1.3382796570330628,0.8315436707053757,2020,False,1.6714489337650171,-2.5167380692011276
additive,11,56407.56725770874,False,240,False,1.3786524600620416,1.4886692804473467,1.0442905406032064,2020,False,1.7697009838266253,-2.529538880563401
additive,12,56381.86526534918,False,240,False,1.5584247021370459,1.1225102328345975,0.5884274461980566,2020,False,1.581849898913676,-2.572965588290012
additive,13,56410.379893491816,False,240,False,1.309630240497537,1.5621089132829173,1.0483795046590503,2020,False,1.7741719063504489,-2.5208577884902903
additive,14,57011.67123804065,False,240,False,-2.8605049597469194,-1.7097779619768052,1.8071766340205333,2020,False,2.1639608823520997,-2.867767984217656
additive,15,56446.3853216555,False,240,False,1.2972077856756703,1.9571973290449394,1.1094038386929648,2020,False,1.766961022108221,-2.492580732139306
additive,16,56412.988683431424,False,240,False,1.7054525247408132,1.078325618564933,0.4322137058599115,2020,False,1.5335372913368948,-2.517601923694952
additive,17,56838.550282409655,False,240,False,-2.056206671129429,-0.8942183869973483,1.7528610304970285,2020,False,2.243592116861342,-2.4862633784153743
additive,18,56388.37680088228,False,240,False,1.478348584337916,1.2088571738218745,0.7510957930344251,2020,False,1.6375388124984027,-2.459912692756877
additive,19,57016.348735485764,False,240,False,-2.2568502316416965,-1.9941185034480386,1.7742656241447206,2020,False,2.1365152662121045,-5.338553022738502
se,0,61678.36150859819,True,139,False,1.597156029538707,1.3821055457134885,-2.074593297496255,2021,False,,
se,1,61695.659909040085,False,240,False,1.55557646133223,1.3857930519686863,-2.029253742063374,2021,False,,
se,2,63745.503903919336,False,240,False,1.4985979867477779,1.0934361409811497,-2.3919701855264797,2021,False,,
se,3,61678.60514190145,True,151,False,1.604929291955664,1.3794114946864704,-2.0768700581675166,2021,False,,
se,4,95758.86866496612,False,240,False,1.4172665691485469,0.1595821542003678,-6.019134620157515,2021,False,,
se,5,61678.36315773405,True,161,False,1.6095073248500469,1.382009478741888,-2.074593297496253,2021,False,,
se,6,61678.12151260309,True,127,False,1.6020694813129743,1.3862264566156577,-2.0677634887873224,2021,True,,
se,7,61677.59561785632,True,109,False,1.6058758283812307,1.3829294810034916,-2.0637810097527507,2021,True,,
se,8,61678.40729978234,True,121,False,1.6018194430967148,1.3774429210697123,-2.0727298064366586,2021,False,,
se,9,61678.19402049597,True,109,False,1.6064919624439036,1.3788874635386936,-2.0711931118917555,2021,True,,
se,10,61678.15642641742,True,109,False,1.605178086877941,1.3856742071554522,-2.0566705039092517,2021,True,,
se,11,61677.68077284572,True,103,False,1.6070694126871305,1.3827991666685366,-2.0687278057653624,2021,True,,
se,12,61678.394532711216,True,161,False,1.6057869701915646,1.3834972875001796,-2.074593297496253,2021,False,,
se,13,61677.806438254476,True,139,False,1.6107158995372652,1.383633122138779,-2.06343349613025,2021,True,,
se,14,61677.649672782456,True,127,False,1.6059675460166165,1.3849181336743046,-2.063449385401085,2021,True,,
se,15,61677.65009562172,True,127,False,1.5981220235464921,1.383773829184839,-2.065513375410972,2021,True,,
se,16,61714.13733253768,False,240,False,1.6364116450590438,1.3692947595305829,-2.029253742063374,2021,False,,
se,17,61689.436369789146,False,240,False,1.626640496844536,1.3935385623102843,-2.029253742063374,2021,False,,
se,18,61678.36784178702,True,115,False,1.609355461289282,1.3805656941510487,-2.074373424245463,2021,False,,
se,19,61678.28082002784,True,127,False,1.5971560295387066,1.3819755921481882,-2.0571777234479582,2021,False,,
matern32,0,57713.37778724935,True,115,False,1.777045489928867,2.0885814863297214,-2.459979518675804,2021,True,,
matern32,1,57713.29179865414,True,161,False,1.77558515056675,2.087501933092703,-2.4599795186758024,2021,True,,
matern32,2,57714.13057886195,True,127,False,1.7756718511813738,2.090720503686675,-2.4540524425584165,2021,False,,
matern32,3,57713.21898731924,True,145,False,1.7723614596013462,2.0873410366896836,-2.4675564473219915,2021,True,,
matern32,4,57713.44454684404,True,115,False,1.7592108707128575,2.073517776570698,-2.475910058843145,2021,True,,
matern32,5,57713.53154642752,True,127,False,1.7569285385687483,2.0763178518865733,-2.4609834181258563,2021,True,,
matern32,6,57713.52368043143,True,127,False,1.779511520076558,2.084981617028439,-2.4604285807156483,2021,True,,
matern32,7,57713.36499943092,True,127,False,1.771935529560255,2.08089056190208,-2.4615219057174778,2021,True,,
matern32,8,57713.17365976235,True,115,False,1.7563831006261938,2.078951056049346,-2.4654752823522275,2021,True,,
matern32,9,57713.1628551357,True,127,False,1.7747928537064017,2.081446794677098,-2.475447735361564,2021,True,,
matern32,10,57713.44829133837,True,127,False,1.765598402521627,2.080285941589079,-2.458538696665723,2021,True,,
matern32,11,57713.309331536555,True,163,False,1.7746480895537258,2.07947655586355,-2.4748797014495394,2021,True,,
matern32,12,57714.34169793461,True,213,False,1.7828535149633085,2.0819577121169597,-2.482649296392251,2021,False,,
matern32,13,57713.05347018232,True,199,False,1.7784066265854974,2.084799511226873,-2.4707887939625626,2021,True,,
matern32,14,57713.143972367296,True,109,False,1.7805301208699218,2.0864735906114382,-2.4661468284736245,2021,True,,
matern32,15,57713.35563322032,True,149,False,1.761919522343076,2.0833916620498307,-2.4599795186758024,2021,True,,
matern32,16,57713.49586817716,True,109,False,1.7770153061426583,2.090100865765618,-2.461818860459593,2021,True,,
matern32,17,57713.31035621175,True,121,False,1.7794560820467367,2.089362848125501,-2.465919935519503,2021,True,,
matern32,18,57713.52293311787,True,115,False,1.758375062877834,2.075535859177187,-2.4623772219593536,2021,True,,
matern32,19,57713.01609168929,True,157,False,1.7672700725862736,2.0799493337720447,-2.475024528106303,2021,True,,
matern52,0,58679.61510188774,True,121,False,1.7050897057728032,1.7928473716531586,-2.2786212969442516,2021,False,,
matern52,1,58679.65270626005,True,109,False,1.6961312139024523,1.7842248661276179,-2.3006086678396516,2021,False,,
matern52,2,58679.31263098492,True,133,False,1.7005372974714723,1.7839626728135176,-2.2834780229877376,2021,True,,
matern52,3,58679.70822803698,True,97,False,1.6920534473378674,1.7855900367910829,-2.2782462882059433,2021,False,,
matern52,4,58679.03710298921,True,127,False,1.6923927421793667,1.7837635267320557,-2.2855811017586505,2021,True,,
matern52,5,58679.07408267804,True,127,False,1.694839334625609,1.7842103208663662,-2.295589762472604,2021,True,,
matern52,6,58681.2354999614,True,133,False,1.6776004047474802,1.774280194283666,-2.3009421558639898,2021,False,,
matern52,7,58679.38324826119,True,157,False,1.692111860521363,1.7835867362942757,-2.2820575989782412,2021,True,,
matern52,8,58679.57960264076,True,139,False,1.7061799317434003,1.7886357097247843,-2.298497867020837,2021,False,,
matern52,9,58678.95721422868,True,109,False,1.7072711661966495,1.7871248603411516,-2.286410543413489,2021,True,,
matern52,10,58679.13614397633,True,127,False,1.7121086173759474,1.7888582803328448,-2.2923589851487165,2021,True,,
matern52,11,58680.62898117765,True,149,False,1.6829169679668,1.7762010522163347,-2.301291074660694,2021,False,,
matern52,12,58679.14683202839,True,133,False,1.7019492018010194,1.7914089990917288,-2.2855105174296875,2021,True,,
matern52,13,58679.23712295745,True,115,False,1.7055417751208362,1.790289700245022,-2.293610068051396,2021,True,,
matern52,14,58679.09944873354,True,126,False,1.7050897057728034,1.7911121029648454,-2.2897592027718416,2021,True,,
matern52,15,58679.303598641476,True,151,False,1.6880631573284008,1.7849179399508395,-2.2841701555851714,2021,True,,
matern52,16,58679.95892727205,True,139,False,1.7164721161840744,1.795050500539933,-2.2799887962276184,2021,False,,
matern52,17,58679.44027711126,True,145,False,1.7017373723745126,1.7880330735318255,-2.2786212969442534,2021,True,,
matern52,18,58679.13240884033,True,145,False,1.6996485521314257,1.7819111990506542,-2.292568420257816,2021,True,,
matern52,19,58679.09922270264,True,126,False,1.7050897057728025,1.7857211953767151,-2.285011208334779,2021,True,,
periodic,0,66937.15762459463,True,109,False,1.687100759733787,0.1295204114809153,-1.6892070763167055,2021,True,,
periodic,1,66937.28605344788,True,115,False,1.6811963968772603,0.12916524046401398,-1.6847702733432175,2021,True,,
periodic,2,66955.23949172671,False,240,False,1.6751603255952343,0.15957488508260453,-1.6665372986002684,2021,False,,
periodic,3,66938.44189699145,True,127,False,1.673291488473645,0.12477469580058004,-1.7011106603893495,2021,False,,
periodic,4,66937.72980932661,True,103,False,1.6962743772230238,0.13376367496627387,-1.6914972151658576,2021,True,,
periodic,5,66937.25132842806,True,190,False,1.67557902156868,0.12847283714048757,-1.6892070763167035,2021,True,,
periodic,6,66938.6581887858,True,97,False,1.669929368873391,0.12541704509523757,-1.6791256418609746,2021,False,,
periodic,7,68576.73262295515,False,240,False,1.4172665691485469,-0.18600494193353595,-1.6665372986002684,2021,False,,
periodic,8,66938.24986420988,True,109,False,1.696213294855078,0.1356954993881738,-1.6795162728141162,2021,False,,
periodic,9,66937.78825730394,True,121,False,1.6825866423323854,0.12936516137130238,-1.6806118243480277,2021,True,,
periodic,10,66937.98694296014,True,133,False,1.688697811851876,0.12668150880080284,-1.6986813638680494,2021,False,,
periodic,11,66937.27964548819,True,121,False,1.6744964102706927,0.1262431681656384,-1.6904013526267763,2021,True,,
periodic,12,66937.40742256166,True,121,False,1.6930220136231036,0.12985113839495926,-1.6902856323386461,2021,True,,
periodic,13,66938.18294751343,True,109,False,1.6832804507746477,0.1267738022308119,-1.7005531953179793,2021,False,,
periodic,14,66937.9619153335,True,127,False,1.6884242486246177,0.12990298348524054,-1.6981045376734658,2021,False,,
periodic,15,66937.33733441947,True,127,False,1.6759615088138007,0.1284943669259378,-1.6855784975412247,2021,True,,
periodic,16,66938.10216063037,True,151,False,1.6932331756141512,0.13285369564071134,-1.6795301926764554,2021,False,,
periodic,17,66937.71625071926,True,133,False,1.6899018231700824,0.1264083948248947,-1.6956437821600099,2021,True,,
periodic,18,66937.1728435355,True,167,False,1.6851562118267376,0.13112526948699188,-1.6892070763167035,2021,True,,
periodic,19,66937.19289037085,True,139,False,1.6806357747337886,0.12747502627676283,-1.6873969371554414,2021,True,,
locally_periodic,0,57729.968007309726,True,200,True,1.7590565438898509,2.302585092994046,2.0885814863297214,2021,True,-2.459979518675804,
locally_periodic,1,57782.63505499378,False,240,False,1.7882293497544486,2.230696247583232,2.1123239065116532,2021,False,-2.5350862970079877,
locally_periodic,2,57796.80572179317,False,240,True,1.6791029880212571,2.302585092994046,2.0307281388811678,2021,False,-2.5685382023922534,
locally_periodic,3,57732.54073025283,False,240,True,1.7610013109574643,2.302585092994046,2.0967963228485145,2021,False,-2.4660273193292648,
locally_periodic,4,57790.62131942084,False,240,False,1.788464122461924,1.6171154976560629,2.1029011818632237,2021,False,-2.460967595707099,
locally_periodic,5,57730.56099076664,True,145,True,1.7561126643171803,2.302585092994046,2.083942061376251,2021,False,-2.4537048193624127,
locally_periodic,6,57730.506591347104,True,159,True,1.7542635946136402,2.302585092994046,2.078072854990875,2021,False,-2.470440212524454,
locally_periodic,7,57730.95673694747,False,240,True,1.7879507377904997,2.302585092994046,2.0966537415513127,2021,False,-2.4636497034550726,
locally_periodic,8,57731.094493982244,True,222,True,1.751061500184458,2.302585092994046,2.0788751600820063,2021,False,-2.4785536874506273,
locally_periodic,9,57768.00585459184,False,240,False,1.823556157472458,1.9006210230421339,2.1121221729507744,2021,False,-2.430122909360538,
locally_periodic,10,57731.928554298385,True,182,True,1.7556323994179137,2.302585092994046,2.075727041183263,2021,False,-2.4826492963922466,
locally_periodic,11,57816.29424158718,False,240,False,1.8484835578111043,1.6550077864296084,2.1625150149988617,2021,False,-2.3919701855264703,
locally_periodic,12,57730.651807038084,True,193,True,1.754979684315332,2.302585092994046,2.087129337268124,2021,False,-2.4516660402938073,
locally_periodic,13,57729.93478004794,True,239,True,1.759801785095992,2.302585092994046,2.088661204351874,2021,True,-2.459979518675803,
locally_periodic,14,57930.854282202155,False,240,True,1.849841714078758,2.302585092994046,2.15258528619231,2021,False,-2.2688607971447703,
locally_periodic,15,57730.25137029253,True,165,True,1.767015362215925,2.302585092994046,2.0843109691265873,2021,True,-2.473012283926897,
locally_periodic,16,57730.45074372602,True,214,True,1.759162911909171,2.302585092994046,2.0870790515810183,2021,False,-2.4727585823012372,
locally_periodic,17,57731.82252180207,False,240,True,1.770203186995298,2.302585092994046,2.081692671743417,2021,False,-2.482649296392247,
locally_periodic,18,57729.85579820856,True,189,True,1.7615036294894786,2.302585092994046,2.086445604477934,2021,True,-2.4596376426078255,
locally_periodic,19,57729.91938645131,True,193,True,1.7609322469757869,2.302585092994046,2.0891093070403626,2021,True,-2.459979518675806,
additive,0,56989.62715132968,False,240,False,1.597156029538707,1.1512925464970236,0.6437418894708601,2021,False,1.6039061317209107,-2.5279888518251363
additive,1,57791.56550425348,False,240,False,-0.09380489812879486,-0.37417007761153265,1.6478500582250175,2021,False,2.5484251741623636,-2.3624693195548665
additive,2,57643.854876754696,True,240,False,-2.9000804802152884,-1.8569890356975467,1.7682434396133546,2021,False,2.1253375162102475,-3.025431102708851
additive,3,57757.695808912365,False,240,False,-2.1341451436881793,-1.8278681854699448,1.8360103426036452,2021,False,2.217646299751062,-4.296231513707774
additive,4,57214.491689675284,False,240,False,1.7298124017336192,0.9021764470115117,0.11045599171790238,2021,False,1.3400310824318258,-2.573328407258024
additive,5,57014.400423009516,False,240,False,1.5961501265298657,1.0727539234353263,0.581148164985041,2021,False,1.599012178771415,-2.48150758798842
additive,6,57666.69893795601,False,240,True,-2.1904786781916905,-1.9956267360001858,1.848238026828662,2021,False,2.184346669233718,-11.822597715567216
additive,7,57160.55554656951,False,240,False,1.1294434325242912,2.0723265836946414,1.1294434325242921,2021,False,1.8359111834088988,-2.574833855846468
additive,8,57466.113460935725,False,240,False,-1.6768321495622016,-0.8029574728423211,1.7486472961154078,2021,False,2.282831464905254,-2.4925882131728736
additive,9,57059.62575898745,False,240,False,1.5151641549541872,1.2664218011467256,0.7101586436319687,2021,False,1.5516858836915097,-2.599093208668622
additive,10,57647.30950469075,False,240,False,-2.759887183746105,-1.8280137300119468,1.7836393156380657,2021,False,2.1428370769145566,-3.117403072452682
additive,11,57000.454784672984,False,240,False,1.5971560295387064,1.1268302320413446,0.5665090230692605,2021,False,1.5726228368493897,-2.5427271470710724
additive,12,57041.153079420794,False,240,False,1.414201462022558,1.604637383988608,1.0063881249414848,2021,False,1.721328964607714,-2.587513022023856
additive,13,57005.277583451956,False,240,False,1.6236835297200163,1.131194363720734,0.5587799279273333,2021,False,1.5752101927419433,-2.508880128013555
additive,14,56985.58864030571,False,240,False,1.5514616871703293,1.2037347388821802,0.7250979341589654,2021,True,1.6256078128931044,-2.5323423244055916
additive,15,57312.4475822566,False,240,True,0.8416202959000363,2.3025850929940455,1.463156530188956,2021,False,1.9071207214377537,-2.4349186256725366
additive,16,57263.82903085277,False,240,False,1.417266569148548,1.842068074395237,0.7757435735928656,2021,False,1.6145021754877167,-2.3919701855264703
additive,17,58139.14915974359,False,240,False,1.7072113955668602,0.693275437253807,-0.5428113442221336,2021,False,0.9403210034901007,-2.7546866289895804
additive,18,57044.91041612635,False,240,False,1.3309366033529675,1.5533681093597898,1.0574876483682283,2021,False,1.7682028620967782,-2.561002259919589
additive,19,57000.13083573711,False,240,False,1.4017422530419588,1.3239864284715763,0.9039216304393791,2021,False,1.7022761534869952,-2.5263412069828237
se,0,62401.54546768025,True,139,False,1.5952842011210737,1.3821055457134885,-2.0764651259138875,2022,False,,
se,1,62401.40407583027,True,161,False,1.6016528315926188,1.3817442785481973,-2.0764651259138858,2022,False,,
se,2,62400.8337428383,True,127,False,1.5934073779109827,1.3798594219551084,-2.067686422440776,2022,True,,
se,3,62410.77036343301,False,240,False,1.617441476499889,1.3907533028660877,-2.0311255704810067,2022,False,,
se,4,62413.33138740252,False,240,False,1.6260175302573914,1.387494268390098,-2.0311255704810067,2022,False,,
se,5,62401.78243544915,True,161,False,1.5966174941338378,1.3774851365093341,-2.0764651259138858,2022,False,,
se,6,62400.84354952756,True,121,False,1.5952842011210746,1.3851668595673652,-2.059830715814513,2022,True,,
se,7,62401.647336027236,True,91,False,1.6041533671802186,1.3803170082536904,-2.0773107577643355,2022,False,,
se,8,62401.02225898374,True,109,False,1.6102899881373582,1.3835637781305752,-2.0706166088579225,2022,True,,
se,9,62401.32644444137,True,109,False,1.6089058516037245,1.3864649286214634,-2.071111555034448,2022,False,,
se,10,62401.426373462054,True,115,False,1.5952842011210744,1.377594423977171,-2.072751455347983,2022,False,,
se,11,62400.59999856027,True,121,False,1.5948488087293244,1.383038564158712,-2.063217512173528,2022,True,,
se,12,62400.700371680236,True,121,False,1.5952842011210748,1.3804890940913042,-2.067083312865072,2022,True,,
se,13,62402.0514664926,True,115,False,1.5964421794096324,1.3793793322219432,-2.0796306204549957,2022,False,,
se,14,62400.89763458308,True,127,False,1.5902104508935482,1.3812250829588162,-2.0637850600782106,2022,True,,
se,15,62401.38662949353,True,109,False,1.6024586667289749,1.3852727693561033,-2.054870049943386,2022,False,,
se,16,62401.494405335994,True,195,False,1.5998737473301625,1.3793133093113945,-2.07646512591389,2022,False,,
se,17,62401.14371336537,True,133,False,1.6025700697475587,1.3848643868829211,-2.0727840499130923,2022,True,,
se,18,62400.86913449304,True,109,False,1.6029236291584505,1.3858481603274344,-2.0585753015973984,2022,True,,
se,19,62413.99617603038,False,240,False,1.5679532679734693,1.3900086775362812,-2.0311255704810067,2022,False,,
matern32,0,58379.35150511326,True,115,False,1.7751736615112337,2.0885814863297214,-2.461851347093437,2022,False,,
matern32,1,58378.74874862356,True,139,False,1.7703984766647913,2.0824488613235554,-2.4707256574560645,2022,True,,
matern32,2,58378.75693821153,True,127,False,1.7650684193046162,2.080631986677956,-2.4677996803357165,2022,True,,
matern32,3,58379.07792376641,True,127,False,1.755876026083392,2.0783887646406587,-2.473843140564151,2022,True,,
matern32,4,58378.990385341254,True,127,False,1.775173661511235,2.08624821358611,-2.4714006380895186,2022,True,,
matern32,5,58379.48919088005,True,133,False,1.76611397086984,2.0749019391832535,-2.479454374745918,2022,False,,
matern32,6,58379.00461747222,True,133,False,1.7671443850373219,2.08257420607847,-2.4760058017694533,2022,True,,
matern32,7,58378.9619422042,True,133,False,1.7702047291847205,2.085818780514166,-2.4691127794981806,2022,True,,
matern32,8,58380.25260535879,True,115,False,1.740414409706586,2.0695028321374913,-2.4750633849865653,2022,False,,
matern32,9,58379.99073581444,True,132,False,1.775155435427195,2.0788485668194894,-2.4845211248098797,2022,False,,
matern32,10,58379.33371072527,True,127,False,1.7551211498483754,2.073257049742666,-2.469536487963877,2022,False,,
matern32,11,58379.49643256398,True,127,False,1.751152846526009,2.075626913559242,-2.477512263727277,2022,False,,
matern32,12,58378.97273956901,True,133,False,1.7673937947279945,2.0788390971993653,-2.4681750627868184,2022,True,,
matern32,13,58379.961174716685,True,127,False,1.7705058757600538,2.0762448176581008,-2.484521124809883,2022,False,,
matern32,14,58379.11242334699,True,133,False,1.7684341324620219,2.0829774008902495,-2.4772196517303606,2022,True,,
matern32,15,58379.81419582769,True,109,False,1.7837583297758188,2.0885594830864695,-2.460902607351585,2022,False,,
matern32,16,58379.15789653727,True,120,False,1.7654066416421967,2.0845670768490914,-2.4618513470934356,2022,True,,
matern32,17,58379.51148177382,True,157,False,1.7806239389651566,2.086556701582506,-2.462439946592316,2022,False,,
matern32,18,58378.91783951268,True,121,False,1.774270996993059,2.083848522099478,-2.47385093925818,2022,True,,
matern32,19,58378.965052901855,True,109,False,1.765911802122651,2.084532944042437,-2.468655616688031,2022,True,,
matern52,0,59361.72416136803,True,115,False,1.6852289313161535,1.776417698615572,-2.3031629030783285,2022,False,,
matern52,1,59360.818094292335,True,121,False,1.704109684208634,1.7914133946482722,-2.2800794820608363,2022,False,,
matern52,2,59361.060550978626,True,183,False,1.695880875276224,1.7812426175128528,-2.303162903078331,2022,False,,
matern52,3,59360.70086523337,True,121,False,1.7080336533561962,1.7891691301495134,-2.2976106967432495,2022,True,,
matern52,4,59360.151746132964,True,139,False,1.6931287243504143,1.785972394914609,-2.291531690018084,2022,True,,
matern52,5,59361.11854228089,True,121,False,1.688350648215089,1.7864487515098535,-2.2793861254755274,2022,False,,
matern52,6,59361.00738800359,True,189,False,1.689536241004805,1.7882381050275957,-2.280493125361887,2022,False,,
matern52,7,59361.5106100993,True,149,False,1.6855420946958712,1.777896564063815,-2.3031629030783267,2022,False,,
matern52,8,59360.2417941503,True,145,False,1.6927555071370441,1.7870398066262032,-2.287475267561241,2022,True,,
matern52,9,59360.30134513235,True,133,False,1.6990989220522448,1.7899194731894885,-2.288887085159608,2022,True,,
matern52,10,59361.26467458041,True,185,False,1.6886894615923225,1.7816991064135685,-2.3031629030783267,2022,False,,
matern52,11,59360.39192127163,True,109,False,1.7097832564125786,1.7889783818477447,-2.2930078041679054,2022,True,,
matern52,12,59360.48609437485,True,133,False,1.7059393728863375,1.7859174097182677,-2.297581349556634,2022,True,,
matern52,13,59360.48019440015,True,139,False,1.702346510868073,1.7889176706543581,-2.295977662502018,2022,True,,
matern52,14,59361.30858670389,True,139,False,1.7032178773551703,1.7918155028846936,-2.2766556700608147,2022,False,,
matern52,15,59360.308068442806,True,121,False,1.7050550134723954,1.7862816064613252,-2.2957970259379232,2022,True,,
matern52,16,59360.634959211995,True,145,False,1.7098193548238125,1.788737421905006,-2.2967749608147523,2022,True,,
matern52,17,59361.27557020595,True,149,False,1.6882729917975403,1.77962254555943,-2.3031629030783267,2022,False,,
matern52,18,59360.6470738063,True,157,False,1.6916930473396516,1.7871092839737146,-2.281888452297576,2022,True,,
matern52,19,59360.49465410883,True,121,False,1.6942142463582492,1.7895069708188265,-2.2873804088622034,2022,True,,
periodic,0,67697.81674882474,True,109,False,1.6852289313161537,0.1295204114809153,-1.6910789047343382,2022,True,,
periodic,1,67698.65401567373,True,115,False,1.6875273908895574,0.13060136683221701,-1.6820171799131793,2022,False,,
periodic,2,67698.86763434584,True,139,False,1.6864872734998024,0.12888687375510416,-1.7017820695491221,2022,False,,
periodic,3,67698.05503648949,True,139,False,1.6852289313161544,0.127885816971817,-1.6886841577380243,2022,True,,
periodic,4,67698.07586927392,True,103,False,1.6853815982285838,0.13080426759383226,-1.6853606184654741,2022,True,,
periodic,5,67985.74367684749,False,240,False,1.3650464453199465,0.07533271925813351,-1.6684091270179011,2022,False,,
periodic,6,67698.57839221734,True,115,False,1.6800609828835957,0.12830535453756858,-1.7006066440720886,2022,False,,
periodic,7,67698.15372326702,True,127,False,1.675990588170265,0.12656400015405017,-1.6975327923428645,2022,True,,
periodic,8,67698.21055535621,True,115,False,1.6711442668068464,0.1269563421255388,-1.6867781618945168,2022,True,,
periodic,9,67699.39055269083,True,133,False,1.6796010749523318,0.12215492876102887,-1.7038658532948654,2022,False,,
periodic,10,67698.86441523719,True,126,False,1.6852289313161544,0.13160522358789276,-1.6798502149058228,2022,False,,
periodic,11,67698.95061151945,True,145,False,1.6845130911236657,0.13088107080694336,-1.7013856122204138,2022,False,,
periodic,12,67697.87370611078,True,155,False,1.6742234083107002,0.12732408495549624,-1.691078904734336,2022,True,,
periodic,13,67697.98341451249,True,91,False,1.6854325541111932,0.13094150405831945,-1.686281538980551,2022,True,,
periodic,14,67698.50770526109,True,157,False,1.6722691398450282,0.12662320314631362,-1.6993072919800105,2022,False,,
periodic,15,67698.0900180861,True,103,False,1.6836414609703956,0.1293191774906375,-1.696923603839888,2022,True,,
periodic,16,67698.23728718483,True,133,False,1.676991635336549,0.12870527449463193,-1.6843291689472066,2022,True,,
periodic,17,67698.35588736193,True,132,False,1.6672399852771387,0.12490403884777432,-1.6890779212800546,2022,True,,
periodic,18,67697.82464764305,True,121,False,1.6794203547248048,0.1308837977525582,-1.6884985332925728,2022,True,,
periodic,19,67698.18122590336,True,109,False,1.689658439982585,0.13093678831058136,-1.6959105021053533,2022,True,,
locally_periodic,0,58396.20623939716,True,200,True,1.7571847154722176,2.302585092994046,2.0885814863297214,2022,True,-2.461851347093437,
locally_periodic,1,58832.58353104882,False,240,False,1.8643178050480433,0.9225335781087325,2.2939523992995556,2022,False,-2.3938420139441074,
locally_periodic,2,58396.68224649363,True,176,True,1.746869371609282,2.302585092994046,2.0832594952928476,2022,True,-2.4587763764763624,
locally_periodic,3,58396.90745645607,True,176,True,1.7739467008314278,2.302585092994046,2.0945516058315947,2022,False,-2.4539801790289726,
locally_periodic,4,58430.295509727104,False,240,True,1.8772362319193845,2.302585092994046,2.1296556689236876,2022,False,-2.498117532255476,
locally_periodic,5,58402.38242510415,False,240,True,1.7927098398766592,2.302585092994046,2.10459986576975,2022,False,-2.4845211248098793,
locally_periodic,6,58442.97242985733,False,240,True,1.7924911665358931,2.302585092994046,2.1122377199682356,2022,False,-2.3711779026767275,
locally_periodic,7,58396.4090529604,True,225,True,1.7569739257856913,2.302585092994046,2.0819132888891496,2022,True,-2.4618513470934396,
locally_periodic,8,58396.21805493042,True,129,True,1.7510650442935602,2.302585092994046,2.0839302010545038,2022,True,-2.4667843692053344,
locally_periodic,9,58397.117657895185,True,158,True,1.7796521388120898,2.302585092994046,2.0958129052867522,2022,False,-2.4552217810927,
locally_periodic,10,58397.35283320085,True,170,True,1.784702402098622,2.302585092994046,2.0957516042428153,2022,False,-2.4724148370536776,
locally_periodic,11,58396.32535967999,True,190,True,1.7577935656293742,2.302585092994046,2.082610367451108,2022,True,-2.461851347093435,
locally_periodic,12,58396.132844246065,True,181,True,1.7646350172596708,2.302585092994046,2.0864039414558273,2022,True,-2.461851347093435,
locally_periodic,13,58838.54175360167,False,240,False,1.65162100591669,0.7931101479902776,2.162515014998864,2022,False,-2.4381081397600095,
locally_periodic,14,58396.153579449245,True,170,True,1.7617770539201312,2.302585092994046,2.083533720373124,2022,True,-2.471722006721035,
locally_periodic,15,58396.112657477344,True,193,True,1.7667715700741955,2.302585092994046,2.087780151037974,2022,True,-2.461851347093435,
locally_periodic,16,58396.33555449175,True,201,True,1.757762441394993,2.302585092994046,2.089786499451974,2022,True,-2.4618513470934356,
locally_periodic,17,58413.22508929165,False,240,False,1.7873421155989384,2.01476195636979,2.1083235390508097,2022,False,-2.468411351377807,
locally_periodic,18,58396.25811016573,True,212,True,1.7511152967793364,2.302585092994046,2.083641750435358,2022,True,-2.461851347093435,
locally_periodic,19,58396.511692233034,True,181,True,1.769741471609183,2.302585092994046,2.09147879519143,2022,True,-2.4561119020243742,
additive,0,57642.78750308644,False,240,False,1.5952842011210737,1.1512925464970236,0.641870061053227,2022,False,1.6039061317209107,-2.529860680242769
additive,1,58128.495266092184,False,240,False,-1.74258498883774,-0.8374690978817133,1.7342223207942744,2022,False,2.27354695861829,-2.506256686316549
additive,2,57656.542084220826,False,240,False,1.560788660123864,1.1225102328345975,0.5769029777098231,2022,False,1.5548132129836194,-2.575200235675656
additive,3,58150.51112196187,False,240,False,-1.4453934303532028,-0.7392320891383597,1.786988238658408,2022,False,2.3596710914499046,-2.4459396146695482
additive,4,57717.47040997037,False,240,False,1.7032178773551692,0.9785986645224696,0.3866702502762293,2022,False,1.4686487983431682,-2.5752002356756556
additive,5,57640.80865857264,False,240,False,1.5228804736416632,1.2101691704108188,0.7509560084097143,2022,True,1.6504261189615186,-2.5127949839576695
additive,6,57641.292543052434,False,240,False,1.504654092606328,1.1729817621041598,0.7515361377402483,2022,True,1.642721666109836,-2.552084981633062
additive,7,58469.56558834306,False,240,True,-3.621510150193559,2.302585092994046,1.932073969801335,2022,False,2.1588887065090283,-2.5289763622570973
additive,8,57656.10056456735,False,240,False,1.6313514337766406,1.1081973198636503,0.5459214851402218,2022,False,1.5514946462314065,-2.5482865094618563
additive,9,57644.14791439695,False,240,False,1.6178183712571634,1.1958554519825435,0.6312082556477088,2022,False,1.5924976303186147,-2.540364562137492
additive,10,57645.00238772521,False,240,False,1.5904018009465977,1.1881787729337112,0.6532756507903746,2022,False,1.591692824427486,-2.528655276515301
additive,11,58580.82803604119,False,240,False,0.15170559344257195,-0.32397514551166456,1.5985060033115879,2022,False,2.7838546912778797,-2.2829784176289287
additive,12,58455.14845085782,False,240,False,0.8397484674824032,1.381551055796428,1.5975067291338267,2022,False,2.150108421032068,-2.393842013944103
additive,13,58272.04336275961,False,240,False,1.841846602525291,0.8828546488809119,-0.1738314349017288,2022,False,1.2302644937257958,-2.756558457407213
additive,14,58335.23257601721,False,240,False,-2.2033448844955097,-1.9433921458634005,1.8153538060543055,2022,False,2.1799556006183036,-5.29557356164895
additive,15,58311.17632791999,True,240,False,-2.4355514088644696,-2.036348691616609,1.762182755186495,2022,False,2.1201965921426247,-4.320773119841851
additive,16,57762.37642015045,False,240,False,1.1603386109453329,2.2738027793316204,1.2095245552447176,2022,False,1.8415384611409351,-2.5180879552651567
additive,17,58022.77558193879,False,240,True,0.41829327569978003,2.302585092994046,1.5523660319324468,2022,False,1.9846989999677747,-2.460904219070168
additive,18,57856.58409933541,False,240,True,1.1092362205039166,2.302585092994046,1.333413611474618,2022,False,1.882798529102571,-2.427185806854433
additive,19,58431.132658074705,False,240,True,-3.0458638769450483,2.302585092994046,1.9355323295277664,2022,False,2.1536596149260268,-2.4540597357769114
se,0,63128.43379911607,True,157,False,1.6059246322917753,1.3821055457134883,-2.065824694743186,2023,True,,
se,1,63128.40416185347,True,115,False,1.605236018882044,1.3879169084490484,-2.06353457244501,2023,True,,
se,2,63128.80608111258,True,155,False,1.6195216537368533,1.3908410414252612,-2.0658246947431844,2023,False,,
se,3,63127.949131300964,True,121,False,1.6085254424538475,1.3865382409155533,-2.067339253227887,2023,True,,
se,4,63128.61487431216,True,109,False,1.6176773644626552,1.3862349642607965,-2.0770757861111147,2023,False,,
se,5,98302.76539174776,False,240,False,1.4260351719016162,0.16519119470808669,-8.730739343377733,2023,False,,
se,6,63129.162726808674,True,121,False,1.6250259013622304,1.3905014606578723,-2.0703459513827904,2023,False,,
se,7,63128.398544931675,True,109,False,1.614079259211548,1.3818735988117334,-2.0756516280557022,2023,True,,
se,8,63128.21828739252,True,121,False,1.6055013132396183,1.3820398167705652,-2.0682853744545264,2023,True,,
se,9,63128.429363448406,True,133,False,1.6132476751188014,1.3896337811388506,-2.064953670080938,2023,True,,
se,10,63128.183846180385,True,127,False,1.61024363689807,1.3834038623311318,-2.066099964108889,2023,True,,
se,11,63129.429702274196,True,109,False,1.6162405411479337,1.388767462400918,-2.0562472341186973,2023,False,,
se,12,63128.24452064048,True,115,False,1.6076471368924037,1.3857801743057816,-2.0630182125903764,2023,True,,
se,13,63127.98287834437,True,121,False,1.6064697928968719,1.3860980767377762,-2.070428666318343,2023,True,,
se,14,63128.59262535343,True,103,False,1.6087922037595959,1.3875662519495284,-2.075039825673941,2023,False,,
se,15,63129.15276363479,True,109,False,1.609240300856804,1.390816769516776,-2.059724797415433,2023,False,,
se,16,63129.074672400515,True,85,False,1.6104551097422581,1.379795372270928,-2.0804514212444136,2023,False,,
se,17,63130.2091966915,True,115,False,1.6161164771648497,1.3797489638754894,-2.0854270702485094,2023,False,,
se,18,63128.352124598714,True,207,False,1.6121426455648202,1.3893270284136596,-2.065824694743189,2023,True,,
se,19,63128.06419598714,True,151,False,1.6145506319288498,1.3835191592781513,-2.0722984107140783,2023,True,,
matern32,0,59029.57462293784,True,109,False,1.7678251466429193,2.080366649810928,-2.4738806936391797,2023,True,,
matern32,1,59030.286995208044,True,115,False,1.7923300321624964,2.089341022047219,-2.48714846397456,2023,False,,
matern32,2,59029.40671080073,True,133,False,1.7682830724887622,2.0809191795798525,-2.4782961684916014,2023,True,,
matern32,3,59029.89682916553,True,205,False,1.786669292440032,2.0868430336792,-2.4711610412405203,2023,True,,
matern32,4,59030.05900308846,True,109,False,1.785315825060875,2.092014570261992,-2.4684547822456766,2023,False,,
matern32,5,59029.73950720743,True,157,False,1.7894947903776397,2.0875748643497034,-2.4760484007560746,2023,True,,
matern32,6,59029.46262054119,True,139,False,1.7707499795955866,2.079856767639217,-2.4772766448698893,2023,True,,
matern32,7,59030.44611981934,True,139,False,1.7912295678001944,2.0912484319698064,-2.4867002738617536,2023,False,,
matern32,8,59030.662422181376,True,115,False,1.7530578505137822,2.0720886551541287,-2.4792822075056753,2023,False,,
matern32,9,59029.728810927074,True,149,False,1.7744003949283338,2.0880958991250167,-2.473880693639178,2023,True,,
matern32,10,59029.518772555486,True,97,False,1.77152524171256,2.0847078414507165,-2.479664133589817,2023,True,,
matern32,11,59029.934595491424,True,115,False,1.7818708253283735,2.0847141697935605,-2.469776503080366,2023,True,,
matern32,12,59029.96099117969,True,121,False,1.7731774048154108,2.0810975666361515,-2.4898200921266844,2023,True,,
matern32,13,59029.620050962905,True,161,False,1.772926629148541,2.0805974478167264,-2.473880693639178,2023,True,,
matern32,14,59029.70037501358,True,145,False,1.7785146003346188,2.0801527592361273,-2.480870602301473,2023,True,,
matern32,15,59029.787660355025,True,109,False,1.7885067089748914,2.089619581297077,-2.4824005155395494,2023,True,,
matern32,16,59029.64555396508,True,126,False,1.785148867574824,2.0860089146930303,-2.4738806936391784,2023,True,,
matern32,17,59030.87889855026,True,139,False,1.8010434365334977,2.096796322848515,-2.4717192459005393,2023,False,,
matern32,18,59029.7218704023,True,172,False,1.7678251466429205,2.0846786075110026,-2.473880693639178,2023,True,,
matern32,19,59030.32759469749,True,173,False,1.767825146642918,2.0851484876838327,-2.4652616673997922,2023,False,,
matern52,0,60027.28839264804,True,121,False,1.6958693624868557,1.7846325351343653,-2.292522471907627,2023,False,,
matern52,1,60026.66859997176,True,145,False,1.709709390853134,1.7884693824200455,-2.296701516717227,2023,True,,
matern52,2,60027.66876018116,True,103,False,1.7089602572862292,1.7822792474903746,-2.307582018007044,2023,False,,
matern52,3,60027.24819274584,True,143,False,1.7107490183348881,1.793811807805026,-2.2925224719076254,2023,True,,
matern52,4,60027.66450991758,True,157,False,1.69245440397366,1.7829821304962061,-2.2920787146069705,2023,False,,
matern52,5,60027.49479478999,True,133,False,1.7072250875610022,1.7936372625286001,-2.2894154749045823,2023,False,,
matern52,6,60027.39217013825,True,121,False,1.7063796284800024,1.7850664910581624,-2.290675339239717,2023,False,,
matern52,7,60027.53535876713,True,132,False,1.6958693624868562,1.7826283770073346,-2.292522471907626,2023,False,,
matern52,8,60027.84422473787,True,145,False,1.6947856369661805,1.7831592921150825,-2.289522900407357,2023,False,,
matern52,9,60027.52098928999,True,103,False,1.7020718758061215,1.7885453089556513,-2.28657138293245,2023,False,,
matern52,10,60026.82536127059,True,227,False,1.7100835287927185,1.7903722329844776,-2.29252247190763,2023,True,,
matern52,11,60027.55048991945,True,115,False,1.717874083877606,1.7886388274249423,-2.3071341802343523,2023,False,,
matern52,12,60027.20915086263,True,121,False,1.6958693624868564,1.7831307159100371,-2.295853809279515,2023,True,,
matern52,13,60027.00992460901,True,97,False,1.708056042461458,1.7840203994732398,-2.2995860958487815,2023,True,,
matern52,14,60026.925834508686,True,127,False,1.7154379461928757,1.7892600202491176,-2.293734044592625,2023,True,,
matern52,15,60027.44863258884,True,121,False,1.7217746326450158,1.7926695643354629,-2.302213612689586,2023,False,,
matern52,16,60029.020604725534,True,103,False,1.7278405867964821,1.798203940402669,-2.2825352119646807,2023,False,,
matern52,17,60027.10156858828,True,127,False,1.7075863275834562,1.784298115751696,-2.3047248419101365,2023,True,,
matern52,18,60027.18689365955,True,139,False,1.7187014960398141,1.7896323533447906,-2.303209154203638,2023,True,,
matern52,19,60026.9275631167,True,127,False,1.706632551438764,1.7847542209994003,-2.296414799682258,2023,True,,
periodic,0,68557.44452083303,True,121,False,1.6958693624868553,0.1295204114809153,-1.7031082512800808,2023,False,,
periodic,1,68556.86377915178,True,149,False,1.6898244096911477,0.13551680571637584,-1.6804384735636346,2023,False,,
periodic,2,68556.08318139626,True,115,False,1.6910410800008897,0.13078322500250705,-1.691290466749929,2023,True,,
periodic,3,68556.06214695268,True,151,False,1.6914628706759813,0.13356111668384196,-1.6925587557747013,2023,True,,
periodic,4,68556.04760958487,True,121,False,1.6917190893049991,0.13154416794912394,-1.690644839744723,2023,True,,
periodic,5,68556.40063068186,True,121,False,1.6958693624868555,0.12994664834956537,-1.6951097957802899,2023,True,,
periodic,6,68556.68727439985,True,97,False,1.6831637453872887,0.13020744946003143,-1.6842156419741243,2023,True,,
periodic,7,68556.94431825049,True,133,False,1.686640201886628,0.13714964790320197,-1.6812433993239726,2023,False,,
periodic,8,68556.83003261045,True,115,False,1.6842220114186366,0.13032466873396942,-1.6995970360209562,2023,False,,
periodic,9,68556.17604477688,True,139,False,1.6901234431772154,0.13075120235102308,-1.6948918792720127,2023,True,,
periodic,10,68556.88300918747,True,121,False,1.6955044919650613,0.13339835532986627,-1.6815081597147372,2023,False,,
periodic,11,68557.27277784228,True,103,False,1.689381311764178,0.1312474053971976,-1.7023931685376366,2023,False,,
periodic,12,68557.20833450611,True,121,False,1.6895683869181422,0.13849996030027112,-1.6794368549545093,2023,False,,
periodic,13,68557.09075545319,True,212,False,1.6950885106884446,0.14004198910443097,-1.6804384735636388,2023,False,,
periodic,14,68557.07231664131,True,109,False,1.6949616922350275,0.1338509859042367,-1.7005364411754074,2023,False,,
periodic,15,68556.04610575402,True,115,False,1.6881534316627387,0.1332856014620017,-1.6900863055249757,2023,True,,
periodic,16,68556.27707374677,True,127,False,1.69751305002799,0.13575506724964143,-1.6855198973954186,2023,True,,
periodic,17,68556.24016171717,True,127,False,1.6967857106591904,0.13140668600313707,-1.6902891498558996,2023,True,,
periodic,18,68557.2658550778,True,121,False,1.6895402199370753,0.13813697162777253,-1.6788532727777494,2023,False,,
periodic,19,68556.76858527029,True,109,False,1.699068156447423,0.13054721758209775,-1.6982146926386166,2023,False,,
locally_periodic,0,59049.10703256403,True,200,True,1.8038030387209512,2.302585092994046,2.105011159367308,2023,False,-2.4738806936391797,
locally_periodic,1,59046.77680816455,True,199,True,1.7651952564515108,2.302585092994046,2.0858246769205224,2023,True,-2.473880693639178,
locally_periodic,2,59047.15357548115,True,189,True,1.7862317970155053,2.302585092994046,2.0931692789517578,2023,True,-2.473880693639178,
locally_periodic,3,59076.1773045827,False,240,False,1.847174259477064,2.225282745802957,2.0967963228485145,2023,False,-2.5195098609060786,
locally_periodic,4,59046.95473129241,True,197,True,1.7670189385598747,2.302585092994046,2.084422884861558,2023,True,-2.473880693639178,
locally_periodic,5,59104.404204204795,False,240,True,1.7343905607526138,2.302585092994046,2.1204016833116883,2023,False,-2.383201582773406,
locally_periodic,6,59047.58893928895,True,191,True,1.752720638962126,2.302585092994046,2.0815954115254365,2023,False,-2.4703568858127243,
locally_periodic,7,59047.35077625638,True,240,True,1.7765803640470348,2.302585092994046,2.093371234674264,2023,True,-2.4817042058627075,
locally_periodic,8,59047.454253576885,True,220,True,1.7619080627245025,2.302585092994046,2.0848473551861804,2023,False,-2.4651723778530865,
locally_periodic,9,59047.22342628018,True,171,True,1.7683636002405683,2.302585092994046,2.0897961388497497,2023,True,-2.4633661065968258,
locally_periodic,10,59046.805556200095,True,208,True,1.7802746817416686,2.302585092994046,2.0918696675590915,2023,True,-2.473880693639178,
locally_periodic,11,59047.34506666074,True,158,True,1.7601201870966636,2.302585092994046,2.0885744256913656,2023,True,-2.4654595828555013,
locally_periodic,12,59046.951907659386,True,204,True,1.7666100178688213,2.302585092994046,2.09132665149227,2023,True,-2.469935407733866,
locally_periodic,13,59047.089954441224,True,203,True,1.7762871777207987,2.302585092994046,2.0960147860160374,2023,True,-2.4699172294634475,
locally_periodic,14,59047.98116994004,False,240,True,1.796892693366655,2.302585092994046,2.098856132784114,2023,False,-2.473880693639178,
locally_periodic,15,59245.743105759844,False,240,False,1.8814670130918094,1.9609570053629604,2.162515014998863,2023,False,-2.2945609442624666,
locally_periodic,16,59179.22172185594,False,240,False,1.885799516322505,1.5542449377709813,2.190825978838715,2023,False,-2.383201582773406,
locally_periodic,17,59046.95157181572,True,233,True,1.7690121010350213,2.302585092994046,2.084817453904284,2023,True,-2.479424356141826,
locally_periodic,18,59046.94361070046,True,174,True,1.7740552401576357,2.302585092994046,2.087356067670119,2023,True,-2.472005659993515,
locally_periodic,19,59073.98608210834,False,240,True,1.82601385693106,2.3025850929940455,2.140890245526707,2023,False,-2.469579698277727,
additive,0,58290.78668889099,False,240,False,1.5699467402137435,1.1225102328345984,0.6345215461849123,2023,False,1.60390613172091,-2.5645598045049565
additive,1,58309.97204618424,False,240,False,1.5422273440366585,1.1394942437812599,0.6771455477797003,2023,False,1.6345361571445838,-2.5861095206264584
additive,2,58537.38069655462,False,240,False,1.4260351719016149,1.381551055796428,0.5828631251863079,2023,False,1.639428790172269,-2.3832015827734017
additive,3,59529.139239133714,False,240,False,1.9621360052075787,0.9210340371976184,-0.08961167347810378,2023,False,1.0045377565304936,-3.1086344696996173
additive,4,58372.77256556214,False,240,False,1.2432826264128252,1.4966803104461301,1.0799035629885354,2023,False,1.7764317004708539,-2.6020785106452036
additive,5,58289.926234465194,False,240,False,1.4862206008128787,1.2808129579779386,0.8499650737533792,2023,False,1.682151243891364,-2.5645598045049547
additive,6,59074.18989342425,False,240,False,-2.262782480964352,-2.072326583694641,1.9952973698211491,2023,False,2.1854865811538717,-9.63753045203551
additive,7,58301.32807168978,False,240,False,1.4372580900436005,1.421315434354852,0.931441525542267,2023,False,1.714272066820724,-2.5415630756770966
additive,8,58459.6500132384,False,240,False,1.3040226463497675,1.7269388197455342,1.2675039816721712,2023,False,1.8403167368673548,-2.459563350724833
additive,9,58428.33416017606,False,240,False,1.7138583085258705,1.1512925464970234,0.5936822735371062,2023,False,1.651313520268997,-2.3832015827734017
additive,10,58787.0272277856,False,240,False,-1.5134645699920386,-0.7813705031707816,1.7905186756772467,2023,False,2.3268117453747306,-2.489482986951146
additive,11,58281.0708884482,False,240,False,1.5518164589726047,1.2201143206744045,0.7519128510681327,2023,True,1.6489689368270128,-2.5460412774664274
additive,12,58505.751760075975,False,240,False,1.7138583085258705,1.3815510557964275,0.7685797345723533,2023,False,1.5431552433807383,-2.7459180262365073
additive,13,58306.71512543537,False,240,False,1.5422541321549337,1.2088571738218745,0.7025450527466609,2023,False,1.5879945727417422,-2.618189355540561
additive,14,58961.75564800549,True,221,False,-2.7640577398789588,-1.874769715532613,1.8013716799260961,2023,False,2.1485894488025865,-3.1612103017027966
additive,15,58613.080696708515,False,240,True,0.9943004669652314,2.302585092994046,1.459377049816663,2023,False,1.9458351359809132,-2.3942752913971157
additive,16,59136.662008025734,False,240,True,-1.1643730577166858,2.302585092994046,2.008421617173626,2023,False,2.1439889159217165,-2.536217677885425
additive,17,58325.00400881385,False,240,False,1.6778804164478391,1.079336762340959,0.4851917149102485,2023,False,1.5072459520384618,-2.553016394556578
additive,18,58822.10124691055,False,240,False,1.86296747441541,0.805904782547916,-0.09012250718324821,2023,False,1.2405155035560216,-2.7459180262365095
additive,19,58526.99874068,False,240,False,1.8218474590531686,0.9381718677483952,0.08396255840524416,2023,False,1.3470583938735652,-2.5645598045049547
se,0,63759.52310144475,True,157,False,1.6211555341613597,1.3903203822322818,-2.068582738912618,2024,False,,
se,1,63759.27648702472,True,139,False,1.6094815870720274,1.3901425460709,-2.0675854130037394,2024,False,,
se,2,63759.230913200765,True,133,False,1.59718345680972,1.3829905000118574,-2.0671708349026447,2024,False,,
se,3,63758.9208640055,True,115,False,1.607812393917686,1.3827512453082142,-2.068333848694197,2024,True,,
se,4,63758.79132552896,True,115,False,1.6036452657238591,1.3811115097580395,-2.0713777324640565,2024,True,,
se,5,63759.279884072974,True,109,False,1.606884711474794,1.3793501953868388,-2.0867895962462013,2024,False,,
se,6,63759.030089810694,True,139,False,1.6031665881223436,1.387506992111259,-2.0665134497418536,2024,False,,
se,7,63760.57105163215,True,103,False,1.6208969223546068,1.3917290334700843,-2.0621226041657073,2024,False,,
se,8,63759.41672225422,True,121,False,1.6203971406006028,1.3880054489048215,-2.0811399414925478,2024,False,,
se,9,63758.69660457628,True,133,False,1.6175198655779321,1.3872370904871707,-2.0709981310595094,2024,True,,
se,10,63758.78026643383,True,133,False,1.6103826264121346,1.3837124317171987,-2.0685827389126183,2024,True,,
se,11,63758.45417051403,True,139,False,1.605095663027478,1.3815341580939224,-2.073771556491033,2024,True,,
se,12,63759.18430939423,True,103,False,1.6093585475555348,1.379571575680547,-2.085734911839001,2024,False,,
se,13,63784.61951507258,False,240,False,1.5745979844403426,1.3935206330345558,-2.023243183479736,2024,False,,
se,14,63758.544957462334,True,109,False,1.6058900252157038,1.3874218630493094,-2.0750530206811413,2024,True,,
se,15,63780.80123283058,False,240,False,1.6212617458709475,1.3949764643598492,-2.023243183479736,2024,False,,
se,16,63758.34153622416,True,133,False,1.6042491196518227,1.3861763786450718,-2.0743242397979293,2024,True,,
se,17,63758.58482211649,True,97,False,1.6052787356132292,1.3861213550814022,-2.079476717314137,2024,True,,
se,18,63759.314756254775,True,202,False,1.6204335929257319,1.3894930912148893,-2.0685827389126197,2024,False,,
se,19,63758.92015156972,True,160,False,1.602704443525382,1.3878859259008154,-2.0685827389126197,2024,True,,
matern32,0,59612.720451481175,True,109,False,1.7650671024734879,2.080366649810928,-2.4766387378086123,2024,True,,
matern32,1,59612.73902479798,True,143,False,1.781557976337415,2.0855107038365936,-2.4766387378086097,2024,True,,
matern32,2,59612.86202870132,True,103,False,1.760106323449382,2.0743058866350816,-2.4939371058747746,2024,True,,
matern32,3,59612.96791771031,True,145,False,1.753953111527275,2.075688741257598,-2.487773077888826,2024,False,,
matern32,4,59612.66680666109,True,175,False,1.763579255946024,2.074761260063872,-2.4884522739897648,2024,True,,
matern32,5,59612.58383061488,True,151,False,1.7622211256616385,2.076207241715193,-2.4838355470791247,2024,True,,
matern32,6,59612.92637885662,True,178,False,1.7790664211282035,2.082904229934354,-2.4766387378086097,2024,True,,
matern32,7,59612.7709112046,True,121,False,1.7810649547668709,2.0859825903251115,-2.4949774485096596,2024,True,,
matern32,8,59612.87572728944,True,196,False,1.7727245772824205,2.088451266653628,-2.476638737808613,2024,True,,
matern32,9,59612.604304222135,True,151,False,1.7894258016370588,2.0891201467622147,-2.4847979426137536,2024,True,,
matern32,10,59613.16594113295,True,139,False,1.7796523598898266,2.0789493641874004,-2.4980520096993257,2024,False,,
matern32,11,59612.37088385533,True,127,False,1.7657528927828001,2.082633818006816,-2.483090791852067,2024,True,,
matern32,12,59612.988292118105,True,139,False,1.7650671024734879,2.084053233305546,-2.4744944008390437,2024,False,,
matern32,13,59613.55489686792,True,127,False,1.7926844100786385,2.094446244960621,-2.4744295826798863,2024,False,,
matern32,14,59612.34889392706,True,115,False,1.7767558153671983,2.0875274387652745,-2.4837234917009763,2024,True,,
matern32,15,59612.87227334335,True,196,False,1.7692048352492245,2.0868586221606362,-2.476638737808613,2024,True,,
matern32,16,59612.625049711816,True,115,False,1.7742115612409046,2.087778456029585,-2.4775015745005655,2024,True,,
matern32,17,59612.909492069884,True,127,False,1.789093621472685,2.089701425189563,-2.477556263408731,2024,True,,
matern32,18,59612.34272124395,True,175,False,1.7809976194422406,2.0830220798672108,-2.4902937898690434,2024,True,,
matern32,19,59613.947380551705,True,132,False,1.7487025259898794,2.074787252228714,-2.4766387378086123,2024,False,,
matern52,0,60619.590202188134,True,121,False,1.6931113183174242,1.7846325351343653,-2.2952805160770597,2024,False,,
matern52,1,60619.55404929505,True,121,False,1.697321486154623,1.7843333896452507,-2.3145405030707735,2024,False,,
matern52,2,60618.8931872878,True,115,False,1.706692357865844,1.7843591734685988,-2.3021363148286604,2024,True,,
matern52,3,60619.668352962515,True,145,False,1.707463997475726,1.7818690008896687,-2.315906430781948,2024,False,,
matern52,4,60619.04980123846,True,145,False,1.7030334079083276,1.7859544617103675,-2.296862107157865,2024,True,,
matern52,5,60619.117865417065,True,155,False,1.702752065542338,1.7878579043245173,-2.295280516077057,2024,True,,
matern52,6,60619.33970393699,True,145,False,1.7111002643564395,1.7882834798198732,-2.2947317500914526,2024,False,,
matern52,7,60619.64786530938,True,139,False,1.7057234300229291,1.7922948838344577,-2.2923908223281266,2024,False,,
matern52,8,60619.252036255944,True,127,False,1.6931113183174238,1.782280297526961,-2.310506338970114,2024,True,,
matern52,9,60619.0239707096,True,109,False,1.714894878290653,1.7878766151414494,-2.310080986605547,2024,True,,
matern52,10,60618.7327540446,True,115,False,1.7117975669957322,1.7871188572246848,-2.303344208293447,2024,True,,
matern52,11,60619.2034004952,True,121,False,1.6985937305884764,1.7840395490544227,-2.2974667742973502,2024,True,,
matern52,12,60619.13448579436,True,169,False,1.7129052497970612,1.7919902787474953,-2.306634310033804,2024,True,,
matern52,13,60620.026156887296,True,151,False,1.7189320942568411,1.7889625610776732,-2.3160375140971476,2024,False,,
matern52,14,60620.04601365244,True,151,False,1.713843204204573,1.7953448193607093,-2.2914513163025303,2024,False,,
matern52,15,60618.80952573833,True,151,False,1.7133403894308894,1.7908498172765837,-2.3037704914172865,2024,True,,
matern52,16,60618.783511688045,True,121,False,1.704478368788408,1.7852379528948963,-2.3099013816179426,2024,True,,
matern52,17,60619.27509713691,True,155,False,1.7144513319712482,1.7922622289488948,-2.295280516077057,2024,True,,
matern52,18,60619.029340706315,True,121,False,1.7146893184061343,1.7920668709298315,-2.298428196194254,2024,True,,
matern52,19,60619.10603171568,True,133,False,1.6973376820226271,1.781490903507085,-2.3032115058659706,2024,True,,
periodic,0,69271.48993193354,True,121,False,1.6931113183174238,0.1295204114809153,-1.705866295449513,2024,False,,
periodic,1,69271.60368311318,True,143,False,1.6953900178690973,0.1319691547046319,-1.7058662954495103,2024,False,,
periodic,2,69271.78136449975,True,139,False,1.7042037321680032,0.13671598989652126,-1.7025155574873336,2024,False,,
periodic,3,69271.72550032975,True,143,False,1.6931113183174236,0.13335176003790444,-1.7058662954495134,2024,False,,
periodic,4,69270.63049495312,True,133,False,1.684776946218888,0.1298344487729074,-1.6948839043856128,2024,True,,
periodic,5,69272.07417072254,True,127,False,1.6936910306487898,0.1270455843224298,-1.7081640636826423,2024,False,,
periodic,6,69271.04714492272,True,121,False,1.6878370981680955,0.13027517878436573,-1.6896122074416664,2024,True,,
periodic,7,69271.15852925254,True,127,False,1.6931113183174236,0.12823919192253053,-1.7027439555539785,2024,True,,
periodic,8,69337.0871771439,False,240,False,1.6497199373293725,0.1820543697628939,-1.6605267400166306,2024,False,,
periodic,9,69270.87882549502,True,133,False,1.6931113183174233,0.13692994284187793,-1.6915720784461512,2024,True,,
periodic,10,69271.4818465611,True,115,False,1.6820070756727603,0.13355403869495153,-1.6861544386697889,2024,False,,
periodic,11,69271.44395269576,True,221,False,1.6902918492414074,0.12861830637675525,-1.7058662954495099,2024,False,,
periodic,12,69270.67151185629,True,121,False,1.6925504152213866,0.1307711290760062,-1.6945376307232531,2024,True,,
periodic,13,69271.92999127923,True,121,False,1.6979033777467223,0.14039198027155683,-1.6845389638645472,2024,False,,
periodic,14,69271.01357460172,True,133,False,1.6864220693851935,0.13611394630690593,-1.690643566022315,2024,True,,
periodic,15,69272.18576250646,True,121,False,1.6805479831064662,0.13353562121886284,-1.6828481676139768,2024,False,,
periodic,16,69272.0066248737,True,115,False,1.675295160325162,0.12928637045471755,-1.6860223713274234,2024,False,,
periodic,17,69399.7193493702,False,240,False,1.684704298382219,0.064527530127583,-1.6605267400166306,2024,False,,
periodic,18,69270.78587287519,True,127,False,1.6833027747806877,0.1293542015337594,-1.700221382711733,2024,True,,
periodic,19,69272.18247334701,True,133,False,1.704380717610651,0.13480327559448382,-1.70578038228239,2024,False,,
locally_periodic,0,59632.00043917673,True,200,True,1.8010449945515197,2.302585092994046,2.105011159367308,2024,False,-2.4766387378086123,
locally_periodic,1,59630.4087085409,True,137,True,1.7500618102143082,2.302585092994046,2.0828520474759027,2024,False,-2.477369453412297,
locally_periodic,2,59727.67545718284,False,240,False,1.8279302441999543,1.6544466728684788,2.1625150149988626,2024,False,-2.3859596269428325,
locally_periodic,3,59630.064138226575,True,158,True,1.7736590258049387,2.302585092994046,2.0886205585759616,2024,True,-2.473331434011491,
locally_periodic,4,59631.16531643713,True,235,True,1.7434113731949463,2.302585092994046,2.0783665289979143,2024,False,-2.476883185619322,
locally_periodic,5,59695.12417649788,False,240,False,1.7660501090915128,1.7686394327572885,2.0989617943365375,2024,False,-2.5432972493893624,
locally_periodic,6,59702.85821921531,False,240,False,1.8676377837554108,2.1331342103642896,2.133671286449,2024,False,-2.5565157655225246,
locally_periodic,7,59629.96118372389,False,240,True,1.7739231445751005,2.302585092994046,2.0889600483241693,2024,True,-2.4739909630926826,
locally_periodic,8,59629.97829750112,True,154,True,1.7562724819686115,2.302585092994046,2.0841992396966638,2024,True,-2.4766387378086097,
locally_periodic,9,59900.727841020605,False,240,False,1.696993546880362,1.448904409597232,2.1625150149988634,2024,False,-2.2824366176285036,
locally_periodic,10,59667.64765782791,False,240,False,1.7568754745412074,2.072326583694642,2.115473913030586,2024,False,-2.408994597729743,
locally_periodic,11,59808.23445638071,False,240,False,1.758699597472903,1.2209275751038184,2.162515014998863,2024,False,-2.3860098058338286,
locally_periodic,12,77431.0815797873,False,240,False,1.282600464767488,-0.6858559393539916,3.0725713464203253,2024,False,-3.111392513869053,
locally_periodic,13,59630.07193257222,True,150,True,1.7635661169248384,2.302585092994046,2.081588833373883,2024,True,-2.4896528620637586,
locally_periodic,14,59729.14455864622,False,240,False,1.881587236261103,2.0147619563697896,2.1550547658769923,2024,False,-2.369440246386078,
locally_periodic,15,59629.975811031196,True,214,True,1.7830560485125024,2.302585092994046,2.0919498172538846,2024,True,-2.485639001340929,
locally_periodic,16,59630.26465659303,True,187,True,1.7840248870248387,2.302585092994046,2.097108167560032,2024,False,-2.483527260642674,
locally_periodic,17,59629.91647576443,True,184,True,1.7658319630486952,2.302585092994046,2.0846083739058625,2024,True,-2.4766387378086097,
locally_periodic,18,59632.619651931556,False,240,True,1.7882127615862715,2.302585092994046,2.1031720616064438,2024,False,-2.4597728735647943,
locally_periodic,19,59629.62290376381,True,150,True,1.7647981113170332,2.302585092994046,2.0875805306019948,2024,True,-2.4766387378086123,
additive,0,58870.68836984245,False,240,False,1.639144480200376,1.1225102328345984,0.6317635020154811,2024,False,1.60390613172091,-2.5673178486743886
additive,1,59100.685300102705,False,240,False,1.7876984631043222,0.9533469189201058,0.13333446570977747,2024,False,1.33163940948054,-2.6579969595401622
additive,2,58903.23684210148,False,240,False,1.5671886960443129,1.439115683121279,0.8503703269015497,2024,False,1.6950049912369989,-2.6003238311916443
additive,3,58893.14456231597,False,240,False,1.6751223722784085,1.068271917848995,0.4925629480979635,2024,False,1.5354127556614514,-2.574033805333034
additive,4,60989.3237268445,False,240,False,1.8161903290467667,0.6782999017737993,-0.847579162265957,2024,False,0.6496478862830104,-2.9300342921374964
additive,5,58937.04111576128,False,240,False,1.71110026435644,0.9950953794673724,0.3706435847099877,2024,False,1.4902511497994544,-2.567317848674386
additive,6,58873.2368233358,False,240,False,1.5671886960443124,1.1225102328345977,0.6223748930877232,2024,False,1.5931318353896708,-2.5866612419778487
additive,7,58874.494087335755,False,240,False,1.4986060412220574,1.2376394874842995,0.8205491824263004,2024,False,1.6875205833476576,-2.4966782092722974
additive,8,59759.99000545603,False,240,False,-2.030600511758885,-1.8659664458731342,1.9989234009806964,2024,False,2.293952399299557,-9.82164671793649
additive,9,59390.570903267086,False,240,False,-2.2464678642270757,-0.8922517235351931,1.7791697862849467,2024,False,2.2299147910978765,-2.466423529741023
additive,10,59371.27930397401,False,240,False,-1.4909321305884056,-0.747707072293499,1.7777533202683866,2024,False,2.322621780766605,-2.474115413213635
additive,11,58887.58467603448,False,240,False,1.6617801911441445,1.0665008204657267,0.513389288742983,2024,False,1.5494549601336058,-2.560411208509993
additive,12,59547.16051392327,False,240,False,-2.8456527039375357,-1.8492636528108426,1.8170337642662862,2024,False,2.155756607477571,-3.07177989268677
additive,13,59569.06241709573,False,240,False,-2.1965721011701373,-1.9946239753574744,1.8439628519868947,2024,False,2.1796314375035064,-8.104785639168835
additive,14,58866.47135821302,False,240,False,1.481112151696898,1.290255263965927,0.8328264076078556,2024,True,1.6855173393832446,-2.5283137625827856
additive,15,58986.41516754235,False,240,False,1.279365559420057,2.2450204656691946,0.988942596807898,2024,False,1.7402872839035615,-2.614007608835397
additive,16,59702.10645168823,False,240,False,-0.1201324164081421,-0.3603623515231433,1.643527224589531,2024,False,2.5291909527968444,-2.3942177466637915
additive,17,59388.17093663757,False,240,False,-1.3873122416549466,-0.6919479069856825,1.7726968006204094,2024,False,2.3284320434774224,-2.4404953582880036
additive,18,59037.694214661606,False,240,False,1.135453991107929,1.7269388197455338,1.2857840015686781,2024,False,1.8771511896890984,-2.455783646497021
additive,19,60349.131007544194,False,240,False,1.9408085251782965,0.7642493306278685,-0.7014994485661561,2024,False,0.8572833213035047,-2.7486760704059408
se,0,64433.89163670261,True,139,False,1.6050278565466112,1.3903203822322818,-2.0667214704883503,2025,False,,
se,1,64432.87627526166,True,109,False,1.617526976434181,1.385055612161995,-2.091336985658285,2025,False,,
se,2,64433.154042303024,True,103,False,1.599610011370452,1.3789492771474865,-2.0941073485846475,2025,False,,
se,3,64473.500195352004,False,240,False,1.5821708270780068,1.3765097161896687,-2.0213819150554686,2025,False,,
se,4,64432.65608052754,True,167,False,1.6149860914115153,1.3861047056550249,-2.0893912482047923,2025,False,,
se,5,64431.88544234778,True,139,False,1.6168027286022841,1.386909569308032,-2.0784592060922926,2025,True,,
se,6,64433.22291448069,True,115,False,1.6067545941627763,1.379307005520004,-2.0955654878066188,2025,False,,
se,7,64432.75868401925,True,133,False,1.6070335110404543,1.3873237633105515,-2.0691655712371193,2025,False,,
se,8,64432.0630128771,True,109,False,1.6004993199535114,1.3824177325616653,-2.0758574562746976,2025,True,,
se,9,64431.911511795566,True,97,False,1.5994815036700465,1.3808262232644175,-2.0838960289350164,2025,True,,
se,10,64432.92074554554,True,115,False,1.597301370113066,1.3829238094318206,-2.0711287299435535,2025,False,,
se,11,64431.807074428565,True,115,False,1.6121432690960185,1.382583465648777,-2.0777464255569495,2025,True,,
se,12,64431.88852947345,True,121,False,1.6152153483406755,1.3855265315028997,-2.075533490224835,2025,True,,
se,13,100550.42546285762,False,240,False,1.3390186907856252,0.15523754553576602,-6.011262793149609,2025,False,,
se,14,64432.94901196185,True,109,False,1.6100760411824178,1.3781441674980763,-2.092618849203272,2025,False,,
se,15,64431.83056154818,True,115,False,1.6122731618904447,1.3820914303754246,-2.0869447514780908,2025,True,,
se,16,64431.823850398956,True,133,False,1.6004868130975067,1.3832903508621872,-2.083080769132882,2025,True,,
se,17,64433.05852425289,True,201,False,1.6225835546185088,1.3864006786010115,-2.089391248204796,2025,False,,
se,18,64432.17000964674,True,160,False,1.6121786690926532,1.3808101367095327,-2.0893912482047923,2025,True,,
se,19,64432.45141581593,True,149,False,1.6050278565466107,1.378282721954116,-2.089391248204795,2025,False,,
matern32,0,60233.25482925956,True,103,False,1.7849173169367711,2.0885814863297214,-2.497447247100789,2025,True,,
matern32,1,60232.81182472773,True,149,False,1.775498801538492,2.083314505566221,-2.4974472471007862,2025,True,,
matern32,2,60233.3281277891,True,157,False,1.7657148166654009,2.08016152091964,-2.5006439737512536,2025,True,,
matern32,3,60232.917520038005,True,127,False,1.7824341236768357,2.0867766648416763,-2.4883600951517244,2025,True,,
matern32,4,60233.17198293748,True,183,False,1.7895902618157684,2.086985647879824,-2.49744724710079,2025,True,,
matern32,5,60232.90221372682,True,109,False,1.7790911263905553,2.0861782754765117,-2.4877545926787135,2025,True,,
matern32,6,60232.85516862105,True,127,False,1.7843611028696886,2.0865764002985516,-2.491773210780947,2025,True,,
matern32,7,60233.27445678228,True,127,False,1.7802510666810374,2.0884976463398623,-2.484493622379884,2025,True,,
matern32,8,60234.74684555967,True,168,False,1.802906262975788,2.091990034599097,-2.5022082725830184,2025,False,,
matern32,9,60235.701002970374,True,91,False,1.8044926305311821,2.0978208145045367,-2.4780068785411005,2025,False,,
matern32,10,60233.07358636453,True,115,False,1.7725237060340162,2.085626450559119,-2.490316722398843,2025,True,,
matern32,11,60233.643449082505,True,214,False,1.7906786969868247,2.0911106640605865,-2.49744724710079,2025,False,,
matern32,12,60233.015509754,True,91,False,1.7736423659925593,2.0775128869391604,-2.499362259507128,2025,True,,
matern32,13,60233.37128863553,True,151,False,1.79183625069749,2.0892185916762225,-2.488461974540297,2025,True,,
matern32,14,60235.457402569475,True,133,False,1.8065661727272313,2.099180470486382,-2.4836482079351545,2025,False,,
matern32,15,60233.37822905282,True,149,False,1.7637356814819145,2.073314530192446,-2.4974472471007862,2025,True,,
matern32,16,60236.52426601453,True,115,False,1.8068456879671628,2.1011629670447327,-2.4762342045262,2025,False,,
matern32,17,60233.43259993967,True,145,False,1.7789957835241061,2.0893059634852076,-2.484700640071357,2025,False,,
matern32,18,60234.77233631869,True,97,False,1.8039045370733315,2.0955313888543605,-2.496916542956747,2025,False,,
matern32,19,60233.447309441224,True,115,False,1.763754195833339,2.0758744392032744,-2.5037567941773777,2025,False,,
matern52,0,61249.005504300534,True,121,False,1.7129615327807075,1.7846325351343653,-2.3160890253692363,2025,True,,
matern52,1,61248.84212503623,True,133,False,1.7003748825134797,1.7839972511538398,-2.31049701662089,2025,True,,
matern52,2,61249.60002741752,True,109,False,1.6952432608250376,1.7805432703066384,-2.3202732209724988,2025,False,,
matern52,3,61249.06198924334,True,103,False,1.7006625401951712,1.7809471876868368,-2.3139100053952006,2025,True,,
matern52,4,61248.78588294465,True,121,False,1.7054753291287041,1.784997759594812,-2.3086323983995194,2025,True,,
matern52,5,61249.74691124624,True,133,False,1.7108755352753107,1.7876251595841084,-2.2994049805855274,2025,False,,
matern52,6,61249.051927792236,True,115,False,1.7115050882239373,1.7843115799234202,-2.3092461382678273,2025,True,,
matern52,7,61248.8228629418,True,115,False,1.711484849951432,1.7874299096827626,-2.3142998301079962,2025,True,,
matern52,8,61249.03576426927,True,161,False,1.713787911535819,1.78830197564961,-2.3160890253692337,2025,True,,
matern52,9,61249.42824223671,True,115,False,1.7082352681451483,1.7818301919390616,-2.321004278560691,2025,False,,
matern52,10,61250.106327576694,True,115,False,1.7216000038499715,1.7899743050982517,-2.3213245069898387,2025,False,,
matern52,11,61249.20222680576,True,121,False,1.7053845573518682,1.7816868980165295,-2.3191322104140952,2025,True,,
matern52,12,61248.86522752532,True,144,False,1.705813053906266,1.7836033669564824,-2.3160890253692363,2025,True,,
matern52,13,61249.033595952,True,133,False,1.7175064654062702,1.7870777082807383,-2.3109363435295447,2025,True,,
matern52,14,61249.677626380755,True,85,False,1.7139552480299647,1.789459108224085,-2.3198242793587673,2025,False,,
matern52,15,61250.63471714221,True,127,False,1.709723755841183,1.79418048544906,-2.296091292200914,2025,False,,
matern52,16,61249.0138540583,True,195,False,1.7087643356736297,1.7877173929641155,-2.316089025369237,2025,True,,
matern52,17,61249.399536685436,True,127,False,1.6949725867416914,1.7849708810457925,-2.305314510058393,2025,False,,
matern52,18,61248.782724002886,True,139,False,1.7129615327807068,1.7869411829692636,-2.3106184149195497,2025,True,,
matern52,19,61250.179656058506,True,127,False,1.7028089112102138,1.7912235095700109,-2.2983037771547936,2025,False,,
periodic,0,70019.88771102767,True,121,False,1.6949725867416912,0.1295204114809153,-1.7040050270252454,2025,True,,
periodic,1,70019.82835443589,True,151,False,1.6949725867416912,0.1323202499219357,-1.696700777651025,2025,True,,
periodic,2,70020.07073699882,True,145,False,1.6949725867416914,0.13237396861151085,-1.694154800180645,2025,True,,
periodic,3,70020.07272802579,True,127,False,1.6902226094101669,0.13287308661551633,-1.6935633779921573,2025,True,,
periodic,4,70020.91643742021,True,139,False,1.6985048243144119,0.13300231661342823,-1.7105050441072658,2025,False,,
periodic,5,70020.70323632614,True,151,False,1.7018069668385634,0.13577185924500498,-1.6906285475763152,2025,False,,
periodic,6,70019.98798796383,True,127,False,1.680944818325878,0.1298619897022593,-1.7021366950870378,2025,True,,
periodic,7,70019.93203284829,True,151,False,1.6968503430037636,0.1307948903006341,-1.6978164531682773,2025,True,,
periodic,8,70019.86787986274,True,206,False,1.6949725867416907,0.1325036980275206,-1.7040050270252465,2025,True,,
periodic,9,70058.16463882169,False,240,False,1.6207218459267438,0.10669523701143235,-1.658665471592363,2025,False,,
periodic,10,70020.54893216204,True,109,False,1.6965465142546565,0.13488441043586627,-1.6904594511989999,2025,False,,
periodic,11,70020.46295448195,True,115,False,1.6916718082365394,0.13558655645820986,-1.6910241587667805,2025,True,,
periodic,12,70019.93031936721,True,139,False,1.6911795689641176,0.12836364285509383,-1.6989059401863829,2025,True,,
periodic,13,70019.80416820639,True,115,False,1.6849843444799046,0.13132171708017218,-1.6999364866730062,2025,True,,
periodic,14,70019.86324568932,True,133,False,1.6876334974312963,0.12964409525766576,-1.6971914737427396,2025,True,,
periodic,15,70019.93393571468,True,212,False,1.6883813150794118,0.1271494126665858,-1.7040050270252465,2025,True,,
periodic,16,70020.79212096524,True,108,False,1.6769836407026748,0.12657579433460694,-1.6942466532955769,2025,False,,
periodic,17,70019.84373213319,True,103,False,1.69200510589782,0.12868428814178998,-1.7036225314293132,2025,True,,
periodic,18,70020.02473805321,True,103,False,1.6837391390530017,0.13100061995507392,-1.704017767251635,2025,True,,
periodic,19,70020.70400631474,True,127,False,1.6867655665367223,0.1296174022976111,-1.6911492725663464,2025,False,,
locally_periodic,0,60251.456135988905,True,207,True,1.7849173169367711,2.302585092994046,2.0967963228485145,2025,False,-2.4747774693843447,
locally_periodic,1,60250.493554585366,True,224,True,1.7771157243941458,2.302585092994046,2.0894552225515226,2025,True,-2.49744724710079,
locally_periodic,2,60250.622978364045,True,227,True,1.7589984490597501,2.302585092994046,2.0803666498109283,2025,True,-2.488620201864814,
locally_periodic,3,60250.474489382104,True,210,True,1.7641834848547027,2.302585092994046,2.0885131575385585,2025,True,-2.4912237029591298,
locally_periodic,4,60250.31240348976,True,230,True,1.7822932543882193,2.302585092994046,2.0917447153622373,2025,True,-2.4881357776983752,
locally_periodic,5,60252.52252983503,False,240,True,1.783059145658395,2.302585092994046,2.103008582877317,2025,False,-2.4767833477951675,
locally_periodic,6,60250.42753658103,True,129,True,1.76042751452063,2.302585092994046,2.0814175359552283,2025,True,-2.4904162017475415,
locally_periodic,7,60250.92645857696,False,240,True,1.778086062704772,2.302585092994046,2.0929061997866882,2025,False,-2.49744724710079,
locally_periodic,8,60250.531290623985,True,128,True,1.7629775582305103,2.302585092994046,2.086209264621413,2025,True,-2.4952014722260505,
locally_periodic,9,90033.71807527033,False,240,False,1.2975011836472075,-0.8329912141251206,3.0713867174807308,2025,False,-3.8349641323709966,
locally_periodic,10,60700.922583920736,False,240,False,1.771356810047972,0.8634694098727668,2.22823370714921,2025,False,-2.4964142866254337,
locally_periodic,11,60251.86172221413,True,143,True,1.7502778107764287,2.302585092994046,2.078239106144353,2025,False,-2.4802050887611062,
locally_periodic,12,60255.62568406982,False,240,True,1.8155227286876803,2.302585092994046,2.099167578262098,2025,False,-2.4824923346805203,
locally_periodic,13,60314.556141983514,False,240,False,1.8009947947510847,1.7909058301329674,2.09239469093467,2025,False,-2.4394662087619983,
locally_periodic,14,60300.35622421588,False,240,False,1.7359352448291474,1.899632701720088,2.092826793609863,2025,False,-2.4147924069795863,
locally_periodic,15,60325.72762219457,False,240,False,1.8090515469038855,2.1874558383443437,2.1031652255265216,2025,False,-2.3840983585185693,
locally_periodic,16,60281.13037701181,False,240,True,1.7098291736437146,2.302585092994046,2.032813037730744,2025,False,-2.4978966899281208,
locally_periodic,17,60250.569019892755,True,175,True,1.76356192462273,2.302585092994046,2.0805681213120324,2025,True,-2.494378956741544,
locally_periodic,18,60251.13490342461,True,199,True,1.7669283708977555,2.302585092994046,2.0900664161720055,2025,False,-2.474777469384342,
locally_periodic,19,60251.217930221246,False,240,True,1.7747534489266876,2.302585092994046,2.0967963228485145,2025,False,-2.478723440973808,
additive,0,59488.604851122866,False,240,False,1.6410057486246434,1.1225102328345984,0.5616689862836842,2025,False,1.5710467856457364,-2.565456580250121
additive,1,60400.62632553624,False,240,False,-2.0319600104260047,-1.8420680743952362,1.6115890551647454,2025,False,2.1416901958799826,-7.824845010465154
additive,2,59524.44645546719,False,240,False,1.6719828528347374,1.0256916341436724,0.4646925291285252,2025,False,1.5119663687573373,-2.6176051110643543
additive,3,59508.8941809708,False,240,False,1.5690499644685785,1.0361632918473207,0.5789516677242139,2025,False,1.6052614893410362,-2.5654565802501184
additive,4,60547.73885704798,False,240,False,0.4497362390840732,-0.26178753767747326,1.5292518115089195,2025,False,3.0977360333922044,-2.307440475827947
additive,5,60170.11873867346,True,228,True,-2.273711954050053,-2.0344681812897303,1.7784902875461603,2025,False,2.136520696576426,-11.81472588855931
additive,6,60038.40247546418,False,240,False,-1.1680713320189038,-0.6491275259699555,1.740886300934717,2025,False,2.355239860594333,-2.4298451677430997
additive,7,59605.06666602528,False,240,True,1.1373152595321951,2.302585092994046,1.0768014682891252,2025,False,1.8020628403448693,-2.5518009648570326
additive,8,60289.381202322285,False,240,False,-0.25703998667961414,-0.4237374281532298,1.6582500536655527,2025,False,2.5239632145555535,-2.3505352098398533
additive,9,63088.30220591335,False,240,False,2.1764287447798045,0.8059047825479162,-0.6815107816149806,2025,False,0.4202111134853218,-6.373979236612733
additive,10,59481.40248631482,False,240,False,1.5700882137105079,1.1452551344955877,0.6452582049097968,2025,True,1.6150750332242252,-2.565456580250118
additive,11,59570.110671768954,False,240,False,1.538255792321086,1.842068074395237,0.9275158770797474,2025,False,1.724254411182229,-2.4814240708127726
additive,12,59946.44097193013,False,240,True,0.8314131356352932,2.302585092994046,1.5938576478356263,2025,False,2.0355681555719642,-2.385737285146647
additive,13,59482.79701385611,False,240,False,1.5491676327633188,1.161169370287198,0.710251392646824,2025,False,1.6397662823872947,-2.5098198942978565
additive,14,60302.579012524264,False,240,False,-2.0730004086362537,-1.894642570204449,1.9352167681868824,2025,False,2.2380302707837023,-7.25925168613605
additive,15,60191.46019968644,False,240,False,-2.2566067462688006,-1.971657709799866,1.8319080293443881,2025,False,2.18378399157737,-5.37650901708919
additive,16,59990.22525899881,False,240,False,-1.604252550017506,-0.7869297033140098,1.7798767066098589,2025,False,2.3061457567464916,-2.4803971656895323
additive,17,60170.40879926614,False,240,True,-2.2782557425091516,-2.044665224557528,1.7987059552101488,2025,False,2.143100016790491,-11.81472588855931
additive,18,59529.20796227238,False,240,False,1.4909924940698849,1.439115683121279,0.962195698436329,2025,False,1.718212225348735,-2.490754497108303
additive,19,59661.36805172153,False,240,False,1.4251383961564508,1.7269388197455346,0.9860667331303217,2025,False,1.767733689969176,-2.3840983585185658
