kernel,start,objective,converged,evaluations,boundary_hit,param_0,param_1,param_2,test_year,best_for_fold,param_3,param_4
se,0,47770.26337825101,True,133,False,1.5790447799282297,1.3821055457134885,-1.9746748268470842,2001,False,,
se,1,47770.277002738556,True,202,False,1.5754224955532314,1.3806110815118056,-1.974674826847085,2001,False,,
se,2,47769.97317913662,True,109,False,1.57719428736662,1.3812546333897537,-1.9712832974142436,2001,False,,
se,3,47769.81103827466,True,97,False,1.5787878427791884,1.3908435855895864,-1.959730479214648,2001,False,,
se,4,47769.571025233556,True,127,False,1.571393311930686,1.3880734408250177,-1.9564318094224151,2001,True,,
se,5,47770.04798125966,True,121,False,1.562593277247207,1.3825290966316026,-1.9729342340808251,2001,False,,
se,6,47769.44955684457,True,133,False,1.5739717815785095,1.3885250890984042,-1.9619513771912538,2001,True,,
se,7,47770.11594747282,True,139,False,1.5748850768070666,1.384542222299431,-1.9536761365320077,2001,False,,
se,8,47769.342418238244,True,103,False,1.5681999168930063,1.383949288737137,-1.9627983437405263,2001,True,,
se,9,47769.8909792561,True,103,False,1.5610558338892133,1.3807953517352851,-1.9693417725780822,2001,False,,
se,10,47769.311518999544,True,85,False,1.5684247821907595,1.3856521965425452,-1.963182104653661,2001,True,,
se,11,47831.38436309353,False,240,False,1.5585793362385967,1.3693150790279307,-1.8839957159813137,2001,False,,
se,12,47769.60169017015,True,115,False,1.5700410716436044,1.3868391882079825,-1.9680550671516448,2001,True,,
se,13,47871.00859102526,False,240,False,1.5398232464842736,1.3211665640370354,-2.0653539377128665,2001,False,,
se,14,47770.382904497215,True,109,False,1.558558699846443,1.3812293912298863,-1.956947535811753,2001,False,,
se,15,47769.661717125564,True,133,False,1.5737847156514608,1.3840050120321556,-1.9578052208630634,2001,True,,
se,16,47769.37230326081,True,97,False,1.5677321345081139,1.3850935041208494,-1.9659063740955636,2001,True,,
se,17,47769.48691466774,True,115,False,1.579876450942872,1.3848498859342964,-1.9646240401174806,2001,True,,
se,18,47770.14406397991,True,139,False,1.5801959343975,1.3855912411945621,-1.973550490006566,2001,False,,
se,19,47769.653522146415,True,144,False,1.5790447799282292,1.3893337517688396,-1.9575229104452105,2001,True,,
matern32,0,44993.12159847446,True,127,False,1.7229563482403574,2.072151813292135,-2.314721492593746,2001,True,,
matern32,1,44992.85342030843,True,97,False,1.7342741874270415,2.0819715793433633,-2.3192822182702777,2001,True,,
matern32,2,44992.91938301698,True,139,False,1.7377301831473282,2.0832211999058523,-2.308604319134043,2001,True,,
matern32,3,44992.75366392282,True,201,False,1.739496640380698,2.080498018797875,-2.3147214925937467,2001,True,,
matern32,4,44992.853824766134,True,175,False,1.7445596865478894,2.082105663129716,-2.318099004004871,2001,True,,
matern32,5,44993.853046753575,True,127,False,1.7601363131368506,2.0888932761734416,-2.3222399106788654,2001,False,,
matern32,6,44995.423864822296,True,109,False,1.7033902423850282,2.0608761164314715,-2.3329169801567127,2001,False,,
matern32,7,44993.06988548329,True,109,False,1.7478025179574648,2.083618775106859,-2.31220912188554,2001,True,,
matern32,8,44993.09016605733,True,127,False,1.7307152011164812,2.08064810132279,-2.322700227019435,2001,True,,
matern32,9,44992.96852331105,True,173,False,1.7284703458536814,2.081622187313716,-2.3147214925937423,2001,True,,
matern32,10,44992.68399378695,True,144,False,1.7346571967290616,2.080403208809095,-2.314721492593744,2001,True,,
matern32,11,44992.90657151732,True,126,False,1.7240390199809563,2.0746512663020136,-2.314721492593744,2001,True,,
matern32,12,44992.81843312235,True,202,False,1.7260923930633867,2.0760149780935477,-2.3147214925937467,2001,True,,
matern32,13,44993.618886136865,True,115,False,1.757491804602862,2.087827603720071,-2.3216466226881756,2001,False,,
matern32,14,44993.2340391754,True,115,False,1.7373428114754,2.074624094634227,-2.3248300180936843,2001,False,,
matern32,15,44993.17922145774,True,144,False,1.7409452942793726,2.0842276553977053,-2.323577013015107,2001,False,,
matern32,16,44992.991814998546,True,115,False,1.7476957999705174,2.083659497054212,-2.3140722346935676,2001,True,,
matern32,17,44993.43392105483,True,103,False,1.7495952123258993,2.0870541860636,-2.3236540158073558,2001,False,,
matern32,18,44992.987619509426,True,167,False,1.7258307971537186,2.0802440080929143,-2.314721492593743,2001,True,,
matern32,19,44993.199850514946,True,97,False,1.7257916571798086,2.0727634192981204,-2.326294640919518,2001,False,,
matern52,0,45682.4425389153,True,109,False,1.6510005640842937,1.7846325351343653,-2.156033048578637,2001,False,,
matern52,1,45682.76431811572,True,115,False,1.6801274437885891,1.801843309648747,-2.1411453561054015,2001,False,,
matern52,2,45682.27852108695,True,109,False,1.6530007054383513,1.7871437022522823,-2.15110553207075,2001,False,,
matern52,3,45681.69784924551,True,121,False,1.6722721299358105,1.7911595398466154,-2.156971694971567,2001,True,,
matern52,4,45682.18391420736,True,97,False,1.677752045255337,1.790553932348196,-2.162668491326006,2001,False,,
matern52,5,45681.68528096858,True,121,False,1.6702062868847323,1.792409163171444,-2.158808377472156,2001,True,,
matern52,6,45681.75622779031,True,139,False,1.6615262751080992,1.7891087253648772,-2.1556615725780848,2001,True,,
matern52,7,45681.88470802584,True,115,False,1.6675500834492405,1.7927361710181555,-2.147143740999047,2001,True,,
matern52,8,45682.09682324405,True,109,False,1.6762681184530512,1.7957877097652506,-2.1450983848615865,2001,True,,
matern52,9,45682.90699786864,True,121,False,1.6466533480274463,1.7824688285902526,-2.1580582492263862,2001,False,,
matern52,10,45681.85070161125,True,115,False,1.659777696564566,1.79232133073366,-2.1511327334827466,2001,True,,
matern52,11,45681.76417510053,True,133,False,1.6635945466155595,1.7920250684137007,-2.1497776221979916,2001,True,,
matern52,12,45682.38807012457,True,133,False,1.674411388866615,1.7949715184859383,-2.1424633406353015,2001,False,,
matern52,13,45681.88174833475,True,132,False,1.6689895101233092,1.788632621520138,-2.159812334629234,2001,True,,
matern52,14,45683.26490620033,True,121,False,1.6672077079805379,1.8004143756983928,-2.137526203147264,2001,False,,
matern52,15,45681.7921706711,True,149,False,1.6707720638325076,1.7896498460265118,-2.1560330485786343,2001,True,,
matern52,16,45681.867651702785,True,121,False,1.6747993035255555,1.7982410227994738,-2.1527910064962708,2001,True,,
matern52,17,45682.524854358315,True,115,False,1.6690137314108664,1.7881124655546479,-2.1679059460837373,2001,False,,
matern52,18,45681.835906394714,True,219,False,1.674963222926351,1.7971497690118774,-2.156033048578638,2001,True,,
matern52,19,45682.11791653891,True,97,False,1.6549289116504395,1.788453172561066,-2.1508194630647317,2001,True,,
periodic,0,51604.224993934055,True,121,False,1.6510005640842935,0.1223248330653089,-1.6119583833839786,2001,True,,
periodic,1,51604.26181126175,True,201,False,1.6515194125077315,0.12188340182860247,-1.61195838338398,2001,True,,
periodic,2,51705.63575117855,False,240,False,1.6058625190185918,0.13912455184367045,-1.7026374942497609,2001,False,,
periodic,3,51603.99753313327,True,121,False,1.6584090564090663,0.12733729484347325,-1.6037555287821845,2001,True,,
periodic,4,51604.61911482879,True,121,False,1.6532507022107192,0.12742282996132953,-1.6145254803300142,2001,False,,
periodic,5,51604.29517736264,True,103,False,1.6557386945748,0.1250243385529435,-1.6127721410004727,2001,True,,
periodic,6,51604.04599222466,True,127,False,1.6496487854960056,0.12924354578373615,-1.6028374642181946,2001,True,,
periodic,7,51604.11334617325,True,115,False,1.656744516388555,0.1303608235735061,-1.6063833402091703,2001,True,,
periodic,8,51604.2307126965,True,200,False,1.6562406103862024,0.12531545582798975,-1.61195838338398,2001,True,,
periodic,9,51604.913422175516,True,133,False,1.657158299923357,0.12977208760603928,-1.592718454554783,2001,False,,
periodic,10,51604.390544530506,True,145,False,1.6550762141523105,0.12177003208753046,-1.612226061407111,2001,True,,
periodic,11,51604.08597301965,True,121,False,1.6462681236557304,0.12155240764754283,-1.6067559359878374,2001,True,,
periodic,12,51679.234733318124,False,240,False,1.5506142631911786,0.07658605789836181,-1.7026374942497609,2001,False,,
periodic,13,51604.19935323601,True,121,False,1.6493455850330927,0.12234716739877599,-1.6118370330687795,2001,True,,
periodic,14,51604.52190818774,True,133,False,1.6450648431315285,0.1260086228850792,-1.6132461318477482,2001,False,,
periodic,15,51604.176215504005,True,206,False,1.6510005640842933,0.12470329191237803,-1.6119583833839797,2001,True,,
periodic,16,51604.75670722494,True,139,False,1.6533469456854812,0.13137441981645767,-1.593643559699605,2001,False,,
periodic,17,51605.27480952123,True,127,False,1.6459782649707866,0.11778136334509856,-1.619085238514036,2001,False,,
periodic,18,51604.85530439857,True,127,False,1.6366929636790521,0.12237680659836486,-1.5971317948051946,2001,False,,
periodic,19,51604.53140900881,True,139,False,1.6438311332759248,0.12876604403334457,-1.5966434347044454,2001,False,,
locally_periodic,0,45006.02304543083,True,180,True,1.7229563482403576,2.302585092994046,2.080366649810928,2001,True,-2.314721492593746,
locally_periodic,1,45005.8861518628,True,209,True,1.7297632340038718,2.302585092994046,2.085013990886297,2001,True,-2.31479726717558,
locally_periodic,2,45048.2395896549,False,240,False,1.778206486949212,2.230348027346917,2.1337862904393106,2001,False,-2.2144119562784588,
locally_periodic,3,45005.95711476753,True,157,True,1.730930800935167,2.302585092994046,2.0835464570507205,2001,True,-2.3165445146273473,
locally_periodic,4,45006.45839085441,False,240,True,1.7368255740002463,2.302585092994046,2.0819149684392206,2001,False,-2.320429865753039,
locally_periodic,5,54329.14125226137,False,240,False,1.2836561430937508,-0.5613378049451281,2.897071536712,2001,False,-2.7907868246390777,
locally_periodic,6,45025.2651403208,False,240,True,1.6710277725760196,2.302585092994046,2.0310776306981677,2001,False,-2.3511044942572,
locally_periodic,7,45024.253271964386,False,240,False,1.7541041351664661,2.1939924476277826,2.096796322848515,2001,False,-2.2562576384923654,
locally_periodic,8,45156.532995992166,False,240,False,1.7453572547675855,1.952995541490801,2.162515014998863,2001,False,-2.1247952723891874,
locally_periodic,9,45006.88893161865,True,213,True,1.7080995857571273,2.302585092994046,2.0781599531795134,2001,False,-2.3049943129561834,
locally_periodic,10,45005.993823388075,True,184,True,1.7381991850260987,2.302585092994046,2.088658200958066,2001,True,-2.314721492593743,
locally_periodic,11,45006.7579118571,True,162,True,1.7368627645550045,2.302585092994046,2.0811849354741523,2001,False,-2.3245675995645034,
locally_periodic,12,45005.99784622578,True,183,True,1.7267492934480893,2.302585092994046,2.087302299573647,2001,True,-2.308605620141916,
locally_periodic,13,45036.36261698087,False,240,False,1.7609708922788936,1.9571973290449387,2.0764278002517393,2001,False,-2.2964456265050557,
locally_periodic,14,45006.20405740691,True,136,True,1.732354993793974,2.302585092994046,2.0884447972192564,2001,True,-2.3182221207665723,
locally_periodic,15,45006.89260695701,True,142,True,1.7539963291460445,2.302585092994046,2.095570949491638,2001,False,-2.316219029224078,
locally_periodic,16,45007.75021938683,True,169,True,1.7002065258525074,2.302585092994046,2.0721518132921344,2001,False,-2.305645669080943,
locally_periodic,17,45081.4338621443,False,240,False,1.6855015502230848,1.9324973104348184,2.031077630698167,2001,False,-2.428070381175967,
locally_periodic,18,45006.355077087384,True,214,True,1.7129616539003036,2.302585092994046,2.079069946340016,2001,False,-2.3108845386015706,
locally_periodic,19,45108.21610483184,False,240,False,1.7480017173336342,1.8514337852479184,2.0310776306981664,2001,False,-2.428070381175967,
additive,0,45058.538332229495,False,240,False,0.15791804284596717,-0.2878231366242555,1.525077941811182,2001,False,2.753983244351988,-2.156033048578637
additive,1,44714.246808513475,False,240,False,1.6563113625009165,0.892080175490543,0.03110596225428014,2001,False,1.3085393735864923,-2.428070381175963
additive,2,44803.39780155194,False,240,False,-1.4888724901778885,-0.7483401552230651,1.7675264199906153,2001,False,2.3308973009088376,-2.3366893457083946
additive,3,44947.56179298012,False,240,False,-2.01668740738631,-1.9626451584144136,1.754198198017973,2001,False,2.1826763457116996,-6.284572014779527
additive,4,44512.94794615739,False,240,False,1.3368442200398984,1.439115683121279,0.9794479956036506,2001,False,1.7659060122791592,-2.3888574867438273
additive,5,44502.985141076584,False,240,False,1.597033725967246,1.1225102328345975,0.5990169033040172,2001,False,1.5850513640340147,-2.4280703811759636
additive,6,44570.94935199825,False,240,False,1.2372548051869277,1.5542449377709813,1.130241150710877,2001,False,1.8495778088852652,-2.273124631218601
additive,7,45277.70264662879,False,240,False,1.8350795444999404,0.8585683922474561,-0.42464902408474486,2001,False,0.9420352133302041,-2.60942860290752
additive,8,44927.640744619304,True,217,False,-2.5265744005223327,-1.8852415448888746,1.7377732847516074,2001,False,2.1404590856842605,-3.1265921683427105
additive,9,45102.4694239431,False,240,False,0.3876094466829916,-0.22295699060169988,1.4999298346028278,2001,False,2.9680913387979575,-2.114756838581626
additive,10,44511.72393413212,False,240,False,1.5943940177289744,1.0949632685715887,0.4870510703672083,2001,False,1.5450391623834676,-2.376309767320432
additive,11,44484.99867904575,False,240,False,1.4750014150649893,1.247434554714364,0.737790954835972,2001,False,1.6358460621262898,-2.3611986281927386
additive,12,44819.7050299502,False,240,False,-2.2387395535269814,-0.9930442678613626,1.7447687096759987,2001,False,2.21647399527649,-2.3979458423658433
additive,13,44948.57649169721,False,240,False,-2.1197583810377463,-1.960957674739166,1.7997960510539424,2001,False,2.1450530334353433,-4.967085485417706
additive,14,44823.4424856971,False,240,False,-1.2103955078381543,-0.6854660391853195,1.750830111793074,2001,False,2.3596710914499037,-2.2806153074773685
additive,15,44957.73678661526,False,240,False,-1.9807344242779767,-1.9428327840949582,1.7816051129280004,2001,False,2.1787525596077884,-6.833890558680805
additive,16,44927.717726634,True,221,False,-2.560670996013962,-1.868048004662969,1.754264538563681,2001,False,2.1454496106849286,-3.0584513563746825
additive,17,44482.296386354414,False,240,False,1.4759361740544368,1.2347192159369778,0.7332173912002543,2001,True,1.6365866348102314,-2.3852778613586176
additive,18,44799.69387231894,False,240,False,-1.4970649927435031,-0.7598380862680448,1.7319137768912336,2001,False,2.310382072337143,-2.323990250446471
additive,19,44975.2019939748,False,240,False,-2.0437931385584363,-1.9795617800392566,1.9107656942361324,2001,False,2.228233707149211,-10.951906802558941
se,0,48506.9916826026,True,127,False,1.5882922507493622,1.3903203822322818,-1.9654273560259512,2002,True,,
se,1,48507.19992945733,True,133,False,1.5730424183486995,1.3829733501422163,-1.9742505299932571,2002,True,,
se,2,48507.272378962,True,127,False,1.5830825446604888,1.3920529199663914,-1.9611213110675008,2002,True,,
se,3,48510.08043067725,False,240,False,1.5641236250408221,1.3757861337966462,-1.9654273560259585,2002,False,,
se,4,48506.983854062,True,133,False,1.5765887215370085,1.3897534883148737,-1.965056100009225,2002,True,,
se,5,48507.682071558054,True,133,False,1.5813479119299405,1.3814146071519708,-1.9782290192886638,2002,False,,
se,6,48506.824776271125,True,133,False,1.5778682526021266,1.3850457989103082,-1.9695544126639253,2002,True,,
se,7,48507.892589085684,True,115,False,1.5765385129669611,1.3921871393523277,-1.9557400844850774,2002,False,,
se,8,48507.059125853,True,127,False,1.5715277140746837,1.3869185901329857,-1.9640841901862967,2002,True,,
se,9,48507.54592123776,True,121,False,1.5758478779828293,1.3887500693366666,-1.9758926175990381,2002,False,,
se,10,48507.01156504413,True,133,False,1.5776064496803652,1.3840455037528505,-1.9668681940670514,2002,True,,
se,11,48507.24843730185,True,115,False,1.5854892982236248,1.3924097208101864,-1.9641421783903814,2002,True,,
se,12,48506.95039979345,True,133,False,1.5858687803587346,1.385232705305875,-1.9705146476454973,2002,True,,
se,13,48507.12545136074,True,121,False,1.5759394870411743,1.3844695060921641,-1.9755663890669248,2002,True,,
se,14,48507.16572598439,True,121,False,1.586771143739429,1.3880578817173779,-1.9611875023278398,2002,True,,
se,15,48507.383027881995,True,103,False,1.5768196454975716,1.3838881396257825,-1.9626481600717265,2002,False,,
se,16,48507.35986872557,True,109,False,1.582858049084907,1.3890999831004982,-1.9580504984447213,2002,False,,
se,17,48507.08048074663,True,115,False,1.5902209732846802,1.3901097320689093,-1.96410520728925,2002,True,,
se,18,48507.25511079986,True,109,False,1.5888737532827135,1.390190596196009,-1.9604266254259384,2002,True,,
se,19,48508.4787687894,True,121,False,1.5671139654621509,1.3793101678358317,-1.9810481683089387,2002,False,,
matern32,0,45657.229432817985,True,121,False,1.7322038190614901,2.080366649810928,-2.328143799489057,2002,True,,
matern32,1,45657.37595298978,True,205,False,1.7391947154100529,2.0848978456449743,-2.312843961652831,2002,True,,
matern32,2,45657.78568129265,True,133,False,1.7214251386783628,2.0733278815804677,-2.3290126019765345,2002,False,,
matern32,3,45657.185480417276,True,109,False,1.7503148561098107,2.085727390698999,-2.331030148115011,2002,True,,
matern32,4,45657.135541529235,True,133,False,1.7358550738430367,2.0813664728543704,-2.317572806771435,2002,True,,
matern32,5,45657.07985103711,True,143,False,1.7478621063982038,2.0815155929446236,-2.328143799489055,2002,True,,
matern32,6,45657.40080517225,True,157,False,1.7269805551517434,2.076529711994827,-2.3282935062838965,2002,True,,
matern32,7,45658.78147986304,True,109,False,1.7190934206211423,2.06918070375622,-2.339099609006379,2002,False,,
matern32,8,45657.053665770494,True,133,False,1.737972986682406,2.0843380966817047,-2.3235219415810446,2002,True,,
matern32,9,45657.18259521472,True,132,False,1.7384706928420477,2.0840317192495292,-2.3281437994890584,2002,True,,
matern32,10,45657.04354030735,True,190,False,1.742148443370831,2.0843553463325155,-2.3281437994890593,2002,True,,
matern32,11,45656.983794868735,True,145,False,1.7416573394079196,2.085593716310859,-2.3203104674389805,2002,True,,
matern32,12,45657.21134514881,True,109,False,1.748247163493114,2.0900646656115205,-2.318133502629025,2002,True,,
matern32,13,45657.213723286965,True,130,False,1.7467218368387976,2.0875875376524933,-2.328143799489055,2002,True,,
matern32,14,45657.1653375514,True,163,False,1.7490278555840366,2.085548519845948,-2.330882026536067,2002,True,,
matern32,15,45657.33274699314,True,157,False,1.751865074275035,2.0918646740542854,-2.3183370571071773,2002,True,,
matern32,16,45657.44967558883,True,160,False,1.761296701817025,2.0897916162748333,-2.328143799489055,2002,False,,
matern32,17,45658.42661530008,True,127,False,1.7442263538420382,2.0752823759101884,-2.3418259106319095,2002,False,,
matern32,18,45658.45739781567,True,103,False,1.7143788813067344,2.0711999007191624,-2.3196593711491595,2002,False,,
matern32,19,45657.33494324333,True,133,False,1.7337290496085975,2.0752075264067535,-2.3296676636753983,2002,True,,
matern52,0,46366.87497194925,True,121,False,1.678236980944442,1.801062208171952,-2.1467855777575036,2002,False,,
matern52,1,46366.26350824231,True,121,False,1.6737860434321505,1.7991951911531132,-2.1550302553132292,2002,True,,
matern52,2,46366.40284896703,True,139,False,1.6717986541230574,1.791852712253272,-2.1542464284572778,2002,True,,
matern52,3,46366.17082055892,True,127,False,1.6771341789840741,1.799547596216391,-2.1546768521484836,2002,True,,
matern52,4,46366.31592140214,True,133,False,1.6849465822302312,1.7931434517099258,-2.1675851582022907,2002,True,,
matern52,5,46366.53943118536,True,139,False,1.676269372028781,1.7971121930251601,-2.169193649495921,2002,False,,
matern52,6,46368.399076740156,True,133,False,1.654220619337127,1.781699113586123,-2.1757517508256217,2002,False,,
matern52,7,46366.28977976096,True,121,False,1.6783153429429474,1.797173478128829,-2.1675831764635523,2002,True,,
matern52,8,46367.040175912,True,121,False,1.661376587000668,1.791380342088733,-2.1507595668519923,2002,False,,
matern52,9,46366.41142713565,True,154,False,1.6825035693216202,1.7972144781078758,-2.169455355473946,2002,True,,
matern52,10,46367.433320077835,True,161,False,1.695287742447329,1.8061858652495533,-2.146785577757502,2002,False,,
matern52,11,46366.17710923566,True,133,False,1.6890409705512879,1.7987188823420956,-2.156109356075789,2002,True,,
matern52,12,46366.35450801442,True,161,False,1.6824136995211056,1.7965349132115573,-2.169455355473946,2002,True,,
matern52,13,46366.4249903421,True,167,False,1.684992059996254,1.7973920605691958,-2.169455355473946,2002,True,,
matern52,14,46366.01340250939,True,127,False,1.6856617941124596,1.7978044212744693,-2.157257277150544,2002,True,,
matern52,15,46367.38383288174,True,144,False,1.6962259269834579,1.8048615338664882,-2.1467855777575022,2002,False,,
matern52,16,46366.41355744116,True,115,False,1.6908900619484855,1.8031002611335487,-2.158654879496357,2002,True,,
matern52,17,46367.12612983605,True,195,False,1.6761961065793545,1.8025927439886242,-2.1467855777575062,2002,False,,
matern52,18,46366.62556614833,True,133,False,1.6763578712117462,1.7894783558795315,-2.1714835490271813,2002,False,,
matern52,19,46366.32162423342,True,132,False,1.679025437819055,1.7956772015542861,-2.1694553554739464,2002,True,,
periodic,0,52377.31926737462,True,103,False,1.6602480349054263,0.1295204114809153,-1.6027109125628458,2002,True,,
periodic,1,52377.642015832746,True,109,False,1.655616902123973,0.13463918182795137,-1.6008065404695992,2002,False,,
periodic,2,52377.39171733074,True,115,False,1.6602209172596178,0.12836177569395138,-1.6029106904432424,2002,True,,
periodic,3,52377.591834050334,True,121,False,1.671140452011486,0.1341470656341364,-1.614598031308292,2002,False,,
periodic,4,52377.20108393827,True,115,False,1.6685745786200041,0.1307841507564282,-1.6125438357897868,2002,True,,
periodic,5,52377.64251758766,True,115,False,1.6566637148422618,0.12918067845093628,-1.5999605759881825,2002,False,,
periodic,6,52377.639036005756,True,115,False,1.6592834968686276,0.1288562159794478,-1.6004148317656801,2002,False,,
periodic,7,52377.442310144805,True,139,False,1.6602480349054258,0.13386682237456174,-1.6011605362704322,2002,True,,
periodic,8,52376.9651240758,True,109,False,1.657970143873917,0.12895178906306268,-1.6111486534911752,2002,True,,
periodic,9,52377.08283405283,True,127,False,1.665419250825368,0.13131286030358752,-1.6066593702485974,2002,True,,
periodic,10,52377.50304257895,True,139,False,1.6674777093328914,0.1297712171697059,-1.617248499464774,2002,False,,
periodic,11,52377.48493537012,True,151,False,1.6602480349054256,0.125180465464831,-1.6179698988282187,2002,False,,
periodic,12,52377.38304640201,True,133,False,1.667808464935109,0.1330099099493089,-1.6026536063868873,2002,True,,
periodic,13,52377.636909459376,True,151,False,1.64285409593217,0.12308560352014516,-1.6072774341772313,2002,False,,
periodic,14,52377.077554648786,True,103,False,1.656293170626807,0.13160839338789773,-1.6063155939494465,2002,True,,
periodic,15,52377.387638117914,True,240,False,1.6643329214556002,0.1300762169714258,-1.6027109125628494,2002,True,,
periodic,16,52377.11214583151,True,133,False,1.654047155785984,0.13125118467496982,-1.6065044155496162,2002,True,,
periodic,17,52377.287377844805,True,145,False,1.65222921250389,0.1265853293235265,-1.6162080766126188,2002,True,,
periodic,18,52376.96013780244,True,133,False,1.6563726120211124,0.12905391613730471,-1.6100784063653495,2002,True,,
periodic,19,52377.31335947165,True,139,False,1.6639027828777195,0.126130279768949,-1.6145734023049996,2002,True,,
locally_periodic,0,45671.0477741649,True,164,True,1.7322038190614901,2.302585092994046,2.088581486329722,2002,False,-2.328143799489057,
locally_periodic,1,45737.86704143652,False,240,False,1.7393339692149938,1.9287009169663458,2.1393779403075257,2002,False,-2.203792132031326,
locally_periodic,2,45670.85737599137,True,197,True,1.7440831049746184,2.302585092994046,2.086744453626254,2002,True,-2.328143799489055,
locally_periodic,3,45671.25464841694,True,137,True,1.7575434355211865,2.302585092994046,2.0996061230011223,2002,False,-2.322125974357308,
locally_periodic,4,45670.90721109706,True,122,True,1.7430708251363274,2.302585092994046,2.085931848778062,2002,True,-2.3287474873347302,
locally_periodic,5,45670.91140664355,True,179,True,1.7345750000090103,2.302585092994046,2.0886302992525296,2002,True,-2.3281437994890553,
locally_periodic,6,45670.877908077004,True,240,True,1.7483251325884637,2.302585092994046,2.0899515343949733,2002,True,-2.3281437994890593,
locally_periodic,7,45676.04146674901,False,240,True,1.7494557010448302,2.302585092994046,2.111966481681818,2002,False,-2.2900174236048128,
locally_periodic,8,45680.05027434409,False,240,True,1.8152597819101965,2.302585092994046,2.1191288652074016,2002,False,-2.3281437994890593,
locally_periodic,9,45670.75784226068,True,168,True,1.7283514998766425,2.302585092994046,2.08674765728264,2002,True,-2.3140378857818686,
locally_periodic,10,45670.651104781566,True,164,True,1.735939884600471,2.302585092994046,2.092036598566974,2002,True,-2.3178390336849524,
locally_periodic,11,45670.665915949336,True,142,True,1.7415589789526467,2.302585092994046,2.0869997942437912,2002,True,-2.3179847825092144,
locally_periodic,12,45670.81178664548,True,191,True,1.7450444284546731,2.302585092994046,2.0906779517857688,2002,True,-2.328143799489055,
locally_periodic,13,45671.22556893128,True,185,True,1.7551806329427042,2.302585092994046,2.095390409740182,2002,False,-2.328143799489055,
locally_periodic,14,45674.92823238222,False,240,True,1.7096150511064927,2.302585092994046,2.0810845422892044,2002,False,-2.2932074119094925,
locally_periodic,15,45700.45660662954,False,240,False,1.6757847374788775,2.2450204656691954,2.0794687299636743,2002,False,-2.246340794403921,
locally_periodic,16,45670.47949969194,True,147,True,1.7394052647849658,2.302585092994046,2.0911317121086315,2002,True,-2.3196049209624596,
locally_periodic,17,45670.69166690878,True,163,True,1.7501927651005051,2.302585092994046,2.091301769871696,2002,True,-2.321204375080141,
locally_periodic,18,45670.803588393166,True,161,True,1.7457596717665722,2.302585092994046,2.0899515774543516,2002,True,-2.328143799489055,
locally_periodic,19,45683.10810932353,False,240,True,1.74542375757843,2.302585092994046,2.0704836442252916,2002,False,-2.298612408134867,
additive,0,45732.62676011982,False,240,False,0.1671655136670997,-0.2878231366242555,1.5343254126323145,2002,False,2.819701936502335,-2.146785577757504
additive,1,45530.779662169254,False,240,False,1.7024137348557007,0.8736099334079523,-0.09104392880523554,2002,False,1.1767954184342662,-2.600181132086384
additive,2,45456.95072566481,False,240,False,-1.514306971659592,-0.7707905816439999,1.7559227909089734,2002,False,2.324065702888586,-2.330760624834482
additive,3,45598.66622120923,False,240,False,-2.068385175145662,-1.9697645039692644,1.7510141162930377,2002,False,2.16345064751332,-5.381069093257401
additive,4,45127.2854758918,False,240,False,1.5236317876033814,1.2112715916461194,0.7456531481582064,2002,True,1.6571313831662093,-2.3989355438540283
additive,5,45170.08670704854,False,240,False,1.390413844320187,1.6118095650958324,0.990653822998514,2002,False,1.696635543160881,-2.418822910354831
additive,6,47806.961385250775,False,240,False,1.86553014304863,0.6225337572851276,-0.9121712486738589,2002,False,0.19095425048844394,-4.595121571133469
additive,7,45731.99390450028,False,240,True,-1.8488222705447215,-1.8802470831436553,1.7545022305580487,2002,False,2.2632727096407135,-11.849450440395572
additive,8,45351.992707365294,False,240,False,1.6872847721196267,0.9210340371976183,0.033010620906163246,2002,False,1.3589979481375816,-2.418822910354831
additive,9,45127.86586662679,False,240,False,1.5313502727943922,1.1830433129199263,0.6445708746260743,2002,False,1.5980922007469265,-2.387054817041957
additive,10,45160.376987277356,False,240,False,1.606281196788379,1.093727919172172,0.4687879088134932,2002,False,1.5140974720768066,-2.4399271911723335
additive,11,45584.28180194137,True,231,False,-2.79914735965273,-1.72412402243105,1.7596532173286719,2002,False,2.153616602514234,-2.7309521437500077
additive,12,45174.883728901594,False,240,False,1.6556719030577516,1.045372162951782,0.4281186506327994,2002,False,1.5165348670373058,-2.4360293406048297
additive,13,45174.70503942117,False,240,False,1.246502276008059,1.8420680743952365,1.1014580931427933,2002,False,1.7772851850926459,-2.3645756177194093
additive,14,45137.11081442886,False,240,False,1.5667902774309128,1.122510232834598,0.5660172089659171,2002,False,1.5673714406315409,-2.3884561585503836
additive,15,45251.28285977656,False,240,False,1.6678552315376312,0.9540167480352395,0.24290841660533513,2002,False,1.3966965795845894,-2.479718796204233
additive,16,45481.36850818273,False,240,False,-1.1273416197793986,-0.6563542313385025,1.7479780911518443,2002,False,2.379781514228593,-2.3180536614238902
additive,17,45189.283214235795,False,240,False,1.6782369809444417,1.0126643654868814,0.3826514239616221,2002,False,1.5189157364860835,-2.394228291050016
additive,18,45143.56487338644,False,240,False,1.5735153641966286,1.0960073900161795,0.528798803379808,2002,False,1.5575358697892356,-2.402843253634237
additive,19,45133.37739398834,False,240,False,1.57848811281271,1.1861764060425988,0.609133561892987,2002,False,1.5877237879256876,-2.3701259442512406
se,0,49249.04377946857,True,127,False,1.588677455749259,1.3903203822322818,-1.965042151026055,2003,True,,
se,1,49249.14509576939,True,115,False,1.5847741862049611,1.3898423833796605,-1.9764513182286578,2003,False,,
se,2,49248.9945066619,True,97,False,1.5880074247818081,1.3845620782117791,-1.9692059740460786,2003,True,,
se,3,49248.80415063039,True,127,False,1.576974687311869,1.3835812960532226,-1.9768298942108067,2003,True,,
se,4,49248.74562519934,True,121,False,1.5780637664978345,1.3847044450571997,-1.9693798253552735,2003,True,,
se,5,49248.63853103858,True,127,False,1.5830922945080528,1.386814856895932,-1.9689531485030838,2003,True,,
se,6,49249.005222854394,True,103,False,1.5770297652529817,1.382519062515566,-1.9790790727780383,2003,True,,
se,7,49249.277941900546,True,133,False,1.585009734408121,1.3861768630759232,-1.9629894865793516,2003,False,,
se,8,49248.96756489086,True,127,False,1.5853504158828828,1.389921426494724,-1.9649087712260094,2003,True,,
se,9,49249.00444486979,True,97,False,1.585317319761188,1.386934254042861,-1.9793445287500497,2003,True,,
se,10,49249.727805859875,True,209,False,1.595211909490087,1.393546962855346,-1.965042151026056,2003,False,,
se,11,49248.884890276015,True,144,False,1.581240641133841,1.3885824255290538,-1.9650421510260554,2003,True,,
se,12,49248.7852748718,True,121,False,1.5892306919608834,1.38633514543696,-1.9701581156833299,2003,True,,
se,13,49249.42157463208,True,121,False,1.5800525889409034,1.3875492352061363,-1.9605887172245136,2003,False,,
se,14,49323.262241146986,False,240,False,1.6786221859443384,1.3941218377215068,-2.0557212618918372,2003,False,,
se,15,49248.90215198582,True,201,False,1.585324569765589,1.388027740694872,-1.965042151026056,2003,True,,
se,16,49249.91612903487,True,115,False,1.5768104183600322,1.3921999947685466,-1.9597756479377502,2003,False,,
se,17,49249.16475175184,True,224,False,1.5886774557492587,1.38620696511205,-1.9650421510260565,2003,False,,
se,18,74923.89115932013,False,240,False,1.404586773702266,0.1556733799380447,-5.50152747479132,2003,False,,
se,19,49249.07111369965,True,121,False,1.57697064218475,1.384038047595729,-1.9664819735762362,2003,True,,
matern32,0,46338.09264755383,True,121,False,1.7325890240613868,2.080366649810928,-2.327758594489161,2003,True,,
matern32,1,46338.1356533427,True,154,False,1.7314502071502782,2.079859334762418,-2.3277585944891572,2003,True,,
matern32,2,46337.94628478472,True,133,False,1.7406643014460408,2.0774416964206974,-2.331422856029951,2003,True,,
matern32,3,46337.89218167491,True,148,False,1.7420033518050728,2.0843353000533744,-2.327758594489158,2003,True,,
matern32,4,46338.37222187264,True,189,False,1.7260599523331475,2.0763552160248984,-2.3277585944891617,2003,False,,
matern32,5,46338.099119093065,True,121,False,1.7339384498646924,2.07710915191168,-2.337521490654196,2003,True,,
matern32,6,46338.742811059,True,121,False,1.7227410935736882,2.0739184242060325,-2.325101094427973,2003,False,,
matern32,7,46338.07620820502,True,121,False,1.7354667145302953,2.081092513560657,-2.3341637722083157,2003,True,,
matern32,8,46337.929259070464,True,127,False,1.7418235864420513,2.0794388749881594,-2.3375942434601056,2003,True,,
matern32,9,46337.98965739667,True,157,False,1.7515979459598658,2.0883372093050947,-2.327758594489161,2003,True,,
matern32,10,46338.030269180395,True,115,False,1.7360518028417673,2.081668777628803,-2.3326087796515735,2003,True,,
matern32,11,46338.81253072255,True,142,False,1.7222288146988163,2.071412030270996,-2.327758594489158,2003,False,,
matern32,12,46337.81008215464,True,121,False,1.7461266038270145,2.0843085643253736,-2.3321366151686975,2003,True,,
matern32,13,46338.01455763957,True,120,False,1.7447665785061146,2.079390690648254,-2.327758594489161,2003,True,,
matern32,14,46338.24982398159,True,155,False,1.7616016794668499,2.0898301492083147,-2.3277585944891572,2003,True,,
matern32,15,46337.87616333985,True,127,False,1.7448698642938865,2.0792726229479164,-2.332459194825277,2003,True,,
matern32,16,46338.02469377896,True,133,False,1.7334263210567655,2.0780945784168368,-2.32746146973438,2003,True,,
matern32,17,46339.088297544644,True,109,False,1.717625849541445,2.070392254415889,-2.3285851906527912,2003,False,,
matern32,18,46338.06243226741,True,133,False,1.7327287828821991,2.0778864578873644,-2.335107430822309,2003,True,,
matern32,19,46338.938098265724,True,103,False,1.7593071135801897,2.092281148330311,-2.3163978259682665,2003,False,,
matern52,0,47064.61620250926,True,133,False,1.6966111319833546,1.801062208171952,-2.169070150474052,2003,False,,
matern52,1,47063.888226567404,True,114,False,1.6786221859443384,1.7948292297635877,-2.169304304526413,2003,True,,
matern52,2,47063.859364870215,True,121,False,1.6780173989371543,1.795466441194638,-2.1656595249584214,2003,True,,
matern52,3,47065.45245852867,True,109,False,1.696790339106957,1.8043411719553428,-2.152768205223237,2003,False,,
matern52,4,47065.342283099715,True,115,False,1.6776281684217103,1.7864435965676881,-2.183177569535102,2003,False,,
matern52,5,47064.52218827525,True,109,False,1.6735051018427338,1.7957168309957423,-2.15554008855286,2003,False,,
matern52,6,47064.49896145174,True,115,False,1.677451776711621,1.795396004735243,-2.175497900279473,2003,False,,
matern52,7,47064.01894648299,True,148,False,1.6714231778731599,1.7932564310640158,-2.1690701504740493,2003,True,,
matern52,8,47064.016810269684,True,133,False,1.6791574304146504,1.7952802388834854,-2.1712526516447905,2003,True,,
matern52,9,47064.2431276994,True,173,False,1.6870413715961818,1.7993593813264503,-2.1690701504740497,2003,True,,
matern52,10,47063.89787711042,True,173,False,1.6797833777205047,1.7954192051079163,-2.1690701504740484,2003,True,,
matern52,11,47064.285384985764,True,145,False,1.6912509675932776,1.7979727429439007,-2.1714326765866834,2003,True,,
matern52,12,47064.163423139034,True,121,False,1.6730685647716492,1.7882128948381812,-2.168331519217896,2003,True,,
matern52,13,47064.1563878936,True,121,False,1.6841733332150797,1.7992377410342735,-2.160503849986249,2003,True,,
matern52,14,47064.829081484175,True,109,False,1.6623983055857583,1.7890125081191939,-2.1589112416825462,2003,False,,
matern52,15,47064.08289853901,True,145,False,1.676204183700639,1.7892146980053698,-2.171391164058402,2003,True,,
matern52,16,47063.967293769194,True,150,False,1.686913173858624,1.7945586288219189,-2.1690701504740524,2003,True,,
matern52,17,47064.454730066835,True,109,False,1.6807762943352182,1.7960099431995329,-2.175419856915078,2003,False,,
matern52,18,47063.99066396817,True,109,False,1.6823850833769494,1.7937918280552172,-2.172409880578015,2003,True,,
matern52,19,47064.939022460516,True,115,False,1.658244485699206,1.7844903898362168,-2.1689248283023463,2003,False,,
periodic,0,53141.33517549507,True,103,False,1.660633239905323,0.1295204114809153,-1.6249954852793937,2003,False,,
periodic,1,53140.613811372044,True,133,False,1.6601583559315023,0.13160132188694332,-1.6134180230972222,2003,True,,
periodic,2,53141.70826936355,True,121,False,1.6663865428551166,0.1365283350193509,-1.6025277269816551,2003,False,,
periodic,3,53141.306780644845,True,115,False,1.6635357311224994,0.12378356814127212,-1.6240290864933198,2003,False,,
periodic,4,53141.62109851515,True,139,False,1.6668662369686778,0.13303410251647277,-1.6026115264354996,2003,False,,
periodic,5,53140.887048222234,True,133,False,1.6532036242095807,0.1317512526126383,-1.6097604819022209,2003,True,,
periodic,6,53390.87819608537,False,240,False,1.3417124677848866,0.03125886235554681,-1.6930048184287316,2003,False,,
periodic,7,53140.710655817034,True,133,False,1.6606332399053225,0.12966636277477928,-1.6194499881297637,2003,True,,
periodic,8,53141.36113117511,True,126,False,1.6587418211310727,0.12952041148091487,-1.6249954852793937,2003,False,,
periodic,9,53141.67533224434,True,145,False,1.6606332399053223,0.1360792869881018,-1.6027913081047673,2003,False,,
periodic,10,53140.807731288456,True,121,False,1.6700575916731384,0.13041806816694876,-1.6167707549078476,2003,True,,
periodic,11,53141.51276672918,True,127,False,1.6679562720703756,0.12766596447798503,-1.6259639871713523,2003,False,,
periodic,12,53141.37500860772,True,144,False,1.6650208568456024,0.12482958195683916,-1.6249954852793942,2003,False,,
periodic,13,53141.0127080746,True,91,False,1.648449784925089,0.12248603806210791,-1.6212337674786497,2003,True,,
periodic,14,53141.26599128381,True,115,False,1.654190682441852,0.12784609419449278,-1.6247027731957964,2003,False,,
periodic,15,53141.71878241717,True,133,False,1.6751198331165644,0.13281354130267703,-1.6237368253843567,2003,False,,
periodic,16,53141.066066949985,True,133,False,1.6702495435407079,0.13349509586872296,-1.6189423774467517,2003,True,,
periodic,17,53141.76122684145,True,219,False,1.6575968636933367,0.1355452657107968,-1.6023257075629507,2003,False,,
periodic,18,53141.402807342616,True,127,False,1.667816230633765,0.12929025366717542,-1.6250298336236373,2003,False,,
periodic,19,53140.622045652846,True,155,False,1.660633239905321,0.12674768024273286,-1.6152733787967133,2003,True,,
locally_periodic,0,46352.03237495503,True,164,True,1.7325890240613868,2.302585092994046,2.088581486329722,2003,True,-2.327758594489161,
locally_periodic,1,46358.178944382154,False,240,True,1.7690835550235955,2.302585092994046,2.1003075389653785,2003,False,-2.357122925350206,
locally_periodic,2,46351.81356173816,True,227,True,1.7373813790801202,2.302585092994046,2.084523791898881,2003,True,-2.3277585944891617,
locally_periodic,3,46373.52348140857,False,240,True,1.8255836122950417,2.3025850929940455,2.1103085673471957,2003,False,-2.375728989212686,
locally_periodic,4,46395.953707195964,False,240,True,1.8040713043721286,2.302585092994046,2.0734042012458604,2003,False,-2.418437705354938,
locally_periodic,5,46352.28768685125,True,234,True,1.7368487144995177,2.302585092994046,2.0928871242850717,2003,False,-2.318396144515906,
locally_periodic,6,46352.336833268986,True,221,True,1.7512174482134502,2.302585092994046,2.0875583535914495,2003,False,-2.3357820102931846,
locally_periodic,7,46352.1664938094,True,240,True,1.7396631454388356,2.302585092994046,2.0892116306801,2003,True,-2.33491708722535,
locally_periodic,8,46351.921533706234,True,201,True,1.7343743943622472,2.302585092994046,2.0885814863297214,2003,True,-2.327758594489158,
locally_periodic,9,46351.93165724838,True,240,True,1.7340840711963164,2.302585092994046,2.0878701624703364,2003,True,-2.320947765235665,
locally_periodic,10,46351.73284929067,True,168,True,1.7406188567191583,2.302585092994046,2.0871530288406936,2003,True,-2.327758594489158,
locally_periodic,11,46352.167411535775,False,240,True,1.7566905277035243,2.302585092994046,2.09458329280198,2003,True,-2.3266405634048706,
locally_periodic,12,46351.75428493967,True,204,True,1.739776647858096,2.302585092994046,2.08901151606562,2003,True,-2.327758594489158,
locally_periodic,13,70669.65545479776,False,240,False,1.4105163676379577,-1.0425646673636852,3.0825767051037247,2003,False,-3.8693034792073653,
locally_periodic,14,46351.908696021615,True,194,True,1.7495614881135217,2.302585092994046,2.089673129192543,2003,True,-2.3279604126421423,
locally_periodic,15,46351.93700295953,True,202,True,1.7289436428682163,2.302585092994046,2.083317265333442,2003,True,-2.326432149826311,
locally_periodic,16,46352.08283942537,True,215,True,1.7272609433598196,2.302585092994046,2.082733914316175,2003,True,-2.32327578489113,
locally_periodic,17,46352.37983347532,True,230,True,1.7578192121578806,2.302585092994046,2.095564679427647,2003,False,-2.3204785945417874,
locally_periodic,18,46351.72405810796,True,203,True,1.7397889960917663,2.302585092994046,2.0873609731757865,2003,True,-2.3277585944891617,
locally_periodic,19,46504.2841947092,False,240,False,1.7624041150065926,1.243956722610861,2.162515014998862,2003,False,-2.2110375012979206,
additive,0,46430.98919728128,False,240,False,0.2395065028230602,-0.2878231366242555,1.5347106176322112,2003,False,2.8854206286526822,-2.1464003727576078
additive,1,46136.0584179899,False,240,False,-2.0175237355904487,-0.9210340371976177,1.7300793507346015,2003,False,2.2458608802159814,-2.3596447391144197
additive,2,47667.271898929306,False,240,False,1.9171389964239938,0.7434575392861777,-0.543442244490306,2003,False,0.5900272747419965,-3.506587035744255
additive,3,45797.11192208361,False,240,False,1.5904049080452167,1.1544802907265972,0.590076206045891,2003,False,1.5816271362473064,-2.387753977505598
additive,4,46268.863429143705,False,240,False,-2.5814522591782953,-1.9140238585513005,1.718323563911173,2003,False,2.1211636525874145,-3.1438705922811447
additive,5,45796.2946601509,False,240,False,1.4165975287268289,1.3338521273520323,0.8670579072753163,2003,False,1.7007307158737346,-2.410075086630299
additive,6,46267.42728894767,True,204,False,-2.3674051106614753,-1.9500017506293323,1.74211035172613,2003,False,2.1380255415296014,-3.59726614661003
additive,7,45857.896677792334,False,240,False,1.7049796357159057,1.0463917846187216,0.34366624986838556,2003,False,1.475899637807312,-2.436855592077649
additive,8,45788.32181576066,True,211,False,1.523586656905926,1.2138729778408288,0.6826308776420541,2003,False,1.6142372759855408,-2.399503974771974
additive,9,45901.24304387532,False,240,False,1.3907990493200848,1.9571973290449391,1.1341746307616472,2003,False,1.7337837958444935,-2.4408381612236862
additive,10,45795.73083647302,False,240,False,1.5347106176322114,1.208857173821874,0.6328554767694816,2003,False,1.5759641645199869,-2.4184377053549344
additive,11,47459.1219425476,False,240,False,1.7826642082454396,0.6435476616464939,-0.7594467572561195,2003,False,0.5921126867284289,-2.7811541488180436
additive,12,45804.31690097055,False,240,False,1.4099285391735863,1.5542449377709808,0.922715192659533,2003,False,1.7083673706565294,-2.3851293533915454
additive,13,45906.92441412895,False,240,False,1.3907990493200848,1.842068074395237,0.9898166833500982,2003,False,1.7750834459784977,-2.4795434797978357
additive,14,46253.96572849642,False,240,True,0.8151527760715733,2.302585092994046,1.7395614420997754,2003,False,1.9974969826240618,-2.364435699814348
additive,15,47016.589998463285,False,240,False,1.8381323954504432,0.7704194567464325,-0.6684884214342837,2003,False,0.7767870174775107,-2.7975402444999253
additive,16,46356.581794407626,False,240,False,-2.012625979508632,-1.9065997348780588,1.8164139871974974,2003,False,2.1337058778095135,-6.408318583449102
additive,17,45787.24165690698,False,240,False,1.4987327255541798,1.2232483306530872,0.7234326193791768,2003,True,1.6310160963200926,-2.395767927638493
additive,18,45794.80746602149,False,240,False,1.509474660768822,1.2088571738218743,0.707209327202907,2003,False,1.653940424441311,-2.363107815707611
additive,19,46241.89580458295,False,240,False,-0.6571915116979343,-0.5219866735550124,1.7447844353355844,2003,False,2.4905949541778885,-2.318504184469856
se,0,49912.218086991415,True,133,False,1.5862144968102716,1.3903203822322816,-1.9675051099650416,2004,False,,
se,1,49912.41073286408,True,195,False,1.590980946466964,1.3860757879502723,-1.9901748876814866,2004,False,,
se,2,49912.87951228988,True,109,False,1.5793852600766314,1.3791288303167368,-1.9938812824666003,2004,False,,
se,3,49912.7440517637,True,161,False,1.5917391652710724,1.3931534116402897,-1.967505109965039,2004,False,,
se,4,49911.87459888823,True,139,False,1.568225550771255,1.3834667780195307,-1.9740754501607571,2004,True,,
se,5,49912.52713611325,True,232,False,1.5851577517776698,1.3927521614627563,-1.967505109965043,2004,False,,
se,6,49911.97115111815,True,126,False,1.5682255507712553,1.3811840171439629,-1.9863557457628567,2004,False,,
se,7,49911.68460479379,True,133,False,1.5862144968102712,1.390393256390817,-1.9760734214572748,2004,True,,
se,8,49911.5182058835,True,103,False,1.5804256966321968,1.3827952305568687,-1.9785058526513997,2004,True,,
se,9,49911.38898005219,True,120,False,1.5862144968102712,1.387349280696084,-1.976896613756133,2004,True,,
se,10,49911.59619943634,True,127,False,1.5785747653306548,1.3817783912160193,-1.9840936625224697,2004,True,,
se,11,49911.71016076069,True,127,False,1.5818426655588291,1.387804067269249,-1.984810045794281,2004,True,,
se,12,49912.179700227854,True,202,False,1.5742721825820616,1.388305615470346,-1.9675051099650425,2004,False,,
se,13,49911.427571997876,True,115,False,1.5809456491416898,1.3833099015935002,-1.9832719725005137,2004,True,,
se,14,49912.24812845448,True,178,False,1.5784985667346978,1.390643008950086,-1.9675051099650425,2004,False,,
se,15,49911.62227902439,True,109,False,1.5796966007821214,1.3896923012207056,-1.973946352156954,2004,True,,
se,16,49911.389550688546,True,133,False,1.5753721776846255,1.387262068626002,-1.9774450013282627,2004,True,,
se,17,76248.17878940189,False,240,False,1.3883360903810953,0.1962666462204107,-5.685348655461873,2004,False,,
se,18,49911.4510755309,True,121,False,1.5763220611588347,1.3881245511014644,-1.9772669377412024,2004,True,,
se,19,49911.58005019391,True,109,False,1.5793354252516343,1.3817959287673396,-1.982456703964686,2004,True,,
matern32,0,46952.66024470756,True,121,False,1.7301260651223995,2.080366649810928,-2.330221553428147,2004,False,,
matern32,1,46952.49383447402,True,196,False,1.742246886108651,2.080083701984193,-2.3528913311445923,2004,False,,
matern32,2,46953.63501752354,True,103,False,1.7121736784368495,2.065032215729736,-2.346378940941198,2004,False,,
matern32,3,46951.90556910583,True,103,False,1.743084461250341,2.0821395455445546,-2.342487991770612,2004,True,,
matern32,4,46952.095594939565,True,127,False,1.7360007888171929,2.077185677171243,-2.336411349237747,2004,True,,
matern32,5,46952.14898336805,True,121,False,1.746215170169826,2.084064074353053,-2.332962419177414,2004,True,,
matern32,6,46952.30989659365,True,127,False,1.7378525817986157,2.0735466202237576,-2.348666223898694,2004,True,,
matern32,7,46952.27679056526,True,169,False,1.754655895810723,2.0885814863297214,-2.3365051152778284,2004,True,,
matern32,8,46952.627800508766,True,115,False,1.7341893741780487,2.0813400603133534,-2.3286410969580134,2004,False,,
matern32,9,46953.31756909332,True,109,False,1.7637617131664345,2.085969881424921,-2.3542342519141815,2004,False,,
matern32,10,46952.369419314826,True,155,False,1.7463872700195502,2.084005388261295,-2.3302215534281445,2004,True,,
matern32,11,46952.240335217524,True,115,False,1.7277383248598785,2.0760093562101845,-2.3388995872995872,2004,True,,
matern32,12,46952.471477805615,True,171,False,1.750669873843972,2.0849517074046795,-2.330221553428148,2004,False,,
matern32,13,46952.337945273466,True,127,False,1.7376999870973022,2.0808735610686147,-2.3484149273422203,2004,True,,
matern32,14,46952.19273326407,True,121,False,1.7319079628126985,2.0767471094816456,-2.346889904081424,2004,True,,
matern32,15,46952.326269144425,True,115,False,1.7478843495098042,2.088010141603912,-2.3345526380759023,2004,True,,
matern32,16,46952.11497853113,True,121,False,1.7400414629903,2.07561557087441,-2.342013994798529,2004,True,,
matern32,17,46952.75612125945,True,177,False,1.7271329919497425,2.078074035349047,-2.330221553428148,2004,False,,
matern32,18,46953.11528638868,True,189,False,1.7642797092030493,2.0923944246586488,-2.330221553428148,2004,False,,
matern32,19,46952.37842090398,True,127,False,1.7438281183178057,2.0818534899677035,-2.3304420997267465,2004,False,,
matern52,0,47688.9939517718,True,127,False,1.6761592270053516,1.7928473716531586,-2.1715331094130383,2004,True,,
matern52,1,47689.24826932702,True,197,False,1.671605059482478,1.7951282217176991,-2.1715331094130343,2004,True,,
matern52,2,47689.47103297493,True,115,False,1.660611457997697,1.787324380525504,-2.1746877171843346,2004,False,,
matern52,3,47690.2413343824,True,115,False,1.6560281349882862,1.78197429833792,-2.183704304535066,2004,False,,
matern52,4,47689.65283679057,True,109,False,1.681772626122442,1.792217700096811,-2.1872362344014915,2004,False,,
matern52,5,47689.10026389062,True,167,False,1.6738895206787396,1.7946898087151126,-2.171533109413035,2004,True,,
matern52,6,47689.28695283494,True,133,False,1.6692357072914659,1.7919370402897319,-2.180719523759731,2004,True,,
matern52,7,47689.67344398606,True,91,False,1.674794739147921,1.785856060928809,-2.1863328962704096,2004,False,,
matern52,8,47689.30397738003,True,191,False,1.6717476765217645,1.7956125311785665,-2.1715331094130357,2004,True,,
matern52,9,47689.56914918381,True,151,False,1.6740375471718798,1.7962555894055643,-2.165358402927487,2004,False,,
matern52,10,47689.12371281198,True,133,False,1.6778432601466968,1.7948792379535254,-2.1693185022656274,2004,True,,
matern52,11,47689.09401356268,True,189,False,1.6735919238301091,1.794482111897207,-2.171533109413039,2004,True,,
matern52,12,47689.36295609818,True,108,False,1.6761592270053514,1.7927317345491824,-2.1667964559720603,2004,True,,
matern52,13,47689.11619177788,True,127,False,1.6843530215265827,1.7917475502767932,-2.178772016467946,2004,True,,
matern52,14,47689.25846770192,True,213,False,1.6840790229218598,1.7922576290499708,-2.1715331094130392,2004,True,,
matern52,15,47688.976479191726,True,109,False,1.6736242612234489,1.7927494077592283,-2.1771253753870514,2004,True,,
matern52,16,47689.94479216674,True,97,False,1.6955867835992782,1.800805418693998,-2.167816331691229,2004,False,,
matern52,17,47690.048155327764,True,103,False,1.6680400148832777,1.7952777282141248,-2.162683673463426,2004,False,,
matern52,18,47688.96808001473,True,145,False,1.6756096341102655,1.7920093603769052,-2.1725046718974106,2004,True,,
matern52,19,47688.97635597526,True,103,False,1.670884362958717,1.7905645734566429,-2.1770413133972957,2004,True,,
periodic,0,53869.229189127116,True,103,False,1.6581702809663357,0.1295204114809153,-1.6274584442183802,2004,True,,
periodic,1,53868.954712444014,True,139,False,1.6612968834680912,0.13016787179050082,-1.6223698751342814,2004,True,,
periodic,2,53869.15353615797,True,115,False,1.6656056004345536,0.13226669662461774,-1.6174663429919278,2004,True,,
periodic,3,53870.15517147328,True,138,False,1.658170280966335,0.13503836237750622,-1.6084191719979914,2004,False,,
periodic,4,53927.13399295056,False,240,False,1.740395960442581,0.10602192389673692,-1.695467777367718,2004,False,,
periodic,5,53869.08213916002,True,127,False,1.6591970047598685,0.13220130203072236,-1.62122135953713,2004,True,,
periodic,6,53869.230972740435,True,127,False,1.658170280966335,0.13325780726038275,-1.6167109073941148,2004,True,,
periodic,7,53869.35621741051,True,173,False,1.6666614523086198,0.13001377847441078,-1.6274584442183775,2004,True,,
periodic,8,53869.06344105791,True,138,False,1.6581702809663352,0.12485555291701791,-1.6251023858005305,2004,True,,
periodic,9,53869.0790153102,True,127,False,1.6471191407124541,0.12477534061118944,-1.624409398545148,2004,True,,
periodic,10,53869.14106411202,True,139,False,1.6533043160616625,0.1295381503051772,-1.6252616939407312,2004,True,,
periodic,11,53869.236327094884,True,115,False,1.6504194183494283,0.12569799282396094,-1.6163042720429859,2004,True,,
periodic,12,53869.9624606376,True,121,False,1.640070716324289,0.12289478991953406,-1.6144317945470337,2004,False,,
periodic,13,53869.179566851686,True,127,False,1.6518566871578766,0.13126916643728434,-1.6179763165677705,2004,True,,
periodic,14,53869.14572752797,True,127,False,1.6649735553464373,0.13119427392207064,-1.6169099942784635,2004,True,,
periodic,15,53869.149388404716,True,109,False,1.6562587838004705,0.12603548735993983,-1.6173163809691582,2004,True,,
periodic,16,53869.05815011864,True,97,False,1.6473459226086706,0.12472706937210021,-1.6237851501622445,2004,True,,
periodic,17,53869.22057235977,True,109,False,1.6463356724165372,0.1276754060888121,-1.6172956375324956,2004,True,,
periodic,18,53869.93574282892,True,121,False,1.664365540328298,0.13353018882985845,-1.6094020602900672,2004,False,,
periodic,19,53869.22769674029,True,168,False,1.6619512172418272,0.12567885342439414,-1.6274584442183788,2004,True,,
locally_periodic,0,46966.37497057536,True,164,True,1.7301260651223995,2.302585092994046,2.088581486329722,2004,True,-2.330221553428147,
locally_periodic,1,46967.09429718628,True,189,True,1.7158764128037052,2.302585092994046,2.0763690524751572,2004,False,-2.3302215534281445,
locally_periodic,2,46966.49881146728,True,213,True,1.7513182291569231,2.302585092994046,2.0885814863297214,2004,False,-2.3457481087350653,
locally_periodic,3,46966.204812777025,True,235,True,1.726997307428276,2.302585092994046,2.0848387947609495,2004,True,-2.3324458985422543,
locally_periodic,4,47025.875288244184,False,240,True,1.5767296777567865,2.302585092994046,2.031077630698168,2004,False,-2.2847216380961,
locally_periodic,5,46965.95160052923,True,148,True,1.7357247079532392,2.302585092994046,2.0872959753399245,2004,True,-2.3377649871763735,
locally_periodic,6,46991.24090313194,False,240,True,1.6943543994519739,2.302585092994046,2.096796322848515,2004,False,-2.266088571295817,
locally_periodic,7,46966.20339854092,True,144,True,1.7431919326709198,2.302585092994046,2.085288925849765,2004,True,-2.3336110191030137,
locally_periodic,8,46967.02098820682,True,209,True,1.7621191420471312,2.302585092994046,2.0978637853724758,2004,False,-2.3302215534281445,
locally_periodic,9,46966.154767439926,True,178,True,1.7379497003419184,2.302585092994046,2.083370663590251,2004,True,-2.345193481601397,
locally_periodic,10,46966.80939382482,True,187,True,1.7419450225960635,2.302585092994046,2.0944826937215084,2004,False,-2.3235632604743093,
locally_periodic,11,46966.08251519516,False,240,True,1.7335709123734941,2.302585092994046,2.0864844986371476,2004,True,-2.340712453401506,
locally_periodic,12,46966.3308841649,True,158,True,1.7288773432697582,2.302585092994046,2.08594788455798,2004,True,-2.3284812955213763,
locally_periodic,13,47046.705935453996,False,240,True,1.7902068238798805,2.302585092994046,2.031077630698167,2004,False,-2.4209006642939244,
locally_periodic,14,46966.84435671361,True,233,True,1.7522219337494014,2.302585092994046,2.0876679448005917,2004,False,-2.3491738424696313,
locally_periodic,15,46967.604247179115,True,211,True,1.7107879054705213,2.302585092994046,2.0738388947001787,2004,False,-2.3302215534281436,
locally_periodic,16,46966.755809593335,True,164,True,1.7266721814311967,2.302585092994046,2.0871272903087315,2004,False,-2.325031299448175,
locally_periodic,17,46966.37165454122,True,235,True,1.7400108612670508,2.302585092994046,2.088581486329721,2004,True,-2.345332222318749,
locally_periodic,18,46966.940247099774,False,240,True,1.7525169868753538,2.302585092994046,2.097776069400844,2004,False,-2.325010864275609,
locally_periodic,19,46967.01108744419,False,240,True,1.7634051756505287,2.302585092994046,2.097107208818106,2004,False,-2.332735926356533,
additive,0,46946.48429614562,False,240,False,-0.1946911610523106,-0.40295239127395777,1.6761592270053518,2004,False,2.556827167900946,-2.2395424425623705
additive,1,46869.55559738116,False,240,True,0.5248666805083292,2.302585092994046,1.7847309828070204,2004,False,2.089652971475257,-2.420900664293921
additive,2,46881.20695227645,True,240,False,-2.4972762540463562,-1.9356105937981192,1.7388805477590419,2004,False,2.129254953162182,-3.33250993565519
additive,3,46404.693012506425,False,240,False,1.4174418889201068,1.372423989138184,0.8861106885296721,2004,False,1.697359232563712,-2.433074947851812
additive,4,46896.615665609264,False,240,False,-2.4650132813751138,-1.840369638421492,1.8304311223003709,2004,False,2.1982190776211055,-3.1463335512201316
additive,5,46421.73010495432,False,240,False,1.5258105456837354,1.4966803104461301,0.783567611187511,2004,False,1.6403046599629492,-2.4741743980055295
additive,6,46908.37267312988,False,240,False,-2.193801023298099,-1.8963145698676334,1.8356411748799477,2004,False,2.208748018450399,-3.8717664381463424
additive,7,46410.44730548259,False,240,False,1.4725064788646895,1.1646422005850163,0.6215165381072484,2004,False,1.5609376312659524,-2.420900664293921
additive,8,46395.15142290902,False,240,False,1.534089912830503,1.1752791104047664,0.6650153491446248,2004,False,1.6126643963619853,-2.414134177123603
additive,9,46393.72202613823,False,240,False,1.4832960622142008,1.2383788604900057,0.7672838009354701,2004,True,1.6534237071590185,-2.3910397641315804
additive,10,46487.20089392803,False,240,False,1.176735760982723,2.1094584855374543,1.2300607714774894,2004,False,1.8375082727354506,-2.4114433373812867
additive,11,47380.50046506262,False,240,False,1.8368059668782748,0.7776914877993234,-0.4555835979549308,2004,False,0.8683399895058881,-2.7836171077570264
additive,12,46445.52313404507,False,240,False,1.2361548079379407,1.9571973290449385,1.0399355501849745,2004,False,1.7817658552730085,-2.382914668786385
additive,13,47027.71165259885,False,240,False,-2.0339154720948143,-1.960964241468087,2.049933267318356,2004,False,2.3076766518392264,-10.219304198750685
additive,14,46458.3225350859,False,240,False,1.6103316708328488,1.007380978184895,0.3513337665290903,2004,False,1.48391114698406,-2.4227138420137706
additive,15,46399.22227215324,False,240,False,1.487733591516401,1.1259480792667107,0.637071947736625,2004,False,1.5954673152866374,-2.420900664293921
additive,16,46448.99248660708,False,240,False,1.6327517247638883,1.019891459168282,0.3809551121962014,2004,False,1.5002571552666801,-2.4036016202919255
additive,17,46394.96137829164,False,240,False,1.5268621814557424,1.2052182489728835,0.6660649366999509,2004,False,1.6031719819182115,-2.4209006642939217
additive,18,46704.395507949666,False,240,False,1.7445431758795897,0.8761682970064153,-0.05314356294588113,2004,False,1.2486505578229012,-2.420900664293921
additive,19,46804.55096951066,False,240,False,-1.6338068441735876,-0.6332109005733624,1.6307393237886094,2004,False,2.222449443335713,-2.332123313200693
se,0,50580.09529678991,True,139,False,1.5845812812283087,1.382105545713488,-1.9918081032634491,2005,False,,
se,1,50581.38180688077,True,173,False,1.5798103918473065,1.3932582690510962,-1.9691383255470027,2005,False,,
se,2,50579.52852376152,True,121,False,1.5769218168396704,1.3876762504153717,-1.9839946377106554,2005,True,,
se,3,50580.04478627447,True,109,False,1.571553642854212,1.3830521830731497,-1.979760440859408,2005,False,,
se,4,50579.87017867984,True,151,False,1.584581281228308,1.3895337145176767,-1.9782364566295172,2005,True,,
se,5,50580.16905530305,True,127,False,1.5909867895387728,1.3883064504142233,-1.9905558448347596,2005,False,,
se,6,50579.52752682806,True,115,False,1.5784040349871953,1.3854893379648272,-1.982126000071685,2005,True,,
se,7,50579.83483467552,True,115,False,1.578088008302113,1.3897143438074575,-1.985083665118185,2005,True,,
se,8,50579.54641831418,True,121,False,1.584581281228308,1.3867591382149023,-1.9861325281638849,2005,True,,
se,9,50579.840982995534,True,121,False,1.5744621065501123,1.3869768071512745,-1.9902586675102363,2005,True,,
se,10,50579.56353212141,True,109,False,1.5812154052237266,1.386379930715022,-1.981258091308203,2005,True,,
se,11,50618.233844150964,False,240,False,1.60991155114041,1.374441061468378,-2.0598174364127884,2005,False,,
se,12,50579.81150673785,True,91,False,1.580860849793887,1.3842152017420322,-1.9807982063138883,2005,True,,
se,13,50580.05911249395,True,145,False,1.5766487190729126,1.3805651328652697,-1.990150371954478,2005,False,,
se,14,50580.74278266347,True,121,False,1.5741646435202925,1.3906113742452362,-1.9717861987509522,2005,False,,
se,15,50579.63974215617,True,139,False,1.5739278238406438,1.3838836880262047,-1.989832107317427,2005,True,,
se,16,50579.59004470604,True,127,False,1.572940483460529,1.3844164630232885,-1.9884004111380846,2005,True,,
se,17,50580.19449508979,True,109,False,1.589663819655137,1.38720391005601,-1.9924963423422626,2005,False,,
se,18,50579.99220128871,True,139,False,1.5861609557577763,1.3835921647047567,-1.9920043905499707,2005,True,,
se,19,50580.46296287117,True,190,False,1.5918711205129108,1.3890984825802744,-1.9918081032634514,2005,False,,
matern32,0,47574.53348662572,True,127,False,1.7464817955794527,2.0803666498109283,-2.3545245467265548,2005,True,,
matern32,1,47574.64675776263,True,121,False,1.7410372419124807,2.0806162599419538,-2.3402746163390784,2005,True,,
matern32,2,47574.79332282151,True,173,False,1.7491234568228768,2.0787570206556643,-2.3545245467265525,2005,True,,
matern32,3,47574.40049326142,True,133,False,1.7422498878545472,2.0837737848306164,-2.3457458608803714,2005,True,,
matern32,4,47574.62808643974,True,126,False,1.746481795579452,2.0838472231449012,-2.354524546726553,2005,True,,
matern32,5,47575.61089859063,True,167,False,1.7640429988409985,2.091818516914275,-2.3545245467265525,2005,False,,
matern32,6,47574.57467548686,True,149,False,1.7472358073943262,2.0831729298823127,-2.3545245467265525,2005,True,,
matern32,7,47574.457880632624,True,127,False,1.7436286185226417,2.079709572574367,-2.345944892184265,2005,True,,
matern32,8,47575.46462779722,True,157,False,1.727980618106803,2.0719076708901287,-2.3628310985868635,2005,False,,
matern32,9,47575.55200482921,True,109,False,1.7228088178019303,2.0746815044309304,-2.3366689496177226,2005,False,,
matern32,10,47574.62322883849,True,127,False,1.7348806481575882,2.0792639238441057,-2.340967027064388,2005,True,,
matern32,11,47575.07219102951,True,121,False,1.7498342842669856,2.080697459924415,-2.3606717765866674,2005,False,,
matern32,12,47574.924903384235,True,139,False,1.7263267101444437,2.073715125665414,-2.355903358912183,2005,False,,
matern32,13,47574.80214331158,True,201,False,1.733908785291723,2.080376139223006,-2.354524546726557,2005,True,,
matern32,14,47574.598182436435,True,145,False,1.74296517423644,2.0802374277362463,-2.3421109564736815,2005,True,,
matern32,15,47574.5286073569,True,179,False,1.7468436973540837,2.0819531358058416,-2.3545245467265525,2005,True,,
matern32,16,47574.804553431255,True,115,False,1.7422353130574189,2.086361434027987,-2.3389764355547262,2005,True,,
matern32,17,47574.484829825626,True,137,False,1.7425053287006127,2.0806312864268555,-2.3545245467265525,2005,True,,
matern32,18,47574.512364562506,True,133,False,1.7472879559674577,2.0799403572516084,-2.351255243737803,2005,True,,
matern32,19,47574.81255289937,True,127,False,1.7359436413318783,2.0769463182120984,-2.341060273116141,2005,True,,
matern52,0,48321.71092747763,True,127,False,1.6745260114233886,1.7928473716531586,-2.1731663249950013,2005,True,,
matern52,1,48322.350656492694,True,150,False,1.6745260114233884,1.7855338046552132,-2.195836102711444,2005,False,,
matern52,2,48321.68814832975,True,121,False,1.6676419009456669,1.7888969358238045,-2.176743221940023,2005,True,,
matern52,3,48321.980345855205,True,144,False,1.6774479653089378,1.791123272780126,-2.173166324995,2005,False,,
matern52,4,48321.39239463821,True,133,False,1.6798129100182742,1.792098566226002,-2.179147521387658,2005,True,,
matern52,5,48321.34514632626,True,109,False,1.67708821187501,1.7954930983930284,-2.178699386867133,2005,True,,
matern52,6,48321.98054351295,True,121,False,1.6918250855775567,1.8002571977994908,-2.1825958003373973,2005,False,,
matern52,7,48321.76460880959,True,121,False,1.6601205108482668,1.7871113379038726,-2.1821392066775065,2005,True,,
matern52,8,48321.52766979058,True,115,False,1.6770344534694592,1.792232195714949,-2.1758722373657076,2005,True,,
matern52,9,48321.459252429515,True,121,False,1.6808143889177867,1.7962860674966967,-2.176462996773889,2005,True,,
matern52,10,48321.96693700041,True,121,False,1.6616308214013078,1.7886701445510096,-2.1755084802630713,2005,False,,
matern52,11,48321.30350478714,True,109,False,1.6716462646187993,1.7918836676183096,-2.179276353652049,2005,True,,
matern52,12,48321.71963731837,True,191,False,1.6709870826351818,1.7938365416418716,-2.1731663249949995,2005,True,,
matern52,13,48321.84838058463,True,121,False,1.674214875585712,1.7909664351871828,-2.193194801986583,2005,False,,
matern52,14,48322.21015021279,True,150,False,1.6792980826659776,1.7885596385399234,-2.1958361027114437,2005,False,,
matern52,15,48322.23123051165,True,184,False,1.6816289584706843,1.7897334358136674,-2.1958361027114486,2005,False,,
matern52,16,48321.92959963642,True,133,False,1.6734370442388047,1.7928473716531583,-2.1922151814676862,2005,False,,
matern52,17,48321.83787305924,True,115,False,1.6636556482374014,1.7880340386863571,-2.1904451340680686,2005,False,,
matern52,18,48322.783147581635,True,133,False,1.6745260114233884,1.799835529023838,-2.166835451501204,2005,False,,
matern52,19,48322.52071457991,True,127,False,1.6991125405640677,1.801686096821447,-2.183235481612961,2005,False,,
periodic,0,54596.130831200986,True,115,False,1.6565370653843727,0.1295204114809153,-1.6290916598003435,2005,True,,
periodic,1,54596.30348241501,True,173,False,1.6446909200845299,0.12684821523759912,-1.6290916598003415,2005,True,,
periodic,2,54596.18339684328,True,167,False,1.6587673048184846,0.12638195548551293,-1.6290916598003415,2005,True,,
periodic,3,54596.33326332907,True,127,False,1.6443607387500443,0.12529128958992788,-1.6252882202435945,2005,True,,
periodic,4,54596.266141674765,True,145,False,1.6541076875426293,0.12423925915148401,-1.627638998567015,2005,True,,
periodic,5,54596.331117761176,True,190,False,1.665784689848449,0.1297712883721115,-1.6290916598003458,2005,True,,
periodic,6,54596.15234674311,True,127,False,1.657701271726914,0.12684779828103032,-1.630290327233633,2005,True,,
periodic,7,54596.33178836483,True,139,False,1.64732614835787,0.12492502768324286,-1.6243761720723042,2005,True,,
periodic,8,54596.55442142651,True,121,False,1.663770856200558,0.13002887179195374,-1.6208881838958067,2005,True,,
periodic,9,54596.23029331002,True,155,False,1.662581967090135,0.12813797377342337,-1.6290916598003415,2005,True,,
periodic,10,54596.237215281035,True,167,False,1.6531953886657944,0.1302800941662759,-1.6290916598003415,2005,True,,
periodic,11,54596.46604415984,True,132,False,1.656537065384372,0.13223737101839916,-1.6205050806358177,2005,True,,
periodic,12,54596.54561499354,True,121,False,1.657604146180702,0.12725847288314587,-1.6208250871397651,2005,True,,
periodic,13,54596.4563937986,True,133,False,1.6632028552495912,0.1316038468887355,-1.6315117651159583,2005,True,,
periodic,14,54596.219479781495,True,121,False,1.6579388971678333,0.13071613961070247,-1.6294468760507452,2005,True,,
periodic,15,54597.458569631126,True,127,False,1.6562700378692055,0.1336944077971957,-1.6133098456635273,2005,False,,
periodic,16,54596.453272204846,True,121,False,1.660015966096923,0.12711349789468498,-1.6344833647628811,2005,True,,
periodic,17,54702.263814162616,False,240,False,1.6741808263350433,0.04451629775536775,-1.6971009929496828,2005,False,,
periodic,18,54596.51827709362,True,109,False,1.6677212311393104,0.13111551349162112,-1.6309904919556018,2005,True,,
periodic,19,54596.69652786669,True,173,False,1.67091591312342,0.13355041930641076,-1.6290916598003413,2005,False,,
locally_periodic,0,47589.1952083393,True,164,True,1.7284928495404366,2.302585092994046,2.088581486329722,2005,False,-2.3318547690101106,
locally_periodic,1,47589.00589854551,True,143,True,1.7327918891113585,2.302585092994046,2.083753974877334,2005,False,-2.3346964681917814,
locally_periodic,2,47588.577805750145,True,131,True,1.7386028455139497,2.302585092994046,2.08375877652572,2005,True,-2.3453211139668118,
locally_periodic,3,47589.207861118965,True,139,True,1.7549919618120973,2.302585092994046,2.098030118060352,2005,False,-2.341034294470427,
locally_periodic,4,47635.181663996605,False,240,False,1.745338050447101,1.7269388197455338,2.0791880326377274,2005,False,-2.387867577055708,
locally_periodic,5,47589.98269988023,True,149,True,1.7423364451548873,2.302585092994046,2.0805784225862833,2005,False,-2.3618678750931887,
locally_periodic,6,47597.99804300543,False,240,True,1.7817458696535924,2.302585092994046,2.116058150560778,2005,False,-2.3617449603175205,
locally_periodic,7,47589.708673425666,True,240,True,1.7458033766558902,2.302585092994046,2.093059635671715,2005,False,-2.355884966447514,
locally_periodic,8,47589.036453845285,True,205,True,1.736896471435394,2.302585092994046,2.0875605999710403,2005,False,-2.3320963977833675,
locally_periodic,9,47589.075327893515,True,155,True,1.7435950284840693,2.302585092994046,2.090978553500891,2005,False,-2.331854769010109,
locally_periodic,10,47589.037622914446,True,230,True,1.7326099974911215,2.302585092994046,2.0888254660841383,2005,False,-2.331854769010113,
locally_periodic,11,47598.6434892689,False,240,True,1.6810210526416485,2.302585092994046,2.0498456022632205,2005,False,-2.374310773773447,
locally_periodic,12,47589.00390030211,True,182,True,1.7351689118973752,2.302585092994046,2.0896883259654553,2005,False,-2.3318547690101084,
locally_periodic,13,47589.14837904749,True,196,True,1.728693545508407,2.302585092994046,2.0879224671408387,2005,False,-2.3318547690101084,
locally_periodic,14,47589.865353232824,True,191,True,1.7151397233715995,2.302585092994046,2.0805725394787395,2005,False,-2.3318547690101084,
locally_periodic,15,47596.497797839605,False,240,False,1.7166811904622021,2.187455838344344,2.0768703437078697,2005,False,-2.320229574493139,
locally_periodic,16,47589.23494116707,True,164,True,1.7391945595871523,2.302585092994046,2.0819829827835163,2005,False,-2.3575912196996227,
locally_periodic,17,47588.70444336449,True,201,True,1.7422087421830552,2.302585092994046,2.0853978478915587,2005,True,-2.341671069786513,
locally_periodic,18,47588.48390039239,True,156,True,1.7327432165013685,2.302585092994046,2.0873244214626654,2005,True,-2.3426903898816973,
locally_periodic,19,47615.27369768102,False,240,True,1.6957897197809877,2.302585092994046,2.0292300984198013,2005,False,-2.386916393354557,
additive,0,47572.29681527277,False,240,False,-0.19632437663427355,-0.40295239127395777,1.6745260114233889,2005,False,2.556827167900946,-2.241175658144334
additive,1,47362.21604737773,False,240,False,-1.7049372579681745,-0.8215283151087001,1.7275386889454918,2005,False,2.2857375627807626,-2.3794083834552846
additive,2,47060.28981025552,False,240,False,1.5530022973845257,1.0668300264275241,0.4788410921647227,2005,False,1.5809718271244653,-2.4225338798758846
additive,3,47143.94594043407,False,240,False,1.6611134134458823,0.9662814920883294,0.16888248797162692,2005,False,1.3947591596791793,-2.448255716061335
additive,4,47006.39275085619,False,240,False,1.4715455448082857,1.2738714361169134,0.7468600749969215,2005,False,1.6591580755735855,-2.418697288102409
additive,5,47026.94919635087,False,240,False,1.3521414003792305,1.4688526569215818,0.9549681698627499,2005,False,1.7111801989490376,-2.4406722801033363
additive,6,47534.56249035406,False,240,False,-2.2305787479062555,-2.1184074665252473,1.6756031640115405,2005,False,2.060869053737605,-8.77816868678271
additive,7,47033.06208314514,False,240,False,1.3366328865466213,1.5638236695488295,0.9909460619407818,2005,False,1.754449180211316,-2.3748718342859885
additive,8,47015.06967413763,False,240,False,1.5676258101939788,1.1532783484890492,0.5724888314982152,2005,False,1.5790880815796793,-2.393240640847624
additive,9,47501.90750999091,False,240,False,-2.7461845136437675,-1.8302132738481873,1.7475270956587277,2005,False,2.135340684025298,-2.911117027806005
additive,10,48180.813600077265,False,240,False,1.6831120420678904,0.6424334979099853,-0.6280590815706556,2005,False,0.8481411719919164,-2.785250323338995
additive,11,47054.06956786709,False,240,False,1.2897716794106557,1.5015697170978104,1.0726048506151713,2005,False,1.7573167282816813,-2.4196078035748183
additive,12,47513.396589254044,False,240,True,-0.6280590815706566,2.302585092994046,1.4658116737070697,2005,False,2.029491135389594,-2.305329276558771
additive,13,47011.883856211905,False,240,False,1.5605136159898747,1.121655588691762,0.6271062500878603,2005,False,1.6041044785365444,-2.431505658314786
additive,14,47003.639959530075,False,240,False,1.5270906464227731,1.188677959167367,0.7152818114786685,2005,True,1.636008248803693,-2.4151234753858875
additive,15,47380.17878652176,False,240,False,-2.128283261585171,-0.9034664339260967,1.6944475002136543,2005,False,2.204707884712948,-2.386959097087314
additive,16,47037.86833549224,False,240,False,1.6533152691783017,1.130322109427475,0.4532429233460811,2005,False,1.5153087281513313,-2.448054725529148
additive,17,47713.70427096683,False,240,False,0.46305757153726806,-0.2379668764958432,1.4597943710049741,2005,False,3.068438516043333,-2.185318120395307
additive,18,47060.58215275513,False,240,False,1.513534480583334,0.9937956202784619,0.5232334649263664,2005,False,1.5053280934953894,-2.4928690274302245
additive,19,47362.20573628165,True,231,False,-1.7599197979221515,-0.8397601004923082,1.740315033328815,2005,False,2.283918466149564,-2.37679165371426
se,0,51230.28494190811,True,133,False,1.5831373263833748,1.3903203822322816,-1.993252058108383,2006,True,,
se,1,51229.992821204985,True,126,False,1.5831373263833741,1.386287864960503,-1.9918146589420367,2006,True,,
se,2,51231.56222338219,True,109,False,1.5868940988004692,1.393057708936527,-1.9762369826583916,2006,False,,
se,3,51229.91182318497,True,166,False,1.5777521099963423,1.3853672745436136,-1.9932520581083808,2006,True,,
se,4,51231.83761855309,True,97,False,1.579606546988333,1.3941084012099434,-1.9748240848768688,2006,False,,
se,5,51230.49797504832,True,121,False,1.578629634576167,1.3880629989277184,-1.9811680289021616,2006,False,,
se,6,51232.080606484815,True,109,False,1.579534407147976,1.37961682825573,-2.0077202832861323,2006,False,,
se,7,51229.93810167909,True,167,False,1.580829405776348,1.3860609925865022,-1.9932520581083808,2006,True,,
se,8,51230.14529070792,True,133,False,1.5789332844169486,1.384543009767561,-1.9972231198471297,2006,True,,
se,9,51230.245059696594,True,133,False,1.5742101579549,1.3861783909320433,-1.9982160814758103,2006,True,,
se,10,51230.52032645254,True,115,False,1.5719208224485384,1.3895967455962022,-1.981709847997774,2006,False,,
se,11,51230.0287741112,True,121,False,1.5736248400680235,1.3888623860089677,-1.9903296464725035,2006,True,,
se,12,51230.351046411364,True,230,False,1.5651483803443587,1.383054540560856,-1.9932520581083857,2006,True,,
se,13,51230.20625604554,True,97,False,1.5810152598253913,1.3894914892522294,-1.9840297845781714,2006,True,,
se,14,51230.132254182245,True,133,False,1.5698036942642186,1.3842983539886866,-1.9956884269196402,2006,True,,
se,15,51230.86866265863,True,97,False,1.5742527919546196,1.3841029887001497,-2.003507580270474,2006,False,,
se,16,51230.31835446348,True,120,False,1.5831373263833743,1.386143835770937,-1.9856410378524247,2006,True,,
se,17,51230.3939254831,True,121,False,1.5751983249762822,1.3899337413451724,-1.994361274682116,2006,True,,
se,18,51267.16607883536,False,240,False,1.5528729316836007,1.3800527427021856,-2.0612613912577222,2006,False,,
se,19,51230.40928176491,True,109,False,1.5691654788501752,1.383830371882981,-1.9989394985911844,2006,True,,
matern32,0,48185.47805166322,True,121,False,1.7450378407345188,2.0803666498109283,-2.3559685015714886,2006,True,,
matern32,1,48185.32722935845,True,185,False,1.7409873169924135,2.080678366203121,-2.3559685015714864,2006,True,,
matern32,2,48185.808907703235,True,155,False,1.756172086535202,2.088491641112161,-2.3559685015714864,2006,True,,
matern32,3,48185.52147578206,True,103,False,1.7433671631125918,2.079637068075328,-2.3540585295663052,2006,True,,
matern32,4,48185.610763790646,True,127,False,1.734290737648247,2.0747770311389497,-2.359045683200558,2006,True,,
matern32,5,48186.19983081249,True,115,False,1.740678344344919,2.0765261295612274,-2.370212831132189,2006,False,,
matern32,6,48185.87240953476,True,121,False,1.7319659386374129,2.082430447535804,-2.3464103072180214,2006,False,,
matern32,7,48185.67257417936,True,109,False,1.729281984019278,2.078445851879245,-2.3496065059128135,2006,True,,
matern32,8,48186.36852308662,True,115,False,1.7255381712286268,2.0725138098171594,-2.3691690673060943,2006,False,,
matern32,9,48186.2244361152,True,121,False,1.7622714441873335,2.0901035509142005,-2.3579320431961683,2006,False,,
matern32,10,48185.69022862559,True,161,False,1.7255916395899629,2.077039127360362,-2.355968501571486,2006,True,,
matern32,11,48186.45484608933,True,103,False,1.7173578544251404,2.0697780353151805,-2.35286120391353,2006,False,,
matern32,12,48185.586968384974,True,161,False,1.7483948634311306,2.081309585578774,-2.3559685015714864,2006,True,,
matern32,13,48186.67827038941,True,115,False,1.748429096968479,2.090945215708648,-2.3394517489450846,2006,False,,
matern32,14,48185.82274459561,True,133,False,1.7454363661437413,2.0814116557638145,-2.3482160947494455,2006,False,,
matern32,15,48185.94527019838,True,184,False,1.7583957529266576,2.089408413761176,-2.355968501571491,2006,False,,
matern32,16,48186.13274507614,True,115,False,1.7600411892548276,2.0897942688560813,-2.3501435715990047,2006,False,,
matern32,17,48186.64719919434,True,133,False,1.7160631845407823,2.071113419170472,-2.3487641720017876,2006,False,,
matern32,18,48185.61718935497,True,127,False,1.7355624504382872,2.082440452605707,-2.35871901517902,2006,True,,
matern32,19,48185.32769872312,True,177,False,1.7382296404681623,2.081111032074613,-2.355968501571491,2006,True,,
matern52,0,48939.94503098361,True,109,False,1.6730820565784548,1.7928473716531588,-2.197280057556379,2006,True,,
matern52,1,48940.07303096715,True,139,False,1.667775718184331,1.7859434633879272,-2.196706751886781,2006,True,,
matern52,2,48939.73750152507,True,121,False,1.6828191378011257,1.7928272878186882,-2.191624226617773,2006,True,,
matern52,3,48939.8812916479,True,121,False,1.6730820565784543,1.795850304271688,-2.1918935813328693,2006,True,,
matern52,4,48939.90999883071,True,115,False,1.663109040219368,1.7917606884683808,-2.1849700263121687,2006,True,,
matern52,5,48940.17526771567,True,115,False,1.6661085421666657,1.7887360813192719,-2.182362508376077,2006,True,,
matern52,6,48940.04657270921,True,138,False,1.6730820565784545,1.797213882393162,-2.1811474457240885,2006,True,,
matern52,7,48940.50422291549,True,121,False,1.6628424231978418,1.7910762869187435,-2.178294413719717,2006,False,,
matern52,8,48939.799425088706,True,127,False,1.6846578581454246,1.7935197897787225,-2.191696792945621,2006,True,,
matern52,9,48939.93370500754,True,195,False,1.6732632440245365,1.7927814992608933,-2.1972800575563816,2006,True,,
matern52,10,48939.99339640583,True,139,False,1.6844087390347153,1.7944798663925234,-2.196294460359096,2006,True,,
matern52,11,48941.14767722414,True,127,False,1.6554660010019808,1.7820418982207733,-2.2017896842734905,2006,False,,
matern52,12,48940.49956499371,True,133,False,1.6585821859218643,1.7843477923863957,-2.198413705091332,2006,False,,
matern52,13,48939.93962243943,True,157,False,1.6796815117996584,1.7915178551555153,-2.18498521689692,2006,True,,
matern52,14,48940.174334097355,True,115,False,1.6688470516278262,1.7906335384811956,-2.180393022232069,2006,True,,
matern52,15,48940.74841748037,True,103,False,1.660019858393317,1.7852679507999754,-2.2021567627160175,2006,False,,
matern52,16,48940.20673311376,True,121,False,1.6746956392256662,1.7922058993428398,-2.2002769038634873,2006,True,,
matern52,17,48940.098192629244,True,161,False,1.67161256562182,1.786457144898986,-2.197280057556377,2006,True,,
matern52,18,48940.145149970514,True,173,False,1.6852048922606684,1.7952296642575523,-2.1972800575563776,2006,True,,
matern52,19,48940.07223577649,True,190,False,1.6813581512591538,1.7951476753238156,-2.1972800575563824,2006,True,,
periodic,0,55332.96907822559,True,115,False,1.6371041645004232,0.12232483306530892,-1.6305356146452772,2006,False,,
periodic,1,55332.695574619866,True,121,False,1.6551454510687353,0.1264711773288608,-1.6271556967673235,2006,True,,
periodic,2,55332.462951539776,True,154,False,1.651759114995547,0.13099352191201802,-1.6305356146452754,2006,True,,
periodic,3,55332.48744394376,True,139,False,1.6502475899270646,0.1289013831892637,-1.636638191480392,2006,True,,
periodic,4,55333.18465608514,True,133,False,1.6431459038214131,0.12584838743156265,-1.623955456323246,2006,False,,
periodic,5,55332.61192692669,True,139,False,1.6532023629969077,0.13031335544626785,-1.6262438885979658,2006,True,,
periodic,6,55332.771958593774,True,139,False,1.6557468132413067,0.12349410456609308,-1.640817178743048,2006,True,,
periodic,7,55332.42974628389,True,145,False,1.6568572691527201,0.13133007327195273,-1.6296111011167775,2006,True,,
periodic,8,55332.455546373596,True,133,False,1.6525130316158343,0.12390830216854827,-1.633848923650123,2006,True,,
periodic,9,55332.67153629875,True,157,False,1.6550609388990436,0.12952041148091498,-1.625606980350923,2006,True,,
periodic,10,55332.85207767529,True,213,False,1.6680312632309462,0.13469103821180728,-1.6305356146452796,2006,True,,
periodic,11,55333.12077780538,True,115,False,1.6462472004539312,0.12695798805532033,-1.6233971202585928,2006,False,,
periodic,12,65038.28341565594,False,240,False,1.3702523984996988,-0.7401134335110564,-2.0612613912577222,2006,False,,
periodic,13,55332.92860810059,False,240,False,1.6394808093371682,0.12176786146935717,-1.6305356146452794,2006,False,,
periodic,14,55332.73046675138,True,109,False,1.645708170198202,0.12606590323381123,-1.6400579259603165,2006,True,,
periodic,15,55333.130496595084,True,127,False,1.6484346430924288,0.1273606583437076,-1.643040466769351,2006,False,,
periodic,16,55332.44669895766,True,127,False,1.6622510666473036,0.1282025878321074,-1.6341776190310169,2006,True,,
periodic,17,55332.918171964484,True,151,False,1.6513995188945174,0.12266763089594915,-1.6426909635125964,2006,True,,
periodic,18,55430.03134945537,False,240,False,1.589419490775711,0.03306892026839919,-1.6985449477946166,2006,False,,
periodic,19,55332.36794085332,True,145,False,1.6506549591833932,0.12722934743022554,-1.6300095253330567,2006,True,,
locally_periodic,0,48199.63557015505,True,171,True,1.7450378407345186,2.302585092994046,2.0885814863297223,2006,True,-2.355968501571488,
locally_periodic,1,48199.50812171676,True,159,True,1.7371458309116112,2.302585092994046,2.086161327637669,2006,True,-2.348219186913671,
locally_periodic,2,48202.44635179709,False,240,True,1.732490841482154,2.302585092994046,2.0737211779475593,2006,False,-2.375936980989038,
locally_periodic,3,48199.89196577961,True,133,True,1.7440060503321937,2.302585092994046,2.0920281359474924,2006,True,-2.341820832063428,
locally_periodic,4,48199.859155508544,True,215,True,1.7469819813330831,2.302585092994046,2.0931496362280013,2006,True,-2.355968501571491,
locally_periodic,5,48200.10339239531,False,240,True,1.7482604740444498,2.302585092994046,2.086169301454268,2006,False,-2.3578941371378663,
locally_periodic,6,48200.02476617095,True,187,True,1.7495393815555287,2.302585092994046,2.0943658967566723,2006,False,-2.3428107044727047,
locally_periodic,7,48199.58999588198,True,226,True,1.7282708101725617,2.302585092994046,2.087113316735895,2006,True,-2.348381088586394,
locally_periodic,8,48200.639846997794,False,240,True,1.7411424329090248,2.302585092994046,2.0977798853236473,2006,False,-2.3497145269074955,
locally_periodic,9,48201.773717377546,False,240,True,1.749460637527946,2.302585092994046,2.0809438934661153,2006,False,-2.3685709844680924,
locally_periodic,10,48199.87148663727,True,171,True,1.748705326083189,2.302585092994046,2.094651617875807,2006,True,-2.3530189193566358,
locally_periodic,11,48211.981878413004,False,240,False,1.7590646550318199,2.1257501890989943,2.095392632983766,2006,False,-2.3837879437897165,
locally_periodic,12,48200.76145113724,True,174,True,1.718899689275507,2.302585092994046,2.075816566763325,2006,False,-2.3665117951028214,
locally_periodic,13,48199.57785674,True,161,True,1.7281919561513925,2.302585092994046,2.084914891436299,2006,True,-2.346601845460075,
locally_periodic,14,48201.301717239614,False,240,True,1.7341752517100428,2.302585092994046,2.0802559947165156,2006,False,-2.3731209388457484,
locally_periodic,15,48200.02233843283,True,240,True,1.7340680088429026,2.302585092994046,2.0803666498109274,2006,False,-2.3509524144183516,
locally_periodic,16,48199.674283099186,True,159,True,1.7293562227410118,2.302585092994046,2.0826197070735186,2006,True,-2.347294356471087,
locally_periodic,17,48199.74366675551,True,150,True,1.7254839777855606,2.302585092994046,2.0865565388197327,2006,True,-2.346433344794307,
locally_periodic,18,48200.0415805191,True,213,True,1.7435262471626807,2.302585092994046,2.0906646431942786,2006,False,-2.3610398304011433,
locally_periodic,19,48296.60479003423,False,240,False,1.8439059332242076,2.1224653686802193,2.1086353049855613,2006,False,-2.2535050555338776,
additive,0,48229.06038815011,False,240,False,-0.05385676316707955,-0.34538776394910664,1.673082056578455,2006,False,2.6225458600512934,-2.2426196129892677
additive,1,47615.307769894374,False,240,False,1.4462692880142463,1.3276758500534303,0.8371503130143638,2006,False,1.679747880878293,-2.4121727971143407
additive,2,47610.73107011895,False,240,False,1.4954238488537623,1.223248330653087,0.7422387112697968,2006,True,1.644932977586867,-2.425243350726998
additive,3,47663.83564898519,False,240,False,1.2103165982437887,1.5906525685643766,0.9353475442071846,2006,False,1.7363060502977055,-2.4613615459580562
additive,4,47666.51574669973,False,240,False,1.606562950826742,1.0937279191721723,0.44264892055348587,2006,False,1.4756906609635103,-2.4980007083688633
additive,5,47976.30027841451,True,240,False,-1.7392222741537573,-0.8329803367401283,1.7409926002472291,2006,False,2.2856871718731924,-2.3918562411165287
additive,6,47801.92221701004,False,240,False,1.0974357833299448,2.0723265836946414,1.3211862599862494,2006,False,1.9310079337949266,-2.4239778347208185
additive,7,47640.99832436784,False,240,False,1.5838184529310353,1.0790093671899332,0.46787249175511814,2006,False,1.5255984508316993,-2.4239778347208185
additive,8,47616.97228823489,False,240,False,1.514808420802132,1.1512925464970232,0.6542899575146681,2006,False,1.5975323363702747,-2.4109058130024597
additive,9,47612.80227953069,False,240,False,1.5389262039176708,1.2060412958565128,0.6647787285886217,2006,False,1.6056875406503435,-2.4341076013292384
additive,10,47610.63041445612,True,240,False,1.4923625398895666,1.232991082875904,0.724163647881521,2006,True,1.634407686769,-2.4296679865691475
additive,11,47803.253654050975,False,240,False,1.7292805269803866,0.9475855305446124,0.11721949869633663,2006,False,1.3330904091062752,-2.5256839114965044
additive,12,48206.69210430995,False,240,False,-1.945506266964031,-1.8943058246244722,1.7128822174431975,2006,False,2.2104315535603596,-6.051142269351876
additive,13,50195.727675051254,False,240,False,2.0337947184877603,0.6907755278982136,-0.9751313496205192,2006,False,0.29583662018550905,-3.5121271651101402
additive,14,48275.27925502976,False,240,False,0.07799340788016448,-0.28782313662425596,1.5291704882663275,2006,False,2.7204069597469123,-2.1693775497841896
additive,15,47616.5545474026,False,240,False,1.4572147041102634,1.2952041148091509,0.8131632702574935,2006,False,1.6773985353644794,-2.3880797028935374
additive,16,47630.48930354079,False,240,False,1.5845203074303553,1.1633311790153755,0.5717097109030584,2006,False,1.561577270039939,-2.4777154485872566
additive,17,48261.48945718699,False,240,True,-3.2199112660338916,2.302585092994046,1.9609051932027095,2006,False,2.1763637182257387,-2.359833977724049
additive,18,48059.00566645838,False,240,False,-0.9173261730398463,-0.5756462732485117,1.6272515967230496,2006,False,2.3777586502508057,-2.2615315103224405
additive,19,48116.24920512264,False,240,False,-2.6393129632616983,-1.8465360765733734,1.7630267867735352,2006,False,2.1504587301641465,-3.0257661478679867
se,0,52003.25679944441,True,133,False,1.5985486408070895,1.3903203822322816,-2.0005105214011123,2007,True,,
se,1,52003.378236808945,True,109,False,1.585482404446664,1.3890579664623364,-2.00262186326666,2007,False,,
se,2,52003.6808129031,True,139,False,1.5854025308955895,1.3908872883507397,-1.9831265389885284,2007,False,,
se,3,52003.44162179692,True,121,False,1.580855860540035,1.3896596756810906,-1.9864595882324703,2007,False,,
se,4,52002.84429106497,True,115,False,1.5889076032533973,1.3907639737424653,-1.9939940673744494,2007,True,,
se,5,52003.75084250592,True,109,False,1.5891087409847646,1.385819854026666,-2.006935134112967,2007,False,,
se,6,52003.26581040924,True,103,False,1.5862395191739722,1.3898809446811204,-1.9862564876404698,2007,True,,
se,7,52003.36068124801,True,179,False,1.5805596947680736,1.3845006034544862,-2.00051052140111,2007,True,,
se,8,52003.0232461783,True,145,False,1.5824680543908511,1.3880578825823173,-1.991200699602985,2007,True,,
se,9,52003.76766360278,True,139,False,1.5962313606418772,1.391110774490782,-2.0040194201658137,2007,False,,
se,10,52003.05622539072,True,115,False,1.5800261968761236,1.3879203202775297,-1.9934771129836357,2007,True,,
se,11,52003.16678755716,True,121,False,1.586198039919319,1.3892852728188576,-1.987391409372336,2007,True,,
se,12,52003.336927309836,True,127,False,1.5844041693451674,1.3925104765426324,-1.98800629468044,2007,True,,
se,13,52003.37623087925,True,121,False,1.5805596947680733,1.3868190394245967,-1.9890851529919562,2007,False,,
se,14,52003.28174007246,True,195,False,1.5850250715748497,1.38433700819499,-2.000510521401113,2007,True,,
se,15,52003.312332195,True,202,False,1.5997289958589205,1.3903979341479233,-2.000510521401113,2007,True,,
se,16,52003.09906919299,True,97,False,1.5974284248759805,1.3915642197679117,-1.9974053832239038,2007,True,,
se,17,52002.98433439798,True,121,False,1.5858870255510185,1.391312724289674,-1.9926763285460063,2007,True,,
se,18,52003.03546428167,True,202,False,1.5916950884241516,1.3892135112247217,-2.000510521401113,2007,True,,
se,19,52003.15849300688,True,103,False,1.6006473717049372,1.392225614160035,-1.9943187976239451,2007,True,,
matern32,0,48878.887738535384,True,109,False,1.7424602091192178,2.0803666498109283,-2.3632269648642183,2007,True,,
matern32,1,48879.73592299251,True,127,False,1.739851476032314,2.0749090809507367,-2.377594497207702,2007,False,,
matern32,2,48879.45748287067,True,127,False,1.758771452521165,2.0804579252390893,-2.375334131413823,2007,False,,
matern32,3,48878.81669420615,True,155,False,1.7604491551582335,2.086175180568074,-2.3677801070339783,2007,True,,
matern32,4,48879.52985599249,True,109,False,1.762875461902423,2.0844857654389024,-2.377059480607312,2007,False,,
matern32,5,48879.78044494758,True,121,False,1.7743901728519065,2.092376172809705,-2.372163839294275,2007,False,,
matern32,6,48879.14095915167,True,121,False,1.7434576421045334,2.0792488239705444,-2.358712855014875,2007,True,,
matern32,7,48879.018265170176,True,133,False,1.75083066897573,2.0792625104567306,-2.371385633377918,2007,True,,
matern32,8,48878.97575822026,True,103,False,1.7452497588151132,2.0827878182059867,-2.357771364584529,2007,True,,
matern32,9,48878.857095660496,True,121,False,1.749458379919711,2.0859264035635796,-2.3649151239187742,2007,True,,
matern32,10,48878.90294835744,True,97,False,1.7621402314840298,2.0884672725815596,-2.3596113820387323,2007,True,,
matern32,11,48879.4764770821,True,190,False,1.7745652282741693,2.093799565962239,-2.363226964864219,2007,False,,
matern32,12,48878.90705497066,True,189,False,1.7515991191256377,2.0876888889814578,-2.3632269648642192,2007,True,,
matern32,13,48879.17880892218,True,109,False,1.7540234252141351,2.0796465301278313,-2.373375724587531,2007,True,,
matern32,14,48879.228207818946,True,97,False,1.7443572158235157,2.078796567008658,-2.3744736662003367,2007,True,,
matern32,15,48879.92664821199,True,133,False,1.7721440470841086,2.0926857379708896,-2.374103689828776,2007,False,,
matern32,16,48878.75664966966,True,115,False,1.7490582408011137,2.0837109822342517,-2.3609077338254023,2007,True,,
matern32,17,48879.1409532539,True,121,False,1.7558780164006282,2.0800148152076896,-2.3707558024591786,2007,True,,
matern32,18,48878.956907014624,True,151,False,1.7532038953471563,2.0885573087623954,-2.363936663431562,2007,True,,
matern32,19,48879.2533066355,True,157,False,1.7448684980497993,2.081049414573982,-2.355390339203338,2007,False,,
matern52,0,49653.4944907144,True,127,False,1.6884933710021697,1.801062208171952,-2.181868743132665,2007,False,,
matern52,1,49652.92980960927,True,143,False,1.6933972436709352,1.7917257414611878,-2.204538520849107,2007,False,,
matern52,2,49652.86758973024,True,121,False,1.6957499672995389,1.7955825557457017,-2.2049104429924298,2007,False,,
matern52,3,49652.45508284509,True,85,False,1.6957713812821584,1.7971246371074439,-2.197362108307959,2007,True,,
matern52,4,49652.37933914087,True,127,False,1.6904663771843702,1.7941051740657994,-2.1983149478909345,2007,True,,
matern52,5,49652.571040972776,True,133,False,1.6765501908983274,1.7916116091663263,-2.1974760940122056,2007,True,,
matern52,6,49652.66632943573,True,109,False,1.6785176302752793,1.791972221527202,-2.202176566230679,2007,True,,
matern52,7,49652.50476219422,True,121,False,1.6827025385256913,1.7909979469523456,-2.200062454013936,2007,True,,
matern52,8,49652.8701357205,True,103,False,1.6826780623131896,1.798861296316337,-2.1887397328140987,2007,False,,
matern52,9,49652.59743675766,True,115,False,1.6828112486623938,1.794991211825647,-2.1895608181606407,2007,True,,
matern52,10,49652.52531114622,True,109,False,1.6836802573171235,1.7931625379523435,-2.2021672893882847,2007,True,,
matern52,11,49652.712614990975,True,121,False,1.6741559776878623,1.7904869916047101,-2.1963562175548104,2007,True,,
matern52,12,49652.61654745655,True,156,False,1.68849337100217,1.7929850824999074,-2.1922427276538903,2007,True,,
matern52,13,49652.567815572365,True,145,False,1.6915480165141847,1.7957448657534458,-2.1905433228886118,2007,True,,
matern52,14,49652.55229582646,True,157,False,1.6976649753193995,1.796657067139714,-2.19560443659481,2007,True,,
matern52,15,49652.308357885864,True,120,False,1.6884933710021703,1.794954300566694,-2.196280221861338,2007,True,,
matern52,16,49652.58112537061,True,109,False,1.6936023456653262,1.7933025381277359,-2.1993372284129937,2007,True,,
matern52,17,49652.86870470332,True,121,False,1.6757838702193224,1.7927666565044598,-2.1895378799386433,2007,False,,
matern52,18,49652.845235801666,True,155,False,1.6902978056896258,1.7911076611319883,-2.204538520849107,2007,False,,
matern52,19,49653.55810354184,True,166,False,1.6913057757367445,1.8022441182439293,-2.181868743132662,2007,False,,
periodic,0,56140.264503848884,True,103,False,1.6705044249631535,0.1295204114809153,-1.637794077938007,2007,True,,
periodic,1,56140.85931251512,True,121,False,1.6705044249631535,0.13004687858655495,-1.6470146248069413,2007,False,,
periodic,2,56140.48003753966,True,133,False,1.670504424963153,0.13303478162057872,-1.6301428843443913,2007,True,,
periodic,3,56140.26604811726,True,194,False,1.661662486816863,0.13218886130589996,-1.637794077938008,2007,True,,
periodic,4,56140.648112420946,True,115,False,1.663950359696226,0.1319918366357711,-1.644113986056669,2007,True,,
periodic,5,56140.52961292938,True,133,False,1.6705044249631535,0.12848381936151743,-1.6436467894663682,2007,True,,
periodic,6,56140.32031827721,True,121,False,1.659048063652054,0.12924239420617134,-1.6351065236356308,2007,True,,
periodic,7,56140.775472878384,True,121,False,1.673557292608469,0.1341339216152207,-1.644451728113416,2007,False,,
periodic,8,56140.97283024944,True,151,False,1.652320306568466,0.1271228104319543,-1.6312983848259563,2007,False,,
periodic,9,56320.63150002688,False,240,False,1.4080220552716098,0.0989270167893489,-1.6831336333709008,2007,False,,
periodic,10,56140.68551720936,True,139,False,1.6599462079166878,0.1292157233582571,-1.644969431166817,2007,True,,
periodic,11,56140.831805836875,True,133,False,1.6752074377400152,0.12963051335825512,-1.6456782637089007,2007,False,,
periodic,12,56140.293026142164,True,174,False,1.6705044249631533,0.1314671868594099,-1.6414341738726896,2007,True,,
periodic,13,56140.363542368155,True,121,False,1.677522376400188,0.1355144682498915,-1.6365396990213494,2007,True,,
periodic,14,56141.51955017872,False,240,False,1.676819871403673,0.12493429340776968,-1.63779407793801,2007,False,,
periodic,15,56140.231384412415,True,127,False,1.6744543273615202,0.13295377049452511,-1.6376246493757365,2007,True,,
periodic,16,56141.29643448649,True,115,False,1.6705044249631533,0.13801915585247426,-1.624329077663086,2007,False,,
periodic,17,56140.168796438564,True,160,False,1.6666267723566737,0.1298186671632892,-1.6377940779380042,2007,True,,
periodic,18,56140.182831541366,True,115,False,1.6667444454416107,0.13218209318706853,-1.634218668737108,2007,True,,
periodic,19,56141.37786820554,True,121,False,1.6650372032917535,0.1374542219127548,-1.6243222442714078,2007,False,,
locally_periodic,0,48893.401678474474,True,196,True,1.7604491551582335,2.302585092994046,2.096796322848515,2007,True,-2.3632269648642183,
locally_periodic,1,49188.68490642095,False,240,False,1.7022967424945326,0.9210340371976179,2.22823370714921,2007,False,-2.2142693482958835,
locally_periodic,2,48893.46003391003,True,188,True,1.7462762118271777,2.302585092994046,2.08386086303536,2007,True,-2.3674020036051653,
locally_periodic,3,48893.69443424692,True,238,True,1.7514234888380602,2.302585092994046,2.0954442352702696,2007,False,-2.3470973984553667,
locally_periodic,4,48893.7858745592,True,121,True,1.7598481471167413,2.302585092994046,2.0956998371358098,2007,False,-2.3483141597714385,
locally_periodic,5,48893.458235141654,False,240,True,1.7371897124705775,2.302585092994046,2.088839293472758,2007,True,-2.3628299886578494,
locally_periodic,6,48893.2999082401,True,156,True,1.7373267818759284,2.302585092994046,2.0877395011940068,2007,True,-2.3618742338570375,
locally_periodic,7,48903.84184854694,False,240,True,1.7551479354232908,2.302585092994046,2.087949824707989,2007,False,-2.408566520297107,
locally_periodic,8,48893.211923485025,True,193,True,1.759017107128964,2.302585092994046,2.092695721206665,2007,True,-2.363226964864215,
locally_periodic,9,48893.16188782579,False,240,True,1.7576306304219993,2.302585092994046,2.093414944230176,2007,True,-2.3632269648642157,
locally_periodic,10,48893.34973869851,True,114,True,1.7358711641693272,2.302585092994046,2.0839576661980033,2007,True,-2.36433138531943,
locally_periodic,11,48893.251418484084,True,156,True,1.7566072703909927,2.302585092994046,2.089816729681876,2007,True,-2.3627789694045287,
locally_periodic,12,48893.396014714875,True,177,True,1.7426548756538276,2.302585092994046,2.0881156944881107,2007,True,-2.368269630797855,
locally_periodic,13,48893.34787896287,True,137,True,1.7604038444988876,2.302585092994046,2.091714257653277,2007,True,-2.36375968938978,
locally_periodic,14,48893.5213067467,True,230,True,1.763745533862814,2.302585092994046,2.0976695395300897,2007,True,-2.3632269648642192,
locally_periodic,15,48893.868792809335,True,169,True,1.7335369770698978,2.302585092994046,2.080607302219688,2007,False,-2.3704991894415652,
locally_periodic,16,48893.47168637908,True,175,True,1.7328689985424266,2.302585092994046,2.083038672583787,2007,True,-2.3632269648642152,
locally_periodic,17,48895.848756693784,False,240,True,1.786077287901023,2.302585092994046,2.0986013327266746,2007,False,-2.3636054012037624,
locally_periodic,18,48932.719458957974,False,240,False,1.7464633154215794,2.072326583694641,2.1124826983509677,2007,False,-2.412477839377408,
locally_periodic,19,48906.77442038898,False,240,False,1.7293529551027254,2.0274021045594854,2.096796322848515,2007,False,-2.3334241123633204,
additive,0,48289.54468394465,False,240,False,1.5445818026900417,1.208857173821874,0.6811123928172745,2007,True,1.6039061317209102,-2.4539060757299946
additive,1,48803.63929214208,False,240,False,-2.8760479720196366,-1.7197894720213178,1.7728008338698062,2007,False,2.1543001784800686,-2.7490085288554242
additive,2,48903.9365336777,False,240,False,-0.11048645018064979,-0.3469874956282207,1.6518738434499458,2007,False,2.544247718745209,-2.246294015571209
additive,3,48292.91227151407,False,240,False,1.4988811096334749,1.2515646268866494,0.784658676427874,2007,False,1.6653890750302538,-2.456526992507386
additive,4,49218.69315763723,False,240,False,1.8797616569133124,0.8457286063812521,-0.47604165093039386,2007,False,0.9288774287195956,-2.771282963760213
additive,5,48321.99312977845,False,240,False,1.672154575971661,1.0716598552890573,0.47817657573590233,2007,False,1.5360157363279536,-2.4704587288743856
additive,6,48298.00405779929,False,240,False,1.547637081760269,1.1031567958155786,0.6313200755647839,2007,False,1.5776833693050818,-2.4518461896707393
additive,7,48611.21438955533,False,240,False,1.6677078699181018,0.8815499796061583,-0.0384454487433642,2007,False,1.2638546528015706,-2.4085665202971054
additive,8,48437.537527113316,False,240,False,1.5512134318024349,1.2664218011467256,0.8727156152675658,2007,False,1.7570151051430292,-2.23401182879912
additive,9,48817.93916981886,False,240,False,0.09095415434478821,0.5970365956592104,1.5413352417802644,2007,False,2.0119843790314667,-2.4504871237085974
additive,10,48454.00295614163,False,240,False,1.0914716271180993,2.187455838344343,1.2945229670795557,2007,False,1.9172575381227617,-2.3249216715810377
additive,11,51170.364485378144,False,240,False,1.8226501435075355,0.6599039844277186,-0.8492879879207188,2007,False,0.2619097763212505,-8.212029615706792
additive,12,48675.85702082503,False,240,False,-1.3958668925462974,-0.7331422149309648,1.7297609357883459,2007,False,2.328815035659767,-2.3722681671949313
additive,13,48836.485178512594,False,240,False,-2.088597247057604,-1.9571973290449385,1.8569759567126063,2007,False,2.206646048087661,-5.8543727331966116
additive,14,48302.89911269684,False,240,False,1.4006702343779145,1.2664218011467256,0.9054199259829085,2007,False,1.7242675924615583,-2.4085665202971036
additive,15,48420.4629521116,False,240,False,1.6834149305529111,0.9998527605216967,0.21567904161552773,2007,False,1.375158071368695,-2.49924563116288
additive,16,48691.88743600939,False,240,False,-1.331510986612947,-0.71211013696675,1.7380915183349903,2007,False,2.359671091449904,-2.3192772856967947
additive,17,48385.97878403209,False,240,False,1.1862955354196225,1.957197329044938,1.2062261508671763,2007,False,1.8115632453537678,-2.460715503242945
additive,18,48358.364331920384,False,240,False,1.6238557271484815,1.006882089334444,0.4572096411040474,2007,False,1.528223052711483,-2.519839494934545
additive,19,48675.9590641401,False,240,False,-1.4316084465837524,-0.7213016515518249,1.760449155158234,2007,False,2.3269939226239695,-2.3609395041851484
se,0,52682.36033911557,True,133,False,1.5991333389552722,1.3903203822322816,-1.9999258232529298,2008,True,,
se,1,52727.69615114856,False,240,False,1.5948240186586677,1.3473147696818117,-2.0452653786858237,2008,False,,
se,2,52682.16697343353,True,225,False,1.592456530709423,1.3906117672293457,-1.9999258232529311,2008,True,,
se,3,52683.109653741616,True,223,False,1.6003090266724553,1.3950635147401051,-1.9900148875076271,2008,False,,
se,4,52682.35585937936,True,133,False,1.5875184679549443,1.3904554640804232,-2.003289254745057,2008,True,,
se,5,52682.37526315687,True,133,False,1.5986105849222843,1.3918797490079868,-2.0002030058044378,2008,True,,
se,6,52682.58218053742,True,127,False,1.5905818088166475,1.3905716658398157,-1.991683069799513,2008,True,,
se,7,52683.139711634576,True,139,False,1.5849223739511467,1.388976740808256,-1.9891022113301617,2008,False,,
se,8,52683.09716067078,True,121,False,1.5937126173472334,1.3908940998656352,-1.9882795705053153,2008,False,,
se,9,52682.495048040335,True,121,False,1.5851656214627308,1.3863377738700704,-1.9986413679342423,2008,True,,
se,10,52683.25068396684,True,139,False,1.5777265883702871,1.3878411769252956,-1.9911406837425414,2008,False,,
se,11,52683.221757169,True,115,False,1.586876221820757,1.3949438057251178,-1.989135048455965,2008,False,,
se,12,52683.02153750793,True,109,False,1.5962623801983091,1.3897626894031248,-2.009945816448245,2008,False,,
se,13,52682.92071225723,True,121,False,1.5962507883427701,1.3893732808502355,-2.009475612238565,2008,False,,
se,14,52682.46067568663,True,79,False,1.5968117898235659,1.3907659761074456,-1.9942950600514657,2008,True,,
se,15,52682.67935556367,True,133,False,1.599133338955272,1.3922636819800307,-1.9924322709875788,2008,True,,
se,16,52683.09337791994,True,109,False,1.581144392916256,1.3895076834778148,-1.9897954136099474,2008,False,,
se,17,52682.59218102753,True,121,False,1.5878948235255606,1.3892505083360525,-1.9924810054311997,2008,True,,
se,18,52682.36188305096,True,121,False,1.584548655101504,1.391228501913918,-1.9982119161361676,2008,True,,
se,19,52683.02057561869,True,109,False,1.5913210293496594,1.3945642159504406,-1.9891716502533732,2008,False,,
matern32,0,49499.31320341355,True,103,False,1.7430449072674001,2.0803666498109283,-2.362642266716035,2008,True,,
matern32,1,49498.99088371772,True,109,False,1.7613816944113638,2.092160367003173,-2.371857064817445,2008,True,,
matern32,2,49499.14571429291,True,126,False,1.7508128017388829,2.089890338136123,-2.362642266716035,2008,True,,
matern32,3,49499.45364725875,True,133,False,1.7511852639994505,2.089975011288681,-2.3579728479888975,2008,True,,
matern32,4,49499.27225733505,True,127,False,1.7651140033893606,2.088998844655985,-2.362511613880581,2008,True,,
matern32,5,49499.4250738555,True,182,False,1.743044907267398,2.0795206129997506,-2.3626422667160325,2008,True,,
matern32,6,49499.285836249896,True,115,False,1.7555913608791638,2.0833946942126276,-2.383877357582088,2008,True,,
matern32,7,49499.163586341514,True,143,False,1.7658562963407283,2.0929010377888924,-2.3626422667160325,2008,True,,
matern32,8,49499.00593599123,True,163,False,1.7542111966668092,2.084148462617842,-2.364053036473232,2008,True,,
matern32,9,49499.08663683687,True,121,False,1.7504077601064443,2.088486274295545,-2.361555145215445,2008,True,,
matern32,10,49499.28932805637,True,127,False,1.765478350561937,2.0929988862625586,-2.3607862761620337,2008,True,,
matern32,11,49499.108719159776,True,195,False,1.7529186420438325,2.0905070085956368,-2.362642266716036,2008,True,,
matern32,12,49498.98796968878,True,182,False,1.7488642227026976,2.086997694032984,-2.362642266716036,2008,True,,
matern32,13,49498.99463365492,True,121,False,1.747707287232592,2.083599565578775,-2.3789101622080135,2008,True,,
matern32,14,49499.02585446382,True,149,False,1.7567757899733938,2.091044641168816,-2.3626422667160325,2008,True,,
matern32,15,49499.22387707392,True,172,False,1.7610338533064145,2.086688959041755,-2.3626422667160325,2008,True,,
matern32,16,49499.15417629338,True,139,False,1.7606146990066733,2.0832142268836606,-2.380028234662751,2008,True,,
matern32,17,49498.97493391029,True,173,False,1.7540706365476137,2.0885814863297227,-2.375617251329754,2008,True,,
matern32,18,49499.0529211577,True,155,False,1.745612723134984,2.0854418291084222,-2.3626422667160325,2008,True,,
matern32,19,49499.53805628345,True,127,False,1.7377526825125593,2.0773659055651077,-2.3821199535210624,2008,False,,
matern52,0,50287.63358230125,True,139,False,1.6890780691503524,1.7928473716531588,-2.2039538227009263,2008,True,,
matern52,1,50287.835819151485,True,121,False,1.696790251742747,1.7992469875409618,-2.2065950643402465,2008,True,,
matern52,2,50287.77193935329,True,151,False,1.6780584169027981,1.7906591520493471,-2.2039538227009263,2008,True,,
matern52,3,50288.32098156359,True,97,False,1.68946060668389,1.7954361448272786,-2.191626759479647,2008,False,,
matern52,4,50287.79320767753,True,103,False,1.6888367619556814,1.7916283408109306,-2.2075950101919677,2008,True,,
matern52,5,50287.5188134928,True,179,False,1.6839267062671188,1.7948991111498889,-2.203953822700923,2008,True,,
matern52,6,50287.85756700466,True,133,False,1.69885352401669,1.7985246311448888,-2.2069398469712906,2008,True,,
matern52,7,50288.63476248309,True,133,False,1.697432622489807,1.8034511137080964,-2.1895599924683182,2008,False,,
matern52,8,50288.498516506545,True,115,False,1.6753600874436878,1.7878253389390508,-2.2134904052494107,2008,False,,
matern52,9,50287.57463878316,True,173,False,1.6920959411865393,1.7946437585940607,-2.203953822700923,2008,True,,
matern52,10,50287.84826148164,True,121,False,1.6865313486595586,1.7950616979869347,-2.2102736078799907,2008,True,,
matern52,11,50287.5307808056,True,167,False,1.6891566363892532,1.7940108543555415,-2.2039538227009237,2008,True,,
matern52,12,50287.57312862891,True,133,False,1.6839269877988758,1.7932443815244976,-2.2010240832018253,2008,True,,
matern52,13,50287.88161476494,True,121,False,1.7000534244312584,1.7975608960329605,-2.206694970721175,2008,True,,
matern52,14,50287.524355344656,True,172,False,1.6889453132822505,1.7940388329743615,-2.203953822700923,2008,True,,
matern52,15,50287.7981559426,True,219,False,1.6913437126857096,1.7999484032218003,-2.2039538227009277,2008,True,,
matern52,16,50288.234863091624,True,115,False,1.6994559539784913,1.7971099775306767,-2.2117266315814272,2008,False,,
matern52,17,50288.27992445137,True,145,False,1.6819494773758668,1.7933334365504903,-2.192667795008441,2008,False,,
matern52,18,50288.1435644597,True,133,False,1.701641063420162,1.8000823466374902,-2.2080349008551994,2008,False,,
matern52,19,50287.94895751262,True,103,False,1.6826767815025987,1.7895271889986841,-2.208964227641286,2008,True,,
periodic,0,56860.74765845728,True,103,False,1.6710891231113363,0.1367159898965217,-1.6372093797898242,2008,True,,
periodic,1,56861.88387368605,True,109,False,1.6692604403910127,0.13923856404803184,-1.6290522065857567,2008,False,,
periodic,2,56885.725253379926,False,240,False,1.5831285191315236,0.09469917479609377,-1.682548935222718,2008,False,,
periodic,3,56949.42741449368,False,240,False,1.5985789806258675,0.041470811736537494,-1.682548935222718,2008,False,,
periodic,4,56861.16329351028,True,171,False,1.65310017707232,0.1286796093651609,-1.6372093797898208,2008,False,,
periodic,5,56860.53468536703,True,121,False,1.6731795041282653,0.13219921475083962,-1.642618596355054,2008,True,,
periodic,6,56861.190835779984,True,115,False,1.671125971952404,0.13586305295960266,-1.632521444349024,2008,False,,
periodic,7,56861.31869257332,True,97,False,1.6720924582128505,0.13511349052414245,-1.6318963723524136,2008,False,,
periodic,8,56861.05019711799,True,127,False,1.6667255139861017,0.13064629651641657,-1.635255436353639,2008,True,,
periodic,9,56860.93708179456,True,127,False,1.6538629389681432,0.12623887911841095,-1.6469862826917558,2008,True,,
periodic,10,56860.67416880017,True,196,False,1.665047236696683,0.13363426497129788,-1.6372093797898253,2008,True,,
periodic,11,56860.915921229425,True,138,False,1.6791406884915183,0.13713612379125073,-1.6372093797898246,2008,True,,
periodic,12,56900.54264125891,False,240,False,1.6719531449859315,0.08020372987226743,-1.682548935222718,2008,False,,
periodic,13,56860.90098587765,True,145,False,1.6712771540976514,0.13338027571961483,-1.6353454012385171,2008,True,,
periodic,14,56860.73913410917,True,126,False,1.665966647780255,0.13135596343922754,-1.6372093797898246,2008,True,,
periodic,15,56860.90419716683,True,109,False,1.680062440362052,0.13805496508624446,-1.642723985930217,2008,True,,
periodic,16,56862.06654478323,True,121,False,1.6846711112149573,0.14139543531617216,-1.6304404276368907,2008,False,,
periodic,17,56860.65659629693,True,139,False,1.661165794114138,0.13384153122763454,-1.6429957645831448,2008,True,,
periodic,18,56861.31937707415,True,127,False,1.667976697055667,0.13598047777760866,-1.6316013955037496,2008,False,,
periodic,19,56861.05724353315,True,127,False,1.6692935753372116,0.13305046202879797,-1.6512662675105052,2008,True,,
locally_periodic,0,49514.461747519425,True,189,True,1.7250559612283844,2.302585092994046,2.0803666498109283,2008,False,-2.362642266716035,
locally_periodic,1,49513.57286692747,True,240,True,1.743044907267399,2.302585092994046,2.0894261957751654,2008,True,-2.3584375070685475,
locally_periodic,2,49513.6788414359,True,239,True,1.7406903502404705,2.302585092994046,2.08569395969113,2008,True,-2.361261570762707,
locally_periodic,3,49513.939924528895,True,191,True,1.7577143691766033,2.302585092994046,2.088581486329721,2008,False,-2.3772369216983935,
locally_periodic,4,49513.36541927769,True,191,True,1.7431834163509434,2.302585092994046,2.0921329983234687,2008,True,-2.3626422667160325,
locally_periodic,5,49514.04335459745,True,223,True,1.7678086602999135,2.302585092994046,2.0959289652798176,2008,False,-2.3749182228048857,
locally_periodic,6,49513.57993121015,True,186,True,1.7641524365731642,2.302585092994046,2.0952295361467557,2008,True,-2.3668317250805,
locally_periodic,7,49513.338839539385,True,225,True,1.74888023801372,2.302585092994046,2.0948136798700663,2008,True,-2.362642266716036,
locally_periodic,8,49568.17361695923,False,240,False,1.8557826058957585,2.2450204656691954,2.142592408628211,2008,False,-2.277885960854536,
locally_periodic,9,49513.59126950867,True,181,True,1.7604214478802342,2.302585092994046,2.0926384757190952,2008,True,-2.3736202338692243,
locally_periodic,10,49514.13681405614,False,240,True,1.7470045708138524,2.302585092994046,2.097682336523138,2008,False,-2.354188902431853,
locally_periodic,11,49513.298228527565,True,114,True,1.7563915986960301,2.302585092994046,2.0961387429110427,2008,True,-2.3659175396965524,
locally_periodic,12,49513.43992764861,True,227,True,1.7520356685295602,2.302585092994046,2.089973757005909,2008,True,-2.362642266716036,
locally_periodic,13,49537.09349876778,False,240,False,1.7229355940835116,1.9571973290449391,2.0805751333944924,2008,False,-2.40620835522202,
locally_periodic,14,49515.799682046345,True,160,True,1.7771181284292819,2.302585092994046,2.1093564203211406,2008,False,-2.350448642006532,
locally_periodic,15,49513.33452066057,True,137,True,1.7419884109364705,2.302585092994046,2.086375162766124,2008,True,-2.366820778454128,
locally_periodic,16,49586.27199156853,False,240,True,1.6855311828586654,2.302585092994046,2.0310776306981686,2008,False,-2.4927723990360042,
locally_periodic,17,49513.33371448833,True,158,True,1.74227851530386,2.302585092994046,2.091284655465341,2008,True,-2.3639461699872513,
locally_periodic,18,49513.78135560782,True,165,True,1.7674396602587874,2.302585092994046,2.0993002786110386,2008,True,-2.362708175263566,
locally_periodic,19,49514.17675645574,True,203,True,1.750877117256927,2.302585092994046,2.086147590062864,2008,False,-2.3817838349604066,
additive,0,48891.05388821897,False,240,False,1.5451665008382245,1.1944660169906614,0.6637081449264414,2008,False,1.6039061317209102,-2.453321377581812
additive,1,49287.19359835878,False,240,False,-1.533669886427002,-0.7674366071406593,1.7575559257461717,2008,False,2.32681174537473,-2.3977134611983506
additive,2,49294.0684433058,False,240,False,-1.3665103674782229,-0.7185259097061503,1.7506398855046454,2008,False,2.3330121314295846,-2.363567633586634
additive,3,48909.004333455574,False,240,False,1.5649858625137107,1.1512925464970232,0.634319194563027,2008,False,1.6315359098250637,-2.3780696216704253
additive,4,49276.86218055313,False,240,False,1.1134317959018425,1.381551055796428,1.6029900998203246,2008,False,2.0127606200168584,-2.4000410181059877
additive,5,49517.27859089909,False,240,False,-2.0568158625210318,-1.9477366577065032,1.976901205774609,2008,False,2.2616799601757602,-10.206385356605685
additive,6,48936.40582037058,False,240,False,1.6654738498966108,1.060113146942036,0.39966328489935576,2008,False,1.504744181332829,-2.429610844463041
additive,7,48938.29269040638,False,240,False,1.3556378415308934,1.2818777573657885,0.9558817812370861,2008,False,1.7682028620967785,-2.354426730791128
additive,8,49387.8373812634,False,240,False,-0.6952832185301181,-0.5324060224095937,1.662602094420313,2008,False,2.409687425175262,-2.305222210702614
additive,9,49426.923178121215,True,240,False,-2.700224764369547,-1.8666545117029198,1.7673081284247925,2008,False,2.1417000297668958,-3.025475676463018
additive,10,49298.29088341269,False,240,False,-1.3690427574823647,-0.7266094853303026,1.7787369503123702,2008,False,2.352749366744604,-2.396461483819219
additive,11,48938.15241173642,False,240,False,1.6638653311453981,1.070466575203903,0.4128936635402925,2008,False,1.4845221542139857,-2.49201886997726
additive,12,48889.410753749384,False,240,False,1.511806320876853,1.2469087509455,0.7565176640998295,2008,True,1.6484240731402688,-2.4309313623571933
additive,13,51801.32784412545,False,240,False,1.7538268617785033,0.548346223753982,-0.8781991196403235,2008,False,0.21258109810622522,-5.309713369853773
additive,14,48906.013058914206,False,240,False,1.583152983470221,1.0884797479895614,0.5520932691117552,2008,False,1.5524107724893441,-2.438281554367138
additive,15,49599.762080999724,False,240,False,-1.974911001365069,-1.871230177517032,2.027106714120132,2008,False,2.2939523992995574,-6.035146256779983
additive,16,48891.82052069783,False,240,False,1.5862412310594403,1.1980268393386473,0.6513298938378026,2008,False,1.61270984070486,-2.4312732992391606
additive,17,48899.730562948636,False,240,False,1.5801226097753,1.1218833258649719,0.6579427022172429,2008,False,1.5905543521948677,-2.4617601775051305
additive,18,49812.98887772323,False,240,True,-0.9013301604679476,2.302585092994046,1.9898297750712277,2008,False,2.293952399299557,-2.2035713294317762
additive,19,48932.79015921033,False,240,False,1.653100177072321,1.079336762340959,0.4288292438308341,2008,False,1.5187846760093173,-2.407981822148921
se,0,53350.22327092952,True,121,False,1.5821919970847218,1.3903203822322816,-1.998878219084464,2009,True,,
se,1,53350.046759918885,True,133,False,1.5840428998341909,1.3910905475728885,-2.0085643312629284,2009,True,,
se,2,53349.95782407872,True,121,False,1.5834993289001895,1.3891759118961633,-2.009455966216557,2009,True,,
se,3,53350.10779437201,True,203,False,1.5987189766930678,1.3929611129562647,-1.9988782190844632,2009,True,,
se,4,53350.07783844814,True,109,False,1.5946731868172235,1.387861053080623,-2.012608829206407,2009,True,,
se,5,53350.098470344696,True,121,False,1.5945060803518591,1.387591500806608,-2.0126547449059995,2009,True,,
se,6,53349.886029945264,True,97,False,1.5847716180191016,1.3912378148649314,-2.005532445678048,2009,True,,
se,7,53350.14086289678,True,133,False,1.6018784111082396,1.393924784072903,-2.001606418054851,2009,True,,
se,8,53349.959154320255,True,127,False,1.5988981074963737,1.3903203822322814,-2.009930835835608,2009,True,,
se,9,53349.986501733336,True,133,False,1.597669341507824,1.3928646897015506,-1.9999908003195144,2009,True,,
se,10,53350.21188272885,True,149,False,1.5989785204091636,1.3908549624642785,-1.9988782190844618,2009,True,,
se,11,53349.748464908655,True,79,False,1.5934534548350314,1.3921223103943465,-2.0054144705436063,2009,True,,
se,12,53350.031845894984,True,115,False,1.589435700442349,1.3898191758483913,-2.0123723559360838,2009,True,,
se,13,53350.54521994514,True,114,False,1.5821919970847211,1.384049152980894,-2.0108537348166853,2009,False,,
se,14,53350.091216395645,True,121,False,1.59617164566547,1.39384649645794,-1.9988356911890108,2009,True,,
se,15,53350.370790525165,True,133,False,1.578715540902276,1.3869867811799796,-2.0025314612859786,2009,False,,
se,16,53349.800117834006,True,240,False,1.5942608187041545,1.3927468330716624,-2.003108329403986,2009,True,,
se,17,53350.06017493953,True,196,False,1.5975251148776244,1.3925299356448417,-1.9988782190844663,2009,True,,
se,18,53349.93209249334,True,115,False,1.598021640487652,1.389074161036185,-2.0093782222457097,2009,True,,
se,19,53430.892212579216,False,240,False,1.6901256733188177,1.3561569246998,-2.0442177745173593,2009,False,,
matern32,0,50108.79445195217,True,97,False,1.7620814574748815,2.096796322848515,-2.361594662547569,2009,False,,
matern32,1,50108.11688098033,True,115,False,1.745450792095348,2.0765744189950914,-2.392289256496691,2009,False,,
matern32,2,50107.74717771919,True,148,False,1.7379755248766717,2.077103560046844,-2.3842644402640114,2009,True,,
matern32,3,50107.381355677375,True,139,False,1.7505853709268713,2.0885814863297205,-2.3741673780810144,2009,True,,
matern32,4,50107.406624650626,True,133,False,1.7676612430841565,2.0899300911560803,-2.3799754945858553,2009,True,,
matern32,5,50107.3805058837,True,169,False,1.7440925114358652,2.0837874559807092,-2.375513573638733,2009,True,,
matern32,6,50107.60858727334,True,183,False,1.7397524437743703,2.078466498798949,-2.384264440264016,2009,True,,
matern32,7,50107.30106024063,True,207,False,1.7540845876634983,2.0872922141034405,-2.384264440264016,2009,True,,
matern32,8,50107.2536007872,True,167,False,1.7486843703536172,2.082615693952087,-2.3842644402640114,2009,True,,
matern32,9,50108.446688273325,True,115,False,1.7698512314180985,2.097600173070443,-2.365252841745043,2009,False,,
matern32,10,50108.32205051991,True,139,False,1.7315496861207718,2.0745922855251666,-2.3871479705943925,2009,False,,
matern32,11,50107.474720333004,True,163,False,1.7674489231296762,2.0899829169697295,-2.3840997059681728,2009,True,,
matern32,12,50107.685174891114,True,115,False,1.7415849961350478,2.0833138740497907,-2.3716890327236904,2009,True,,
matern32,13,50107.51649579039,True,109,False,1.7626645300966157,2.091336548728876,-2.384389367641036,2009,True,,
matern32,14,50107.6328440575,True,175,False,1.7687342536258004,2.0895309349456843,-2.386029005755833,2009,True,,
matern32,15,50109.93174763741,True,115,False,1.785898742338759,2.104893252606637,-2.364472937543742,2009,False,,
matern32,16,50107.429053875196,True,133,False,1.7602237474648539,2.085092150015454,-2.387059218434916,2009,True,,
matern32,17,50107.49003363983,True,167,False,1.7623173374149679,2.0846746499181665,-2.3842644402640114,2009,True,,
matern32,18,50107.91777512872,True,157,False,1.7387067983009636,2.078317886173173,-2.3889195906242833,2009,False,,
matern32,19,50107.34139404143,True,161,False,1.7620814574748804,2.0859913976948485,-2.3799418395199803,2009,True,,
matern52,0,50913.2390568743,True,121,False,1.672136727279802,1.7846325351343653,-2.225575996248905,2009,False,,
matern52,1,50911.84691150792,True,115,False,1.6834827163486628,1.7928650773519526,-2.2208048215503844,2009,False,,
matern52,2,50911.949007614756,True,139,False,1.7006348242295641,1.795877655719145,-2.2192037804339915,2009,False,,
matern52,3,50911.982581750824,True,196,False,1.6749977414667523,1.7914211708454224,-2.202906218532463,2009,False,,
matern52,4,50911.71471264542,True,179,False,1.6771435441047176,1.7945217589413636,-2.202906218532459,2009,True,,
matern52,5,50911.57240390073,True,184,False,1.6861161842315513,1.7996485453344404,-2.202906218532463,2009,True,,
matern52,6,50911.639434081364,True,167,False,1.6873472387619053,1.7939274236918716,-2.202906218532459,2009,True,,
matern52,7,50911.803371973496,True,173,False,1.6762640713244072,1.7929778110459353,-2.2029062185324584,2009,False,,
matern52,8,50911.56450906285,True,115,False,1.6891958007587362,1.7914321861320837,-2.216536318070429,2009,True,,
matern52,9,50911.334835512534,True,103,False,1.6901256733188175,1.793296603115794,-2.209609261538663,2009,True,,
matern52,10,50911.60681774195,True,109,False,1.6880635697668005,1.7974282378961899,-2.2166189539734518,2009,True,,
matern52,11,50911.28746304755,True,127,False,1.6865169348661977,1.7978136366267474,-2.205583245177172,2009,True,,
matern52,12,50912.70550631112,True,133,False,1.7117498286192365,1.8039317322400108,-2.2155451121698424,2009,False,,
matern52,13,50911.86703253869,True,151,False,1.7013018285695014,1.7992778829739617,-2.2173752275145424,2009,False,,
matern52,14,50911.294496087634,True,127,False,1.6847609294422714,1.7970184647267267,-2.2056247409895704,2009,True,,
matern52,15,50911.581928214284,True,103,False,1.6907235991156842,1.7932661011047495,-2.218636793203154,2009,True,,
matern52,16,50911.69812411897,True,133,False,1.7029085880492307,1.8007653598901323,-2.2130367258750896,2009,True,,
matern52,17,50911.350325830645,True,133,False,1.6980405728611505,1.7995235745364448,-2.207350246788167,2009,True,,
matern52,18,50911.751645222655,True,139,False,1.6896359504514669,1.7909715470573506,-2.21863804836348,2009,True,,
matern52,19,50912.07889446126,True,160,False,1.6735548738140378,1.7910311818803488,-2.2029062185324584,2009,False,,
periodic,0,57699.791428506556,True,97,False,1.6541477812407857,0.1295204114809153,-1.6361617756213584,2009,False,,
periodic,1,57699.31307248583,True,115,False,1.6740125674786397,0.1318089235677728,-1.6496374100200393,2009,True,,
periodic,2,57699.32895710223,True,145,False,1.6730231560595272,0.12882035201002962,-1.6484300958959657,2009,True,,
periodic,3,57699.34830284787,True,150,False,1.6721367272798013,0.13355665907289585,-1.636161775621357,2009,True,,
periodic,4,57699.22630581975,True,109,False,1.6737742574666061,0.13171684854291524,-1.6393423688394684,2009,True,,
periodic,5,57699.433707592325,True,115,False,1.660852910307095,0.1320957069638212,-1.6362117220053294,2009,True,,
periodic,6,57699.31417897146,True,133,False,1.6684565306497137,0.1285311232482201,-1.6500508164064194,2009,True,,
periodic,7,57699.153731958526,True,115,False,1.6607974806365895,0.12783226144377507,-1.6459941204090198,2009,True,,
periodic,8,57699.023985799075,True,127,False,1.6623974695224701,0.13009970645218588,-1.6429163905473017,2009,True,,
periodic,9,57700.02972766089,True,109,False,1.6561304442212845,0.1305748562288021,-1.6334126762080323,2009,False,,
periodic,10,57699.515535066836,True,127,False,1.6799581845987173,0.13699879456289388,-1.6468768969744036,2009,True,,
periodic,11,57700.01539234952,True,103,False,1.658977362375538,0.12812942203574915,-1.6547278354901152,2009,False,,
periodic,12,57699.34007738229,True,206,False,1.6662917143320186,0.13489465358590605,-1.6361617756213607,2009,True,,
periodic,13,57699.69921356759,True,103,False,1.6705864913576687,0.13657424472066743,-1.6330452581528059,2009,False,,
periodic,14,57699.40027773371,True,226,False,1.6739730763182066,0.1335486262664672,-1.6361617756213607,2009,True,,
periodic,15,57699.47591657669,True,145,False,1.676208130963206,0.13382066848417098,-1.6361048470656456,2009,True,,
periodic,16,57700.71569470311,True,133,False,1.6607404893579978,0.12384865233813264,-1.6584707348443186,2009,False,,
periodic,17,57738.139770437854,False,240,False,1.5611286269369549,0.0791605001317025,-1.6815013310542537,2009,False,,
periodic,18,57699.08303253251,True,127,False,1.6698064632138123,0.13022645642153644,-1.6416763947542334,2009,True,,
periodic,19,57699.3828823945,True,132,False,1.6541477812407857,0.12840241419010542,-1.6420619252469106,2009,True,,
locally_periodic,0,50123.08912768094,True,203,True,1.7440925114358656,2.302585092994046,2.0967963228485154,2009,False,-2.361594662547569,
locally_periodic,1,50371.44882607222,False,240,False,1.7343678515299221,0.9694925243478195,2.162515014998863,2009,False,-2.33383104036959,
locally_periodic,2,50132.979101120465,False,240,True,1.6884278224577232,2.302585092994046,2.0595188827590913,2009,False,-2.3615946625475672,
locally_periodic,3,50122.47646906297,True,197,True,1.7550718902110412,2.302585092994046,2.0941335074199876,2009,True,-2.3842644402640114,
locally_periodic,4,50122.417897193045,True,157,True,1.7456807828843004,2.302585092994046,2.095425587964411,2009,True,-2.3683223667459035,
locally_periodic,5,50122.490001671875,True,190,True,1.7436136265603164,2.302585092994046,2.0850117855528647,2009,True,-2.3842644402640114,
locally_periodic,6,50171.52531801777,False,240,False,1.7890504462379604,1.9377917219886076,2.150175534074997,2009,False,-2.2941641715063272,
locally_periodic,7,50122.84297696334,True,240,True,1.7451990620565543,2.302585092994046,2.0948149428377745,2009,False,-2.3615946625475672,
locally_periodic,8,50123.059163708414,True,169,True,1.764054907906787,2.302585092994046,2.100337197041323,2009,False,-2.3615946625475708,
locally_periodic,9,50123.33410951191,False,240,True,1.7778248971248505,2.302585092994046,2.1012179788233953,2009,False,-2.3745711700449594,
locally_periodic,10,50122.470617405386,True,218,True,1.7367367581462825,2.302585092994046,2.0842802392837725,2009,True,-2.374069360232346,
locally_periodic,11,50122.17697113432,True,166,True,1.7491754647897773,2.302585092994046,2.094009258104865,2009,True,-2.3781914864695826,
locally_periodic,12,50122.890536834755,True,173,True,1.7351878624590011,2.302585092994046,2.0850074855308174,2009,False,-2.36704920174295,
locally_periodic,13,50318.35307160465,False,240,False,1.6166794581974668,1.0957101864305985,2.096796322848516,2009,False,-2.353203921874477,
locally_periodic,14,50128.38163070423,False,240,True,1.716419872996116,2.302585092994046,2.068910610597163,2009,False,-2.406934217980459,
locally_periodic,15,50122.58457792246,True,171,True,1.7615431203603762,2.302585092994046,2.097980293446062,2009,True,-2.3654085996576004,
locally_periodic,16,50122.68318493466,True,150,True,1.767388226140193,2.302585092994046,2.0973779640052723,2009,False,-2.381670579257715,
locally_periodic,17,50122.57614194355,True,214,True,1.7497655018224678,2.302585092994046,2.085861476619163,2009,True,-2.3842644402640114,
locally_periodic,18,50122.562308508306,True,191,True,1.742472856843384,2.302585092994046,2.0897320622278928,2009,True,-2.3842644402640114,
locally_periodic,19,50133.8585690009,False,240,True,1.7469752037584159,2.302585092994046,2.0639369767733413,2009,False,-2.413894229944539,
additive,0,49496.61601700855,True,231,False,1.5282251589676736,1.2232483306530872,0.7187225872119546,2009,True,1.636765477796084,-2.4522737734133457
additive,1,49499.97192665181,False,240,False,1.4516419591972145,1.2905105950047988,0.8089021653665467,2009,False,1.6721407401567052,-2.4276098576193212
additive,2,49614.08446362674,False,240,False,1.6238370403815983,0.9641699364060732,0.266603451514075,2009,False,1.4776795024921066,-2.4069342179804556
additive,3,50036.93837278792,True,183,True,-2.1485361489709147,-2.015155546451695,1.7745012979856591,2009,False,2.149502866905119,-11.837561748021201
additive,4,49504.7447302533,False,240,False,1.5692395237110894,1.1610129436482777,0.6829089458659677,2009,False,1.6303626585700848,-2.468877739223576
additive,5,49775.8000676481,False,240,False,1.347940583306427,1.9571973290449391,0.9815365346742478,2009,False,1.6096386663267637,-2.651633584737569
additive,6,49510.23657370346,False,240,False,1.4158885689636063,1.395664965465589,0.8900727556585185,2009,False,1.7181968434502015,-2.417179683978364
additive,7,49888.952799814186,False,240,False,-1.7290904909622427,-0.8270728805649646,1.7914531219501224,2009,False,2.3099605730676136,-2.409731877460842
additive,8,49507.675514252034,False,240,False,1.5798678659734255,1.167337759798185,0.6107889109778593,2009,False,1.5683856589717617,-2.473851525742828
additive,9,49546.55883109599,False,240,False,1.3419947134164976,1.4380186370992765,1.0075681152882805,2009,False,1.7800152132038423,-2.367782569280705
additive,10,49662.88064732361,False,240,False,1.396516733105141,1.381551055796428,0.907501461988765,2009,False,1.7110685381298012,-2.6147596051972366
additive,11,49643.09452896501,False,240,False,1.7829004818153253,0.9748014924597928,0.2322807814578013,2009,False,1.4142755323476481,-2.5411637827807474
additive,12,49570.71552041936,False,240,False,1.4023025366945627,1.381551055796428,1.071072873523124,2009,False,1.7590319033267945,-2.4018089424491476
additive,13,49576.45924926356,False,240,False,1.6901256733188172,1.0361632918473207,0.35109358755748954,2009,False,1.4556535541363067,-2.4385384915618484
additive,14,49950.673275938796,False,240,False,-1.2285977615529553,-0.6663175304130234,1.7228389173990342,2009,False,2.3578173741718027,-2.28187672856958
additive,15,49532.91049914944,False,240,False,1.4023025366945623,1.4391156831212786,0.9364461107314873,2009,False,1.6898202981417443,-2.503036304423926
additive,16,49639.03398157272,False,240,False,1.1144794000703069,1.9571973290449385,1.2151973775085723,2009,False,1.8386246832161708,-2.3315855486477237
additive,17,49731.38746492671,False,240,False,1.7264661931573921,0.9210340371976183,0.05909745998732224,2009,False,1.392063646772149,-2.406934217980456
additive,18,49603.15317981361,False,240,False,1.7222890284353425,1.125162527413684,0.43038461558390984,2009,False,1.58782438133286,-2.358850309248195
additive,19,50174.333504795475,False,240,True,-2.0515751027965066,2.302585092994046,1.8663447723780342,2009,False,2.0624573414806204,-2.452212125791857
se,0,54007.142318644954,True,133,False,1.5932051633335684,1.3903203822322816,-2.005853998874633,2010,True,,
se,1,54007.82025357386,True,196,False,1.5720036198776528,1.3846747081871644,-2.005853998874635,2010,False,,
se,2,54006.96321414794,True,154,False,1.58905243621914,1.3908694660215877,-2.0058539988746307,2010,True,,
se,3,54007.27037906894,True,121,False,1.579321293840885,1.3859607053419218,-2.017829351314934,2010,True,,
se,4,54007.043551625335,True,121,False,1.5775170724040304,1.3892204055557291,-2.013000249777575,2010,True,,
se,5,54006.932198571456,True,127,False,1.588980108948756,1.3907645799695032,-2.0064064102767762,2010,True,,
se,6,54007.318313274205,True,109,False,1.5933696020221586,1.3892587110098082,-2.0166612222865212,2010,True,,
se,7,54007.50674614853,True,79,False,1.5871437017515255,1.3903605563839947,-2.0002402602110365,2010,False,,
se,8,54006.92113643701,True,109,False,1.5828428348722552,1.388209545367279,-2.006898768589952,2010,True,,
se,9,54024.260361384266,False,240,False,1.5499934883863842,1.3664729776651923,-2.0511935543075284,2010,False,,
se,10,81959.23809186032,False,240,False,1.4472891754094923,0.2212505982838763,-4.590208658549262,2010,False,,
se,11,54007.39303617125,True,127,False,1.5902739607416858,1.385573126029886,-2.0161042487939738,2010,True,,
se,12,54007.19241421591,True,127,False,1.5857467546527786,1.392980779455006,-2.01020338028134,2010,True,,
se,13,54007.249085157004,True,133,False,1.5932855510727255,1.3901115885299227,-2.0047176850742847,2010,True,,
se,14,54007.110483287455,True,132,False,1.587804460001973,1.3880646776861272,-2.005853998874631,2010,True,,
se,15,54007.56892748801,True,97,False,1.5744413997767146,1.383702815250093,-2.010827000937432,2010,False,,
se,16,54008.04273261712,True,109,False,1.596934621325537,1.3905360802142506,-2.0199994780541335,2010,False,,
se,17,54007.64352423274,True,97,False,1.5952815020160906,1.3927579040450424,-2.0012303573486374,2010,False,,
se,18,54007.8162686719,True,133,False,1.5780332851984065,1.3888741614518192,-2.0203197793049013,2010,False,,
se,19,54007.33200901831,True,115,False,1.5769298197796144,1.3858878705276412,-2.017680508336482,2010,True,,
matern32,0,50714.74215777796,True,109,False,1.7371167316456964,2.0803666498109283,-2.3912402200541822,2010,True,,
matern32,1,50714.642174267734,True,121,False,1.7419883908296803,2.0815880260520805,-2.3796936685147005,2010,True,,
matern32,2,50714.64417023359,True,195,False,1.749845534826505,2.086074283307344,-2.391240220054185,2010,True,,
matern32,3,50715.98747769736,True,91,False,1.7208923031296701,2.073064588860787,-2.3793775834431883,2010,False,,
matern32,4,50714.6405585966,True,121,False,1.7384383574458433,2.079908541533167,-2.381722067897882,2010,True,,
matern32,5,50714.72156937684,True,145,False,1.7499226006881046,2.087718309859119,-2.38939836715055,2010,True,,
matern32,6,50714.70792612879,True,103,False,1.7392108464806177,2.082809010630873,-2.3893155373601176,2010,True,,
matern32,7,50715.11332950427,True,115,False,1.7596431871886955,2.0915901813295683,-2.3752499275720793,2010,False,,
matern32,8,50715.1044005781,True,115,False,1.7645104721687757,2.093630465325059,-2.3853057725476043,2010,False,,
matern32,9,50714.640280920605,True,139,False,1.7412168659087808,2.083960247223005,-2.3795626601080166,2010,True,,
matern32,10,50715.28359193913,True,115,False,1.7286341482654128,2.0725735518610744,-2.390172199244115,2010,False,,
matern32,11,50714.937584809624,True,115,False,1.7429582669237416,2.0811009276758625,-2.3769359780482398,2010,False,,
matern32,12,50714.74346126779,True,115,False,1.7417166130359638,2.0860242245523444,-2.3807045613622404,2010,True,,
matern32,13,50714.95096853328,True,167,False,1.7584416601180606,2.090083878055038,-2.3912402200541805,2010,False,,
matern32,14,50714.785301835145,True,121,False,1.7469978136090285,2.081874021084776,-2.3789584521053455,2010,True,,
matern32,15,50714.89451686437,True,127,False,1.7629535862184378,2.089831966004138,-2.3897277751151136,2010,True,,
matern32,16,50714.387641374255,True,121,False,1.7480744966542847,2.083582776478118,-2.3843855111483814,2010,True,,
matern32,17,50714.79619574487,True,97,False,1.7333075024827862,2.0802216217432514,-2.383403349501073,2010,True,,
matern32,18,50714.77259931728,True,127,False,1.7406690704122258,2.0834398124489533,-2.390784911022654,2010,True,,
matern32,19,50714.86279640994,True,167,False,1.7420011591954287,2.076337878985183,-2.3912402200541805,2010,True,,
matern52,0,51532.28763664185,True,133,False,1.6831498935286486,1.7928473716531588,-2.209881998322629,2010,True,,
matern52,1,51532.41166512828,True,127,False,1.671193793252901,1.7930217826547055,-2.2093575396663017,2010,True,,
matern52,2,51532.1828042251,True,127,False,1.676111328482034,1.7896135797253143,-2.2154652319482255,2010,True,,
matern52,3,51533.14936013892,True,127,False,1.6613421679652152,1.7845531879224357,-2.2202806187196775,2010,False,,
matern52,4,51533.451088881935,True,127,False,1.666764608723842,1.7842434821584643,-2.228334390765864,2010,False,,
matern52,5,51532.438395558536,True,184,False,1.6853764479613629,1.7925232247947411,-2.2098819983226323,2010,True,,
matern52,6,51532.08552279621,True,145,False,1.677637128514843,1.7953294001877176,-2.2142803862215206,2010,True,,
matern52,7,51532.44664233958,True,127,False,1.6835095955543955,1.7965548254378418,-2.221706557986992,2010,True,,
matern52,8,51532.44084020614,True,127,False,1.66939551468331,1.7909634050619594,-2.210615623000316,2010,True,,
matern52,9,51532.74848332626,True,139,False,1.6792149189458472,1.793386321135115,-2.2046337931737616,2010,False,,
matern52,10,51532.474237424314,True,133,False,1.671532299002555,1.7899796231109135,-2.2102509499773664,2010,True,,
matern52,11,51532.6470222793,True,115,False,1.6890577115005097,1.801483478117779,-2.208638090078675,2010,False,,
matern52,12,51532.802374893756,True,121,False,1.6829404409929944,1.7893897026042511,-2.2273642664625966,2010,False,,
matern52,13,51532.481220810485,True,139,False,1.6891259083129628,1.7914438063699583,-2.2220662269092566,2010,True,,
matern52,14,51532.25939587304,True,121,False,1.6824302610658786,1.7971545473549935,-2.2180106595320472,2010,True,,
matern52,15,51533.79955341064,True,109,False,1.6831683897629817,1.7864307920433642,-2.2322010030019923,2010,False,,
matern52,16,51532.18180500396,True,139,False,1.6865213843609048,1.793313456937892,-2.212517564813644,2010,True,,
matern52,17,51532.020777171696,True,115,False,1.6828446156217183,1.796364351782901,-2.213580339186628,2010,True,,
matern52,18,51532.66586175423,True,121,False,1.6833087844255559,1.7956560875945937,-2.2043830265626276,2010,False,,
matern52,19,51532.985465195845,True,120,False,1.6651609474896325,1.7867381063597314,-2.224666344152138,2010,False,,
periodic,0,58410.71953110114,True,103,False,1.6651609474896325,0.1295204114809153,-1.6431375554115275,2010,True,,
periodic,1,58410.93095744991,True,145,False,1.6565134099898178,0.12469125850991372,-1.657121150180455,2010,True,,
periodic,2,58410.448913285276,True,115,False,1.6566831092990921,0.1303505685368025,-1.651982789657711,2010,True,,
periodic,3,58410.63695424706,True,133,False,1.6510715288481363,0.1252495287918956,-1.6509734289557463,2010,True,,
periodic,4,58410.409471528175,True,121,False,1.6623014278172907,0.12875815722715664,-1.652580846795578,2010,True,,
periodic,5,58410.674523075635,True,133,False,1.674534964759449,0.13555910622531087,-1.6473580256426938,2010,True,,
periodic,6,58411.12182951396,True,115,False,1.6744283452950297,0.13261190862628505,-1.656326002853418,2010,False,,
periodic,7,58410.52431101916,True,139,False,1.654016234888499,0.12907649983532063,-1.6526927552292807,2010,True,,
periodic,8,58410.80713827553,True,115,False,1.6605829584422134,0.135309498931515,-1.6412327990676328,2010,True,,
periodic,9,58411.10689793292,True,139,False,1.6450032231132279,0.12344445793925707,-1.654413753003082,2010,False,,
periodic,10,58410.459543191144,True,145,False,1.659889192855122,0.13276586290145512,-1.6440898955989314,2010,True,,
periodic,11,58411.40473289018,True,109,False,1.668641150690781,0.13173148992030714,-1.6596525804991795,2010,False,,
periodic,12,58411.39725525987,True,163,False,1.6654027781679022,0.12550272056441897,-1.6600094610664737,2010,False,,
periodic,13,58410.406565893914,True,139,False,1.6651609474896325,0.1295096500171287,-1.6518746019973796,2010,True,,
periodic,14,58410.561717664335,True,127,False,1.6541857422488215,0.12673855471463696,-1.6535663690246885,2010,True,,
periodic,15,58410.51329398099,True,218,False,1.665160947489632,0.13262087621218158,-1.6431375554115297,2010,True,,
periodic,16,58410.94464209567,True,133,False,1.6708820094825332,0.13157765866116217,-1.6563960109801772,2010,True,,
periodic,17,58410.46029407134,True,121,False,1.6661731373998785,0.12873862404806882,-1.6510055920914495,2010,True,,
periodic,18,58410.739863113966,True,121,False,1.6590159773039552,0.12610809005141496,-1.6560530063782462,2010,True,,
periodic,19,58410.66590327871,True,187,False,1.672090208608556,0.13405941364776008,-1.6518864926313819,2010,True,,
locally_periodic,0,50730.19828757031,True,203,True,1.7371167316456966,2.302585092994046,2.088581486329722,2010,False,-2.3912402200541822,
locally_periodic,1,50730.336109589276,True,236,True,1.751113138811243,2.302585092994046,2.0968262608306514,2010,False,-2.3685704423377407,
locally_periodic,2,50729.831295211974,True,152,True,1.7485746977382508,2.302585092994046,2.0960035409366857,2010,True,-2.379218958335796,
locally_periodic,3,50730.07609211758,True,143,True,1.7491603217547087,2.302585092994046,2.0918344823241823,2010,True,-2.391240220054181,
locally_periodic,4,50729.89831692163,True,181,True,1.728702890746182,2.302585092994046,2.0846777476361456,2010,True,-2.3831698977091613,
locally_periodic,5,50729.85660007846,True,206,True,1.7303921066178336,2.302585092994046,2.086882770478421,2010,True,-2.379396439559526,
locally_periodic,6,50730.613557126046,True,235,True,1.7239696517981977,2.302585092994046,2.0839424152558648,2010,False,-2.371883309431704,
locally_periodic,7,50730.40337708415,True,205,True,1.722929844401701,2.302585092994046,2.0813166893800323,2010,False,-2.377155636887637,
locally_periodic,8,50730.3623799158,True,178,True,1.7527606790323766,2.302585092994046,2.09629577259015,2010,False,-2.3685704423377363,
locally_periodic,9,50729.99548770109,True,175,True,1.7451365616812606,2.302585092994046,2.0957727151237844,2010,True,-2.3734687970727384,
locally_periodic,10,50730.04298148759,True,152,True,1.7555608070219475,2.302585092994046,2.092853201206929,2010,True,-2.389205242867877,
locally_periodic,11,50845.02885183331,False,240,False,1.7734003979514394,1.5012264176211412,2.1625150149988617,2010,False,-2.4139099977706246,
locally_periodic,12,50730.19238135798,True,182,True,1.7479699189677054,2.302585092994046,2.0926614170602877,2010,False,-2.3912402200541805,
locally_periodic,13,50729.63631481638,True,210,True,1.7435968042708947,2.302585092994046,2.089851128979258,2010,True,-2.3866558768335278,
locally_periodic,14,50730.364380583385,True,175,True,1.7350390053744433,2.302585092994046,2.0905484857063636,2010,False,-2.3685704423377363,
locally_periodic,15,50729.9364952528,True,144,True,1.7551579574607057,2.302585092994046,2.095798378241719,2010,True,-2.3851062605314457,
locally_periodic,16,50807.88079675606,False,240,False,1.7613982631237761,1.6051150627576243,2.1625150149988626,2010,False,-2.3148284299734376,
locally_periodic,17,50730.407977458155,True,190,True,1.7262246437673459,2.302585092994046,2.0811525943407028,2010,False,-2.3912402200541805,
locally_periodic,18,50729.96232833361,True,144,True,1.7391242153526123,2.302585092994046,2.0871888962533514,2010,True,-2.391240220054181,
locally_periodic,19,50784.68300727279,False,240,False,1.8715506457929012,2.0166294351370584,2.1718622363114637,2010,False,-2.3338954352261188,
additive,0,50096.41721069829,False,240,False,1.5572272712555368,1.1800748601594486,0.6577799693047377,2010,True,1.612120968239704,-2.459249553203515
additive,1,50699.892326861016,False,240,False,-0.3594075383014539,-0.41632664710358047,1.683149893528649,2010,False,2.5188782595676202,-2.334088894448034
additive,2,50105.47272681684,False,240,False,1.467282541060457,1.410333369458853,0.8322519663872413,2010,False,1.6887992016001083,-2.464961085229235
additive,3,50639.38130016306,False,240,False,-2.6213408349463436,-1.8591115695976899,1.7459628283691826,2010,False,2.146085341961275,-3.124885470089988
additive,4,50167.68346233353,False,240,False,1.6173542930818405,0.98496064215437,0.3790435633112885,2010,False,1.5277650533401301,-2.413909997770625
additive,5,50161.36670192255,False,240,False,1.4183559054126507,1.6118095650958324,1.055846429349847,2010,False,1.7624565499847367,-2.507756322697946
additive,6,52993.35577770966,False,240,False,2.0850952749826823,0.7816486868915264,-0.7128092122221651,2010,False,0.3381036315311978,-6.041074432401688
additive,7,50489.05583748926,False,240,False,-1.7081928774351607,-0.814989306957629,1.7543516389216354,2010,False,2.2939523992995556,-2.405290340839658
additive,8,50850.01141304923,False,240,True,0.2440342104073716,2.302585092994046,1.7222310585697598,2010,False,2.183065943313317,-2.4139099977706246
additive,9,50178.8105166239,False,240,False,1.634757603178243,1.0361632918473205,0.32681030517734216,2010,False,1.4830570246828996,-2.4139099977706246
additive,10,50442.43493004488,False,240,True,0.5318573470316263,2.302585092994046,1.5662192898137308,2010,False,2.026513217694346,-2.4255420825454643
additive,11,50525.74497202637,False,240,False,-1.1691272223155562,-0.6818332816115281,1.7216971806668688,2010,False,2.3583764366255324,-2.35670486562339
additive,12,50099.36414537343,False,240,False,1.5159764149863815,1.162112466147247,0.6490889064943551,2010,False,1.605807042403508,-2.4338531588317234
additive,13,51141.482855346745,False,240,False,1.683149893528649,0.7483401552230649,-0.5143992664025854,2010,False,0.9025536665183993,-2.7766264412337316
additive,14,50681.4302848731,False,240,False,-0.44776955696082293,-0.4306782745574562,1.6120930681080163,2010,False,2.491108475750599,-2.253712640125151
additive,15,50124.55821740395,False,240,False,1.580435366213352,1.1992671039364482,0.6367855382142142,2010,False,1.6179848399036214,-2.3719801684254054
additive,16,50097.43612842137,False,240,False,1.5435785259537842,1.1780641167993908,0.6868232772385812,2010,False,1.6246475571092762,-2.4716071332052167
additive,17,51185.9390174187,False,240,False,1.7474055567265139,0.7480732118682256,-0.5367535413981805,2010,False,0.8702067623506219,-2.7766264412337316
additive,18,50513.85018900075,False,240,False,-1.397198403558401,-0.747631860295416,1.7451667454053403,2010,False,2.3605414790028028,-2.4287644013681
additive,19,50696.148976706056,False,240,False,1.799691765824749,0.8168683244258426,-0.32835623057774543,2010,False,1.1237311897546525,-2.595268219502178
se,0,54667.71484722634,True,133,False,1.5885072804576068,1.3903203822322816,-2.010551881750594,2011,True,,
se,1,54667.85307810068,True,115,False,1.5832906704243546,1.384324551866103,-2.0125799634864774,2011,True,,
se,2,54678.24740770385,False,240,False,1.5767490406969715,1.3817538127376408,-2.0558914371834893,2011,False,,
se,3,54667.74037879845,True,133,False,1.578650804587417,1.3911985742883086,-2.0149769857908635,2011,True,,
se,4,54667.45600877503,True,91,False,1.577677051889792,1.38522360971199,-2.022378451163298,2011,True,,
se,5,54667.65420057914,True,144,False,1.588507280457608,1.3909883241563783,-2.0150104486587255,2011,True,,
se,6,54667.854296025645,True,115,False,1.5733894729927764,1.3865896808471596,-2.0088514587084867,2011,True,,
se,7,54667.331111022904,True,121,False,1.5770684915374966,1.385396660824565,-2.015548048314688,2011,True,,
se,8,54667.64953619104,True,115,False,1.581609160139106,1.3894770583333027,-2.0207692904420744,2011,True,,
se,9,54667.47424789585,True,139,False,1.5793965621250152,1.3896833135012499,-2.0120224424999087,2011,True,,
se,10,54667.84434776724,True,115,False,1.5775077565853606,1.3834896573509765,-2.0128931923038222,2011,True,,
se,11,54667.32151969543,True,109,False,1.5810406394164114,1.3856750707447782,-2.0156373569428734,2011,True,,
se,12,54668.19257063683,True,133,False,1.5691488151184891,1.3854726918776312,-2.00850799039205,2011,False,,
se,13,54667.64636705762,True,103,False,1.5891894909705433,1.3896185404330361,-2.019291426635088,2011,True,,
se,14,54668.5149676753,True,109,False,1.5703305302249655,1.3871935975314444,-2.0050691042326005,2011,False,,
se,15,54667.402271093364,True,103,False,1.5746458432772028,1.386105802937635,-2.020253170286137,2011,True,,
se,16,54667.30804092684,True,121,False,1.576392032712043,1.3863534580548107,-2.0147485289639917,2011,True,,
se,17,54667.6967103488,True,190,False,1.57218679939291,1.386898945530496,-2.010551881750596,2011,True,,
se,18,54667.37671261426,True,121,False,1.5749758788422366,1.3846368435744416,-2.018201155504913,2011,True,,
se,19,54667.82572067065,True,109,False,1.5833547722009726,1.3891613254542254,-2.0230021892631367,2011,True,,
matern32,0,51318.605627496705,True,115,False,1.7504077948087506,2.0803666498109283,-2.395938102930143,2011,True,,
matern32,1,51319.034556046354,True,97,False,1.7297527327293765,2.0744173498414438,-2.4040992259215184,2011,False,,
matern32,2,51320.456816208374,True,115,False,1.7773784534842776,2.097736679797757,-2.39298444037641,2011,False,,
matern32,3,51318.534940595215,True,115,False,1.745110267135654,2.08682664644322,-2.3876882868792397,2011,True,,
matern32,4,51319.52880817713,True,157,False,1.768185922912741,2.0907295217060833,-2.3997906181031765,2011,False,,
matern32,5,51318.799457540816,True,115,False,1.7310712397417798,2.0787411454030686,-2.385970703084779,2011,False,,
matern32,6,51318.527389430375,True,127,False,1.732577919526489,2.0763683953800145,-2.392659608193405,2011,True,,
matern32,7,51318.257155298306,True,207,False,1.744070815003107,2.0823594340894376,-2.395938102930146,2011,True,,
matern32,8,51318.73816170447,True,145,False,1.7379226265793668,2.0826306617748447,-2.399484997657136,2011,True,,
matern32,9,51318.437461674024,True,121,False,1.7502189144286937,2.0817782752848784,-2.3947806159550544,2011,True,,
matern32,10,51319.0308726465,True,161,False,1.7614533157459666,2.0913712226525862,-2.3959381029301414,2011,False,,
matern32,11,51318.50853329791,True,155,False,1.749469419056081,2.0805813440700978,-2.3959381029301414,2011,True,,
matern32,12,51318.66856884447,True,114,False,1.730154160862478,2.074435807297311,-2.395938102930142,2011,True,,
matern32,13,51318.35427171971,True,97,False,1.7489982540530877,2.082723202622631,-2.39201119345288,2011,True,,
matern32,14,51318.513471342536,True,145,False,1.7456554984005266,2.0787294431033763,-2.3956060634362384,2011,True,,
matern32,15,51318.56169282227,True,145,False,1.7330895157880801,2.081061568472155,-2.3912911944472697,2011,True,,
matern32,16,51318.82190570075,True,109,False,1.7477365776940859,2.082795523945457,-2.404409056342147,2011,False,,
matern32,17,51318.70603463241,True,115,False,1.752153191022682,2.083845390384537,-2.3872510121325172,2011,True,,
matern32,18,51318.36494240004,True,109,False,1.739255567597511,2.0830448781072985,-2.391496254133397,2011,True,,
matern32,19,51318.37575397482,True,121,False,1.7366252816649919,2.0813948679567895,-2.391602622518926,2011,True,,
matern52,0,52149.033276483045,True,121,False,1.6784520106526872,1.7928473716531586,-2.2145798811985906,2011,True,,
matern52,1,52149.72312329308,True,115,False,1.6964409566917038,1.800129618174219,-2.2248132001536844,2011,False,,
matern52,2,52149.166054198184,True,109,False,1.6697421910511527,1.7892698508132334,-2.231650468543938,2011,True,,
matern52,3,52149.69665834785,True,149,False,1.677083819524177,1.7880005832897927,-2.237249658915033,2011,False,,
matern52,4,52149.5349141146,True,109,False,1.6610283283963518,1.784973335783595,-2.2196269756875235,2011,False,,
matern52,5,52149.61726913632,True,145,False,1.658644023761108,1.7858606055747162,-2.218765813655872,2011,False,,
matern52,6,52149.881771317516,True,127,False,1.674496721258375,1.795834139384233,-2.208327108682195,2011,False,,
matern52,7,52150.72171772408,True,155,False,1.6579811786968037,1.7801099786367727,-2.2372496589150326,2011,False,,
matern52,8,52148.899105999284,True,121,False,1.6699173661566113,1.7878870320939868,-2.2206063419035376,2011,True,,
matern52,9,52149.97147120461,True,209,False,1.6751323839799044,1.7842439978642495,-2.2372496589150375,2011,False,,
matern52,10,52149.81305365519,True,177,False,1.6776105610370347,1.7860972793159688,-2.2372496589150375,2011,False,,
matern52,11,52149.10626480158,True,115,False,1.6826154540704508,1.7886919867872269,-2.2304198535872453,2011,True,,
matern52,12,52149.22810654015,True,127,False,1.6722205825131327,1.792673255611436,-2.229869748845461,2011,True,,
matern52,13,52149.62453957826,True,109,False,1.6942853214255835,1.7999818363041427,-2.215068210010029,2011,False,,
matern52,14,52148.79393853506,True,115,False,1.6840692804709305,1.7922880735467643,-2.2205346195902984,2011,True,,
matern52,15,52149.14143694829,True,103,False,1.680752867135644,1.796893747049644,-2.2142913756517744,2011,True,,
matern52,16,52148.9357222658,True,145,False,1.6704538177936867,1.7933849452342172,-2.2189607939844413,2011,True,,
matern52,17,52149.598487124465,True,121,False,1.660463064613672,1.7834442498045422,-2.2227525272017794,2011,False,,
matern52,18,52149.4242654752,True,103,False,1.6771682266460985,1.7907139284647995,-2.2348455843140567,2011,False,,
matern52,19,52148.93410156535,True,139,False,1.6824299786360295,1.7949094162813788,-2.2275082974094804,2011,True,,
periodic,0,59160.420018323384,True,103,False,1.6604630646136709,0.1295204114809153,-1.6478354382874885,2011,True,,
periodic,1,59160.50171754004,True,115,False,1.660768150892757,0.12626931096780092,-1.6590125526449417,2011,True,,
periodic,2,59160.72207268307,True,145,False,1.654167012523843,0.12379577375119152,-1.6613405501125915,2011,True,,
periodic,3,59160.60001039675,True,115,False,1.649206141471083,0.12615432969626583,-1.6597317233929632,2011,True,,
periodic,4,59160.554911655796,True,133,False,1.6628073334454265,0.1294958567901845,-1.6592603722487136,2011,True,,
periodic,5,59160.85994310611,True,127,False,1.6449569416568606,0.12396704869994618,-1.6483760376115133,2011,False,,
periodic,6,59160.5109036526,True,213,False,1.6580752892185644,0.12752781069454364,-1.6478354382874907,2011,True,,
periodic,7,59160.59230304717,True,139,False,1.6571171391385535,0.13010593679634994,-1.645537905268756,2011,True,,
periodic,8,59160.43120655921,True,115,False,1.6592919315371344,0.13244881291868807,-1.64783543828749,2011,True,,
periodic,9,59161.085394261565,True,127,False,1.6609964185437984,0.12580549784751674,-1.6639971846641257,2011,False,,
periodic,10,59160.53409965836,True,139,False,1.6680950787152768,0.13381932633747862,-1.6524605642197734,2011,True,,
periodic,11,59160.39033588125,True,109,False,1.6554531926458276,0.1253743062513352,-1.6581674703508242,2011,True,,
periodic,12,59160.484459700994,True,115,False,1.6482861771798245,0.12668891971392243,-1.6577454231849853,2011,True,,
periodic,13,59160.80559190107,True,121,False,1.6494752029101614,0.12976708378281035,-1.6449521226432842,2011,False,,
periodic,14,59160.51696481135,True,213,False,1.6554199653091224,0.13260286451232758,-1.6478354382874907,2011,True,,
periodic,15,59160.20902281962,True,127,False,1.660463064613672,0.12871454008942776,-1.652438038039385,2011,True,,
periodic,16,59161.2486497514,True,127,False,1.6677193061428315,0.13415487726240694,-1.6419735347999267,2011,False,,
periodic,17,59160.530334294985,True,143,False,1.660463064613672,0.12803372883532,-1.647835438287487,2011,True,,
periodic,18,59160.50547998319,True,121,False,1.6643000237458287,0.13015654495005508,-1.6478714111962431,2011,True,,
periodic,19,59160.181654209635,True,133,False,1.6565730301719486,0.12921257797677527,-1.65175785349649,2011,True,,
locally_periodic,0,51334.0769508216,True,210,True,1.732418848769735,2.302585092994046,2.0803666498109283,2011,True,-2.395938102930143,
locally_periodic,1,51334.39816792633,True,207,True,1.757116258234124,2.302585092994046,2.0928360312457865,2011,False,-2.3959381029301414,
locally_periodic,2,51334.000164129815,True,130,True,1.7314698835720719,2.302585092994046,2.08066051659907,2011,True,-2.3912684147042165,
locally_periodic,3,51333.940163611034,True,176,True,1.7417609442208377,2.302585092994046,2.0899703285890263,2011,True,-2.395938102930142,
locally_periodic,4,51333.88634770671,True,218,True,1.7406694220329193,2.302585092994046,2.0845509802643694,2011,True,-2.395938102930146,
locally_periodic,5,51333.77965266659,True,178,True,1.730173891325576,2.302585092994046,2.083482051170682,2011,True,-2.3921630181052422,
locally_periodic,6,51334.43035110226,False,240,True,1.7526789337343802,2.302585092994046,2.095278563583303,2011,False,-2.3784944192458792,
locally_periodic,7,51334.124529101435,True,228,True,1.7293904172393,2.302585092994046,2.085630328150345,2011,True,-2.3959381029301414,
locally_periodic,8,51338.80977256152,False,240,True,1.7452891774694,2.302585092994046,2.0717794699621215,2011,False,-2.4004368951406874,
locally_periodic,9,51334.85594142116,True,128,True,1.762686875047284,2.302585092994046,2.100605795119174,2011,False,-2.3838623162005903,
locally_periodic,10,51397.56881767555,False,240,False,1.733071860740114,1.6425403964913647,2.0967963228485154,2011,False,-2.3283493704044456,
locally_periodic,11,51334.25982353726,True,240,True,1.7269927048930622,2.302585092994046,2.080366649810928,2011,True,-2.398873582874361,
locally_periodic,12,51334.651473510174,True,218,True,1.7208528177209264,2.302585092994046,2.0775001124148944,2011,False,-2.399242186477328,
locally_periodic,13,51334.30133162823,True,171,True,1.726369403877054,2.302585092994046,2.078052804402353,2011,False,-2.395938102930145,
locally_periodic,14,51334.018112960985,True,203,True,1.7350219494361692,2.302585092994046,2.083656719244167,2011,True,-2.38439511248713,
locally_periodic,15,51334.09461957397,True,232,True,1.7390898106880945,2.302585092994046,2.0837343222397036,2011,True,-2.3995063862998016,
locally_periodic,16,51333.92819487673,True,205,True,1.750025990299815,2.302585092994046,2.0926286735877087,2011,True,-2.3841825021084415,
locally_periodic,17,51590.02650741345,False,240,False,1.6071153044148256,1.0064579104766425,2.162515014998864,2011,False,-2.3479266565496943,
locally_periodic,18,51333.87726730523,True,236,True,1.7379820980425118,2.302585092994046,2.088029960261472,2011,True,-2.395938102930146,
locally_periodic,19,51334.04253127586,True,197,True,1.7455044270937963,2.302585092994046,2.085547781923065,2011,True,-2.3959381029301414,
additive,0,50689.19622236402,False,240,False,1.4985625502625273,1.2304439090686934,0.7250378705848403,2011,True,1.636765477796084,-2.4639474360794758
additive,1,50697.41873057362,False,240,False,1.5345404423405593,1.151292546497023,0.615495024639817,2011,False,1.6065018734933976,-2.4456988510062834
additive,2,51265.14012782785,False,240,True,-2.0845727923700847,-1.957197329044939,1.7934643367281136,2011,False,2.1890298271959248,-11.849235410687326
additive,3,51276.78182996545,False,240,False,-2.1433641486206088,-1.9333186540112524,1.8223635789648163,2011,False,2.2073695237916278,-4.642435554531581
additive,4,51092.078522055395,False,240,False,-1.9487613683454894,-0.8961244302741752,1.743905878322464,2011,False,2.2602654916994775,-2.441161478954355
additive,5,50938.95500634283,False,240,False,1.7621185772338654,0.9790684234759208,0.046188531407541616,2011,False,1.385995336179308,-2.418607880646586
additive,6,50720.401254855984,False,240,False,1.5345404423405589,1.2664218011467252,0.7091126658145831,2011,False,1.6006536726600034,-2.5520602666232306
additive,7,50745.24845150612,False,240,False,1.3197164576536813,1.7269388197455335,0.9926824201925929,2011,False,1.7776221329797108,-2.43907074607692
additive,8,50694.5495666508,False,240,False,1.5543940662909905,1.1778481068122877,0.6251569142440724,2011,False,1.6016931428379944,-2.46729417299994
additive,9,50690.11269844705,False,240,False,1.4858026399133173,1.267834160171249,0.7674571910621194,2011,False,1.6527471671930851,-2.46728657226071
additive,10,51281.85117155117,False,240,False,-0.500837146271666,-0.4617818655933218,1.678452010652687,2011,False,2.4911084757505995,-2.246178902602342
additive,11,50753.18982663393,False,240,False,1.4861106367346526,1.241931838253203,0.9985758982045837,2011,False,1.7602894434225484,-2.4779561355000665
additive,12,50690.687914002774,False,240,False,1.5288439237253428,1.217564678339866,0.6850906570483494,2011,False,1.624596602217443,-2.4690880460589035
additive,13,50816.34417834628,False,240,False,1.3906288740284312,1.323986428471576,0.7020474379420444,2011,False,1.6733457689472686,-2.2953154686849286
additive,14,51054.25574842731,False,240,False,1.8424761226280908,0.9210340371976189,-0.09872473389994824,2011,False,1.2963275088614428,-2.41860788064659
additive,15,51095.48825099948,False,240,False,-1.5048450444502364,-0.7727946441675175,1.7520198209480902,2011,False,2.326600730359905,-2.4228997947646946
additive,16,50691.98588533459,False,240,False,1.484805614092945,1.2381083199375829,0.720203948104303,2011,False,1.622900466701782,-2.4584965127184852
additive,17,50820.4771259034,False,240,False,1.6935264872396976,0.9971883583500398,0.23368964154399424,2011,False,1.3900804367620798,-2.534545423761459
additive,18,51091.03576100242,False,240,False,-1.5653417727457097,-0.7768111767315246,1.7340039559950498,2011,False,2.3095642033392103,-2.4019056487591217
additive,19,50701.56501676223,False,240,False,1.5653924153725158,1.144266558267086,0.6896672293071477,2011,False,1.6180174019190756,-2.4309117551496477
se,0,55355.29829531307,True,133,False,1.585033669554846,1.3903203822322816,-2.0140254926533547,2012,False,,
se,1,55354.831441733244,True,121,False,1.5687451672514463,1.3849481869044142,-2.020753875841873,2012,True,,
se,2,55355.105592492044,True,115,False,1.585033669554847,1.3874184950001325,-2.0149236129067756,2012,True,,
se,3,55356.17995661592,True,103,False,1.5654539166360755,1.3786045237397513,-2.0322341227005585,2012,False,,
se,4,55355.52188995887,True,139,False,1.5871374267791518,1.390930538837112,-2.0131622393352644,2012,False,,
se,5,55365.885663746056,False,240,False,1.5895265013867808,1.3749882406158045,-2.05936504808625,2012,False,,
se,6,55355.33228785039,True,159,False,1.5670447235158311,1.385102901796986,-2.0140254926533525,2012,False,,
se,7,55355.436163456456,True,109,False,1.5696581171891262,1.3861971719333321,-2.011811695444604,2012,False,,
se,8,55355.99961961454,True,109,False,1.5681916937784963,1.38214911539572,-2.03419099840509,2012,False,,
se,9,81814.82447633173,False,240,False,1.414218961942048,0.27764876852803083,-3.8729472654017787,2012,False,,
se,10,55354.66535682232,True,127,False,1.5737674622897315,1.385667984555466,-2.022034872691494,2012,True,,
se,11,55365.71833421376,False,240,False,1.591537927353904,1.3813737970123132,-2.05936504808625,2012,False,,
se,12,55355.23174852503,True,115,False,1.566588276317246,1.3831008886108178,-2.0277876237537336,2012,False,,
se,13,55355.07641725649,True,127,False,1.580054619341366,1.382105545713488,-2.0255243293674563,2012,True,,
se,14,55354.91589100844,True,115,False,1.5699170924027293,1.3825724956898264,-2.0242991077381927,2012,True,,
se,15,55356.02348351077,True,109,False,1.5726498454434819,1.3788755807364588,-2.0325782188712256,2012,False,,
se,16,55355.11353504991,True,151,False,1.574587359527544,1.3821055457134885,-2.028716251741562,2012,True,,
se,17,55355.30472271955,True,127,False,1.58312177415982,1.387693505801342,-2.0281515401368413,2012,False,,
se,18,55355.30248554761,True,121,False,1.577385341320474,1.387401241255952,-2.011444071678895,2012,False,,
se,19,55354.900502205724,True,109,False,1.5711179674673186,1.385452346768605,-2.025461493819438,2012,True,,
matern32,0,51962.26147500965,True,103,False,1.7289452378669738,2.072151813292135,-2.399411713832904,2012,True,,
matern32,1,51961.82439314452,True,149,False,1.7361300546024834,2.080072823080256,-2.3994117138329023,2012,True,,
matern32,2,51962.06479705748,True,109,False,1.733744928167,2.0768712103690725,-2.394025852075885,2012,True,,
matern32,3,51961.907289202456,True,127,False,1.7464446932156343,2.0799754641987978,-2.4025025673708047,2012,True,,
matern32,4,51961.8883564532,True,155,False,1.7325141899137908,2.078422477601822,-2.3994117138329023,2012,True,,
matern32,5,51961.95631456166,True,183,False,1.7504924457994715,2.0847295651358615,-2.3994117138329067,2012,True,,
matern32,6,51962.03613746165,True,115,False,1.7487818916641324,2.0803370924945614,-2.399911350996151,2012,True,,
matern32,7,51962.006457118216,True,137,False,1.7357597865121996,2.0817764017379763,-2.3994117138329023,2012,True,,
matern32,8,51962.10396757655,True,109,False,1.736296036797675,2.0802544238409215,-2.405549833360426,2012,True,,
matern32,9,51961.966541074,True,136,False,1.7469341839059909,2.0799334042034725,-2.3994117138329023,2012,True,,
matern32,10,51961.90729187614,True,121,False,1.7400196420886485,2.081307181960814,-2.403501016385625,2012,True,,
matern32,11,51962.50984045383,True,109,False,1.7476194699627445,2.0857568875731274,-2.387515405108295,2012,False,,
matern32,12,51962.23232828987,True,115,False,1.7334046146787707,2.0731091381367253,-2.4079738842317298,2012,True,,
matern32,13,51962.80591852958,True,127,False,1.7182861944416872,2.070139820226409,-2.4059798175932747,2012,False,,
matern32,14,51962.376395148094,True,115,False,1.7349599114610534,2.078514250642696,-2.409681357053778,2012,False,,
matern32,15,51962.633483916536,True,189,False,1.7222394259567855,2.0696623827841587,-2.3994117138329067,2012,False,,
matern32,16,51962.289956703076,True,109,False,1.7292031772933067,2.0719981109092496,-2.3993733411037894,2012,True,,
matern32,17,51962.1208760522,True,127,False,1.7522492175042008,2.0819326100374975,-2.402619336386946,2012,True,,
matern32,18,51962.03105590366,True,149,False,1.7447037569886343,2.0781902510248957,-2.3994117138329023,2012,True,,
matern32,19,51962.319547649124,True,127,False,1.7426110497237919,2.0796490588898,-2.390941789538577,2012,True,,
matern52,0,52802.90679983748,True,121,False,1.6749783997499263,1.784632535134365,-2.2407232698177957,2012,False,,
matern52,1,52802.62772732302,True,109,False,1.6814095097778967,1.789424492025412,-2.2385943754174784,2012,False,,
matern52,2,52802.70962441991,True,115,False,1.6760722497832838,1.7852321268340565,-2.2390132609382833,2012,False,,
matern52,3,52802.55658843607,True,121,False,1.6852004073643447,1.7942333073995242,-2.234054700608239,2012,False,,
matern52,4,52803.052116222476,True,195,False,1.6627174823429287,1.7847956993192304,-2.2407232698177983,2012,False,,
matern52,5,52803.065073425496,True,166,False,1.674978399749927,1.7834922313192405,-2.240723269817794,2012,False,,
matern52,6,52802.93450612425,True,132,False,1.6657371524135103,1.7835732975536671,-2.2407232698177943,2012,False,,
matern52,7,52802.345891454475,True,139,False,1.6609534369552756,1.7867726495712435,-2.2281318790054576,2012,True,,
matern52,8,52802.1744644696,True,115,False,1.674187931917885,1.790243667302,-2.2342216961628534,2012,True,,
matern52,9,52802.47839451545,True,109,False,1.6690973549158485,1.7842170967677713,-2.23668605953305,2012,True,,
matern52,10,52802.74280648754,True,133,False,1.6699564071361164,1.7907892022163872,-2.2171510317790655,2012,False,,
matern52,11,52803.05898274403,True,143,False,1.6641983119352255,1.7863714168404732,-2.240723269817794,2012,False,,
matern52,12,52802.843647237525,True,115,False,1.6627285797716784,1.7902260712836493,-2.218694784531624,2012,False,,
matern52,13,52802.12788544329,True,115,False,1.667616751318896,1.7903419124299238,-2.2278840980558106,2012,True,,
matern52,14,52802.5020017446,True,139,False,1.6704404464648885,1.7901620264898495,-2.23623559606057,2012,False,,
matern52,15,52801.96180610551,True,115,False,1.6729659953113685,1.7885671322873906,-2.2283375984936344,2012,True,,
matern52,16,52802.6247573914,True,103,False,1.680276519558696,1.7931725119716335,-2.236179997914443,2012,False,,
matern52,17,52802.77358268011,True,109,False,1.6903186141757782,1.7944244271059053,-2.234168139081224,2012,False,,
matern52,18,52802.26762709118,True,115,False,1.6722587606276755,1.7851909617587458,-2.2330747459698035,2012,True,,
matern52,19,52802.23097682733,True,97,False,1.6699594710629666,1.7885377605530113,-2.22281912439837,2012,True,,
periodic,0,59869.93540050551,True,103,False,1.65698945371091,0.1295204114809153,-1.6513090491902493,2012,True,,
periodic,1,59869.653093077584,True,109,False,1.644084970154506,0.1246711998428793,-1.6617934581673963,2012,True,,
periodic,2,59869.782521740795,True,133,False,1.6474020403927214,0.12962092901542582,-1.65485296496948,2012,True,,
periodic,3,59869.6375345884,True,181,False,1.6536135258470785,0.12491320411166386,-1.6571077236497607,2012,True,,
periodic,4,59870.05036495232,True,127,False,1.6575507774795748,0.12441375572342606,-1.668211139315394,2012,True,,
periodic,5,59869.72256925215,True,175,False,1.6504322692772004,0.13090483704990782,-1.6563709847336776,2012,True,,
periodic,6,59870.7752188413,True,121,False,1.6598975267192175,0.12391417024615087,-1.6723826774605433,2012,False,,
periodic,7,59871.067985815214,True,121,False,1.6500182616024546,0.13357001695000195,-1.645639103282423,2012,False,,
periodic,8,59869.68721923604,True,121,False,1.6433461358189707,0.12510060997967754,-1.6616521810147646,2012,True,,
periodic,9,59870.31900169756,True,127,False,1.6424968959371415,0.12317194559149855,-1.6690329243611493,2012,False,,
periodic,10,59870.32586013951,True,139,False,1.6498592187293872,0.12982094104400135,-1.648783889405998,2012,False,,
periodic,11,59870.057922698674,True,167,False,1.6545368094574044,0.12700880255933228,-1.6513090491902473,2012,True,,
periodic,12,60070.08361201357,False,240,False,1.3934654623681038,0.10370181219325991,-1.6966486046231446,2012,False,,
periodic,13,59869.604947353495,True,145,False,1.6502652037426253,0.1290195127050024,-1.661154629636098,2012,True,,
periodic,14,59869.973213299534,True,144,False,1.6601445074429808,0.1306637848671538,-1.6513090491902478,2012,True,,
periodic,15,59869.811508527295,True,127,False,1.6614620847044776,0.13331784513882755,-1.6553408686416202,2012,True,,
periodic,16,59869.68497907481,True,127,False,1.6620706726652394,0.13212970615071787,-1.6588507651426554,2012,True,,
periodic,17,59869.894597927305,True,155,False,1.6569894537109109,0.1299934079236304,-1.6652306380376876,2012,True,,
periodic,18,59869.75673596386,True,127,False,1.6513627240912223,0.13127866173685812,-1.6551920096011976,2012,True,,
periodic,19,59869.48844733067,True,121,False,1.653634773750803,0.12910095707478025,-1.6568432311746397,2012,True,,
locally_periodic,0,51977.40513159723,True,203,True,1.728945237866974,2.302585092994046,2.080366649810928,2012,True,-2.399411713832904,
locally_periodic,1,51978.745096134444,True,153,True,1.7088649530550186,2.302585092994046,2.0723902644815877,2012,False,-2.3975110102399197,
locally_periodic,2,52308.85396228303,False,240,False,1.5952485068162094,0.9823616681640921,2.1625150149988626,2012,False,-2.422081491549351,
locally_periodic,3,51978.36212983422,True,180,True,1.7466529378819602,2.302585092994046,2.096796322848515,2012,False,-2.383295201848124,
locally_periodic,4,51977.39498364761,True,130,True,1.7434614884956607,2.302585092994046,2.0873415927511676,2012,True,-2.3926997771440117,
locally_periodic,5,51978.3168260958,True,149,True,1.7136074311824994,2.302585092994046,2.0739148878332223,2012,False,-2.3994117138329027,
locally_periodic,6,51980.2609184942,False,240,True,1.732762242497416,2.302585092994046,2.0967963228485154,2012,False,-2.3735754644087823,
locally_periodic,7,52009.64700922495,False,240,False,1.816623914499258,2.1298912110194923,2.1477392429202182,2012,False,-2.384605326763565,
locally_periodic,8,51977.415936135105,True,238,True,1.7351755550980648,2.302585092994046,2.081593959829746,2012,True,-2.398557583382916,
locally_periodic,9,51978.449791898995,True,121,True,1.7114141520127288,2.302585092994046,2.076109471530839,2012,False,-2.391682364750764,
locally_periodic,10,52010.04175830796,False,240,False,1.7490740446333832,2.0723265836946414,2.0557634791821324,2012,False,-2.422081491549351,
locally_periodic,11,52000.633079555555,False,240,True,1.7225560857610007,2.302585092994046,2.1070796702433,2012,False,-2.42073075008901,
locally_periodic,12,51977.417867721655,True,191,True,1.739993967124549,2.302585092994046,2.083717900940199,2012,True,-2.3994117138329023,
locally_periodic,13,51977.71007255746,True,178,True,1.7467425779105772,2.302585092994046,2.0936655566493356,2012,True,-2.3959042463522,
locally_periodic,14,51978.54100104216,True,123,True,1.7296178672378804,2.302585092994046,2.0899891661181793,2012,False,-2.379588037191467,
locally_periodic,15,51978.41494340195,True,178,True,1.744723822702613,2.302585092994046,2.0953554469073863,2012,False,-2.38082068602186,
locally_periodic,16,51977.68902484003,True,143,True,1.7213196332118759,2.302585092994046,2.078074854561594,2012,True,-2.3953392167323324,
locally_periodic,17,51978.08845392188,False,240,True,1.7362963466128425,2.302585092994046,2.080366649810927,2012,False,-2.4089827129529016,
locally_periodic,18,51977.767941108075,True,171,True,1.7264388491628673,2.302585092994046,2.077744063070331,2012,True,-2.4038797297184615,
locally_periodic,19,51977.30147663504,True,206,True,1.7406813844652356,2.302585092994046,2.086317174917774,2012,True,-2.3994117138329023,
additive,0,51321.87043994134,False,240,False,1.5130778853987823,1.223248330653087,0.6855863676040473,2012,True,1.6203358047584973,-2.4674210469822366
additive,1,51398.370287247926,False,240,False,1.4052691006453613,2.014761956369789,0.9228931079530199,2012,False,1.7238855763933139,-2.5058884773290733
additive,2,51796.247820288,False,240,False,1.9628015363741818,1.0361632918473211,0.022183349778471084,2012,False,1.227419381498969,-2.422081491549351
additive,3,51328.25314294374,False,240,False,1.5604062712270672,1.1360217275788826,0.6088841902729578,2012,False,1.5971641972211594,-2.469057437184427
additive,4,51442.20512450907,False,240,False,1.087339599455038,2.187455838344344,1.2432436948135426,2012,False,1.8359115032978752,-2.4501048736256537
additive,5,51364.087792822815,False,240,False,1.670147491462846,1.1512925464970234,0.48323191519161673,2012,False,1.5341425747388577,-2.422081491549351
additive,6,51371.56254809747,False,240,False,1.531066831437799,1.0523305608014577,0.46770197430153737,2012,False,1.5281747906661178,-2.534574209155781
additive,7,51387.65996257849,False,240,False,1.28654276951419,1.6693741924206835,1.1040593743603093,2012,False,1.7781612227834953,-2.459495698346661
additive,8,51330.74864075096,False,240,False,1.4338210591939753,1.3095952716403638,0.8427865019168963,2012,False,1.6950169596885667,-2.434870250957062
additive,9,51566.19017635315,False,240,False,1.6332410957787047,0.8315952131307944,0.04536684141516131,2012,False,1.3385712867410295,-2.489453863016183
additive,10,52626.050251756904,False,240,False,-1.7224100211235656,-1.7416304274968353,2.020991759182083,2012,False,2.4770556218565583,-6.049245926180407
additive,11,51734.900147414046,False,240,False,-1.8984462849386774,-0.8675032100131598,1.704507596699645,2012,False,2.2490197423994553,-2.4454372694518627
additive,12,51889.617610573376,True,240,False,-2.468041004823145,-1.9140238585513003,1.761883201530334,2012,False,2.1523459658630446,-3.4642401281439623
additive,13,51353.366719388934,False,240,False,1.4457991352555464,1.2635971903995271,0.7855747230850896,2012,False,1.629851002906537,-2.5518695378491962
additive,14,51998.324386281674,False,240,True,-1.2032529664926306,2.302585092994046,1.7574055214313418,2012,False,2.079841213845451,-2.270799594982411
additive,15,51449.254774467554,False,240,False,1.2432436948135426,1.6118095650958317,1.108331700058534,2012,False,1.7382041164873705,-2.4346121859244163
additive,16,51894.394060656574,False,240,False,-2.2160812518288493,-1.9881272034485409,1.794961781738529,2012,False,2.164519780018932,-4.9765671197864565
additive,17,52058.856327552356,False,240,False,1.8052315497785003,0.8634694098727671,-0.3240136894178899,2012,False,1.019236850142394,-2.603439713280904
additive,18,51733.34878595025,False,240,False,-1.6093791341719952,-0.7800583299239627,1.721946951581311,2012,False,2.301395626945228,-2.399790731141105
additive,19,51323.21609122308,False,240,False,1.4950889393597673,1.2952041148091509,0.7539796651846943,2012,False,1.6547119630746208,-2.465667787623226
se,0,56036.23608467149,True,133,False,1.5838459574948731,1.3903203822322816,-2.0152132047133278,2013,False,,
se,1,56036.72688480758,True,150,False,1.5658570114558568,1.3834086842795053,-2.015213204713326,2013,False,,
se,2,56048.072064410386,False,240,False,1.6089871359190415,1.382711445948711,-2.060552760146222,2013,False,,
se,3,56035.417057160266,True,127,False,1.577574026902068,1.387681965082288,-2.022475455065784,2013,True,,
se,4,56035.642425425685,True,115,False,1.5701288845870314,1.3880601268318915,-2.021008720314123,2013,True,,
se,5,56036.10070111978,True,121,False,1.5704615805704614,1.3880167440789906,-2.0152132047133287,2013,False,,
se,6,56035.88128623273,True,115,False,1.579773667535731,1.3865672156592126,-2.0174070479440873,2013,True,,
se,7,56036.45927477864,True,108,False,1.565857011455857,1.3796497151337375,-2.0329049284761616,2013,False,,
se,8,56035.839298747975,True,85,False,1.5849154410691613,1.3897429685998923,-2.025686640662562,2013,True,,
se,9,56035.54200335801,True,115,False,1.580092033930904,1.3847174520685013,-2.0244916434077163,2013,True,,
se,10,56046.99577525102,False,240,False,1.5532272119463844,1.3693124201541262,-2.060552760146222,2013,False,,
se,11,56035.49533583456,True,121,False,1.5783738796518814,1.3870082837609288,-2.020713270077187,2013,True,,
se,12,56036.44008435147,True,109,False,1.5735762934417459,1.38686286724727,-2.0130004952697047,2013,False,,
se,13,56035.76205992702,True,103,False,1.580365762738816,1.3895105882633987,-2.018474647330871,2013,True,,
se,14,56035.67598071913,True,97,False,1.5762956841208389,1.3867272956264516,-2.030632951752709,2013,True,,
se,15,56035.52664972695,True,127,False,1.5799633532260529,1.3852180029516357,-2.0232284760062256,2013,True,,
se,16,56035.3822477261,True,115,False,1.5733613685456156,1.3849425267381088,-2.0250902805189694,2013,True,,
se,17,56035.76645725119,True,139,False,1.5838459574948727,1.3848838745011616,-2.029548995921722,2013,True,,
se,18,56035.46801272682,True,145,False,1.5738559537837251,1.3852372332407983,-2.021987977845309,2013,True,,
se,19,56035.52374832377,True,115,False,1.5751493164306385,1.3834895329374806,-2.027868843791585,2013,True,,
matern32,0,52590.85542449563,True,115,False,1.745746471846017,2.0803666498109283,-2.4005994258928776,2013,True,,
matern32,1,52591.13034649966,True,103,False,1.7278549772271057,2.0764519677525666,-2.4135054696128133,2013,False,,
matern32,2,52591.75048237991,True,109,False,1.7225018336543263,2.077378993896461,-2.3933764828275237,2013,False,,
matern32,3,52590.65852218207,True,139,False,1.7388512700760608,2.078213261874975,-2.4017608611245524,2013,True,,
matern32,4,52592.034087184395,True,79,False,1.766100447814999,2.092946410161352,-2.405223955230266,2013,False,,
matern32,5,52590.94986600483,True,121,False,1.727075865393404,2.077971889361256,-2.4002336415564263,2013,True,,
matern32,6,52590.702047022925,True,144,False,1.732119305130046,2.0785153592475867,-2.400599425892876,2013,True,,
matern32,7,52590.814530248725,True,167,False,1.744884036171888,2.0857997279180203,-2.400599425892875,2013,True,,
matern32,8,52590.97356533991,True,103,False,1.754972871063948,2.085762329014865,-2.4074122005069616,2013,True,,
matern32,9,52590.89613793265,True,139,False,1.747978462815043,2.0868601976892336,-2.404611160511975,2013,True,,
matern32,10,52590.51409593561,True,115,False,1.7370022440780266,2.078922559885468,-2.403655479248688,2013,True,,
matern32,11,52590.67363756207,True,115,False,1.7349223734400485,2.075372040465599,-2.4109756958755852,2013,True,,
matern32,12,52591.2118618271,True,133,False,1.733119280476153,2.0772710483888432,-2.4169166464922207,2013,False,,
matern32,13,52591.86131072874,True,103,False,1.7202895169854409,2.067974484377322,-2.41807362975691,2013,False,,
matern32,14,52590.7966224734,True,144,False,1.745746471846018,2.0783476522872473,-2.4078858343643996,2013,True,,
matern32,15,52590.70623901433,True,145,False,1.7328912947441992,2.080004705724613,-2.4011046687549302,2013,True,,
matern32,16,52590.88123433049,True,149,False,1.7434160618037329,2.078944038853538,-2.400599425892874,2013,True,,
matern32,17,52591.658146638,True,163,False,1.7594172264355785,2.0890345487615094,-2.396017118076551,2013,False,,
matern32,18,52590.59202386733,True,121,False,1.7394574518365014,2.0775123618460807,-2.405379063864222,2013,True,,
matern32,19,52590.965712389705,True,109,False,1.7316416184366439,2.0735132754474708,-2.4027186608386413,2013,True,,
matern52,0,53443.09703372573,True,121,False,1.6737906876899535,1.784632535134365,-2.241910981877769,2013,False,,
matern52,1,53442.89689080264,True,115,False,1.6784073543415592,1.7953781011590262,-2.2316302705579623,2013,True,,
matern52,2,53442.521188094805,True,121,False,1.6741426733384541,1.7909176872163823,-2.231152480815322,2013,True,,
matern52,3,53442.588765038454,True,115,False,1.6709947880419922,1.7874680702463546,-2.232317151317136,2013,True,,
matern52,4,53443.042938123355,True,145,False,1.6727590700958619,1.7934090204593311,-2.2243277389052514,2013,True,,
matern52,5,53442.72065201499,True,109,False,1.6731778890078997,1.7860561729073239,-2.237124967269916,2013,True,,
matern52,6,53442.62122795312,True,115,False,1.6749652576856573,1.7927321966552825,-2.233093056868126,2013,True,,
matern52,7,53442.51231774269,True,133,False,1.673790687689953,1.7896779064901844,-2.2316990061569313,2013,True,,
matern52,8,53442.95518232175,True,127,False,1.6742502271949076,1.7929306795890902,-2.238083528415649,2013,True,,
matern52,9,53443.27677159126,True,103,False,1.668095828260038,1.7877572010605802,-2.2240639818937145,2013,False,,
matern52,10,53443.13657979287,True,161,False,1.6619999216953616,1.7839265443008818,-2.241910981877766,2013,False,,
matern52,11,53443.84780601575,True,139,False,1.6778907512007386,1.7959934391479582,-2.2187756967702628,2013,False,,
matern52,12,53442.60129509505,True,127,False,1.6691186491231722,1.790651220355288,-2.231035483618492,2013,True,,
matern52,13,53443.07153777445,True,151,False,1.6837540154429278,1.7938227180570328,-2.239002782191335,2013,False,,
matern52,14,53443.970537796515,True,127,False,1.694935568707534,1.796930176789742,-2.239252274349659,2013,False,,
matern52,15,53442.934827291436,True,121,False,1.6590960665760122,1.7859558580190489,-2.2333322689856514,2013,True,,
matern52,16,53443.066388211315,True,127,False,1.6632741230064636,1.7832734535380474,-2.240790912427846,2013,False,,
matern52,17,53442.758876498294,True,127,False,1.6814174860114957,1.791752899725983,-2.2295845508221945,2013,True,,
matern52,18,53443.23333603976,True,115,False,1.6601860885500108,1.7841924499223563,-2.242071986686791,2013,False,,
matern52,19,53443.9649431399,True,145,False,1.688123860322306,1.7979241084467117,-2.2206786034296515,2013,False,,
periodic,0,60626.52696239932,True,103,False,1.6558017416509372,0.1295204114809153,-1.6524967612502224,2013,False,,
periodic,1,60625.94877748427,True,120,False,1.6558017416509367,0.12824923259315313,-1.6684086480275633,2013,True,,
periodic,2,60626.16899353909,True,121,False,1.65596667721873,0.12426013325439395,-1.670427348169528,2013,True,,
periodic,3,61836.27049594467,False,240,False,1.3344880695887604,-0.1726908606833764,-1.6978363166831163,2013,False,,
periodic,4,60626.20056588529,True,133,False,1.6498933681945305,0.12165042080207339,-1.6694627011763563,2013,True,,
periodic,5,60626.06532487578,True,145,False,1.663377796305136,0.13030535183491587,-1.657953162460362,2013,True,,
periodic,6,60626.42799558986,True,115,False,1.6625235310072035,0.1334786921657211,-1.6540595143435046,2013,False,,
periodic,7,60625.7331299231,True,169,False,1.653399876266803,0.12732291076767244,-1.660433868436968,2013,True,,
periodic,8,60626.40528121752,True,115,False,1.645802985034937,0.12660213239510804,-1.6711855157105202,2013,False,,
periodic,9,60626.12095646485,True,121,False,1.6556542075014622,0.1324671468764952,-1.656123200090099,2013,True,,
periodic,10,60626.661828150376,True,109,False,1.6484121961180538,0.12615068497184015,-1.6736982069263386,2013,False,,
periodic,11,60626.04690149367,True,139,False,1.6591049183801665,0.12772387497447088,-1.6578269430586654,2013,True,,
periodic,12,60626.231224156254,True,109,False,1.6378127956119213,0.12237990623356015,-1.6636875221821463,2013,True,,
periodic,13,60626.67319904271,True,150,False,1.663124894212522,0.1313271563739413,-1.652496761250221,2013,False,,
periodic,14,60626.30797836987,True,139,False,1.6491176832654981,0.1318461817484307,-1.6554342386872891,2013,True,,
periodic,15,60625.85588098741,True,133,False,1.654882449444647,0.1294288713815238,-1.666316645625043,2013,True,,
periodic,16,60626.00564657287,True,103,False,1.659193728988333,0.13093212389489012,-1.6665547739685413,2013,True,,
periodic,17,60626.210228819895,True,121,False,1.6517906312729305,0.12192520436853058,-1.669533416494757,2013,True,,
periodic,18,60625.91974768865,True,127,False,1.6527586688088112,0.131551415888575,-1.6597424431108576,2013,True,,
periodic,19,60626.028532428994,True,127,False,1.6556478789480227,0.12933123020447773,-1.6561219429892677,2013,True,,
locally_periodic,0,52606.295639276956,True,210,True,1.7277575258070013,2.302585092994046,2.0803666498109283,2013,True,-2.4005994258928776,
locally_periodic,1,52638.035552615,False,240,False,1.835282965477402,2.2162504248635497,2.1499211894661605,2013,False,-2.388375383297449,
locally_periodic,2,52606.448321097065,False,240,True,1.7289558788114465,2.302585092994046,2.0786665548148404,2013,True,-2.4057820526089637,
locally_periodic,3,52628.18978368159,False,240,True,1.679522112537571,2.302585092994046,2.095318707518105,2013,False,-2.3933705348013135,
locally_periodic,4,52606.850447443256,True,234,True,1.7297834118363247,2.302585092994046,2.088109743434714,2013,False,-2.3891137663690527,
locally_periodic,5,52606.32586914081,True,145,True,1.7433475612565892,2.302585092994046,2.0859035206760446,2013,True,-2.404822553749997,
locally_periodic,6,52609.62590743186,False,240,True,1.6930038835485712,2.302585092994046,2.068877682983348,2013,False,-2.3979154694064335,
locally_periodic,7,52606.773001587404,True,240,True,1.7166387857096346,2.302585092994046,2.076994961596927,2013,True,-2.4005994258928784,
locally_periodic,8,52606.43925927484,True,158,True,1.7408187805590727,2.302585092994046,2.084844171018742,2013,True,-2.3980182833406523,
locally_periodic,9,52610.463233020855,False,240,True,1.731341919058915,2.302585092994046,2.096796322848515,2013,False,-2.3726510040352085,
locally_periodic,10,52611.92064005471,False,240,True,1.7498838050365662,2.302585092994046,2.1096679573740147,2013,False,-2.3814141982215085,
locally_periodic,11,52606.9076280327,True,225,True,1.7389679954825434,2.302585092994046,2.0934813357562274,2013,False,-2.3905849809434305,
locally_periodic,12,52606.383566334625,True,222,True,1.7317114509454872,2.302585092994046,2.0884233560414835,2013,True,-2.400599425892875,
locally_periodic,13,52634.29841400227,False,240,False,1.698780090619087,2.259663068866908,2.06575595501642,2013,False,-2.3420295425873174,
locally_periodic,14,52722.41002578402,False,240,False,1.8014534376348608,2.134789394479009,2.162515014998863,2013,False,-2.251872715435269,
locally_periodic,15,52606.62912951139,True,177,True,1.7299741872142003,2.302585092994046,2.0821387144399752,2013,True,-2.393414994770143,
locally_periodic,16,52607.5805978316,True,122,True,1.708902537913611,2.302585092994046,2.074665977807999,2013,False,-2.3967401587983743,
locally_periodic,17,52610.21885607841,False,240,True,1.7193919748100037,2.302585092994046,2.0652384520169855,2013,False,-2.423269203609319,
locally_periodic,18,52832.604131508226,False,240,False,1.58263562665236,1.9252194790056165,2.103061782060414,2013,False,-2.2141874538870585,
locally_periodic,19,52612.36848124636,False,240,True,1.6848048206728734,2.3025850929940455,2.075979051041486,2013,False,-2.3914189217687554,
additive,0,51943.75877062042,False,240,False,1.4939012272997934,1.2088571738218745,0.7203765476221062,2013,True,1.636765477796084,-2.46860875904221
additive,1,51947.25053807131,False,240,False,1.528063823918247,1.1785087082138141,0.657221061865139,2013,False,1.6086677644782192,-2.455215045012963
additive,2,52022.95706006217,False,240,False,1.286467941968416,1.8420680743952358,1.1155353184114438,2013,False,1.7833865843189018,-2.437263222061684
additive,3,52824.580978555095,False,240,False,1.608783692546587,0.7288728589367055,-0.3703838679570145,2013,False,0.9990129836702568,-2.7859856470724282
additive,4,52743.25875021509,False,240,False,1.8177022560020817,0.8080496686076826,-0.414201626349795,2013,False,1.0028486334036277,-2.6046274253408717
additive,5,52674.58202285269,False,240,False,-2.113150422618638,-1.9348883157850243,1.9479831788720157,2013,False,2.2939523992995565,-8.226732299019012
additive,6,52189.15920534291,False,240,True,0.9542328461293146,2.302585092994046,1.4238076175731111,2013,False,1.9571315529556967,-2.3726148635701794
additive,7,52605.5798175931,False,240,True,-0.6287944053040919,2.302585092994046,1.7078459670625827,2013,False,2.0742551194829697,-2.552162402997745
additive,8,52524.4080159939,False,240,False,-2.1544125862505257,-2.0068904855141625,1.739937351375672,2013,False,2.1257478176055544,-11.763217622784287
additive,9,51954.323322043645,False,240,False,1.5298143959985884,1.1800748601594486,0.6726089011903549,2013,False,1.6309370928331939,-2.423269203609319
additive,10,52100.04857065627,False,240,False,1.6900619331404756,0.9808400093566434,0.22439954263024176,2013,False,1.3981611654067838,-2.5958713656865973
additive,11,51944.50163790394,False,240,False,1.484310715089256,1.246081791588115,0.758421907464045,2013,False,1.6514448254199414,-2.4744798901777076
additive,12,52419.35312867174,False,240,False,1.844425972194883,0.8676880615424305,-0.20336308755676086,2013,False,1.176216984029568,-2.604627425340873
additive,13,52474.2637771881,False,240,False,-0.7727059736162198,-0.5756462732485117,1.690515608488345,2013,False,2.4007626870848617,-2.402786768270844
additive,14,52155.61700830927,False,240,False,1.6964038948960725,0.9572723138491144,0.1252780696753404,2013,False,1.3382605927752456,-2.6046274253408717
additive,15,52361.335455434906,False,240,False,-1.6684670536045727,-0.819193977023742,1.7508725587886638,2013,False,2.304914025318055,-2.439779304869085
additive,16,52772.70233214304,False,240,False,0.2974794655689047,-0.2769698892347374,1.529879119377826,2013,False,2.942580794878177,-2.230187645765416
additive,17,52113.282107958774,False,240,False,1.0666330962157888,1.6693741924206835,1.2963171344603293,2013,False,1.891288129634298,-2.384942825155753
additive,18,52548.548649227916,False,240,False,-2.146026835837102,-1.9242218226635859,1.7976538885024018,2013,False,2.1787349747437372,-4.599567864387957
additive,19,51995.70757945464,False,240,False,1.5985429711998957,1.0649456055097466,0.3972359533401787,2013,False,1.4882370775468436,-2.476643315900102
se,0,56760.32678563868,True,121,False,1.5743319595545961,1.3821055457134883,-2.0294080343310337,2014,False,,
se,1,56759.91518955458,True,115,False,1.5883210674649033,1.3848830961641583,-2.030517081090773,2014,True,,
se,2,56759.83800540351,True,103,False,1.5892833073392973,1.388062419326776,-2.033265962239587,2014,True,,
se,3,56759.68092063303,True,109,False,1.5874028151508774,1.3889326570348246,-2.0295483015608475,2014,True,,
se,4,56759.61039085823,True,127,False,1.5845290755719177,1.3868821107808758,-2.0281588296643567,2014,True,,
se,5,56760.358528917466,True,121,False,1.5939615765078474,1.3910969972368483,-2.0325265080782886,2014,False,,
se,6,56759.836510335415,True,121,False,1.5751551721388999,1.386689457634407,-2.0319595643168533,2014,True,,
se,7,56760.4117236365,True,115,False,1.5757642463548596,1.3872462442487679,-2.020021337916816,2014,False,,
se,8,56759.72982921773,True,188,False,1.588484808560609,1.3865045753611525,-2.029408034331036,2014,True,,
se,9,56759.74989442079,True,155,False,1.5755734318397934,1.3857957404388068,-2.0294080343310315,2014,True,,
se,10,56759.99488476734,True,127,False,1.5852663116617356,1.3837529759498974,-2.034284496165519,2014,True,,
se,11,56760.83920349655,True,127,False,1.5871518481151998,1.382105545713488,-2.040351474898127,2014,False,,
se,12,56760.23080216194,True,127,False,1.58810857425945,1.3876464768172638,-2.0213242562903324,2014,False,,
se,13,56759.91851412419,True,201,False,1.5841911361734557,1.3906281884112108,-2.029408034331036,2014,True,,
se,14,56759.64586281807,True,115,False,1.5792878841014457,1.386651797054887,-2.0314321834847675,2014,True,,
se,15,56760.317777931254,True,97,False,1.5842846102938684,1.390352729854488,-2.019298040287388,2014,False,,
se,16,56759.66099776797,True,133,False,1.5867105497698373,1.3878446960947235,-2.031446110193422,2014,True,,
se,17,56760.11937549929,True,133,False,1.590338121508778,1.3865944981039489,-2.0365109903633294,2014,True,,
se,18,56817.53161336327,False,240,False,1.5995545520744312,1.34335321574805,-2.052077812047484,2014,False,,
se,19,56759.690370084834,True,121,False,1.5858952205001478,1.3859978159978947,-2.02894883157601,2014,True,,
matern32,0,53254.59176032519,True,91,False,1.7542214199447559,2.080366649810928,-2.414794255510583,2014,True,,
matern32,1,53254.740650165906,True,103,False,1.7616150020973818,2.0893017016049105,-2.4087049837903622,2014,True,,
matern32,2,53255.09578775312,True,73,False,1.739152371615315,2.080920399568818,-2.4004976994217206,2014,False,,
matern32,3,53255.18534615034,True,139,False,1.7425982211449795,2.0858987370085194,-2.4003463749934766,2014,False,,
matern32,4,53254.52439732081,True,127,False,1.74206480993827,2.0814983526845987,-2.41796187576826,2014,True,,
matern32,5,53254.60617585728,True,160,False,1.7558369427100884,2.0812235742343232,-2.4147942555105812,2014,True,,
matern32,6,53254.53230347537,True,194,False,1.7348717255689126,2.0756605969238238,-2.4147942555105857,2014,True,,
matern32,7,53254.997592449334,True,115,False,1.743084333099932,2.0818872779200377,-2.4229525859057537,2014,False,,
matern32,8,53254.56792466489,True,109,False,1.7487202413784886,2.0828445096840453,-2.4204351739659247,2014,True,,
matern32,9,53254.35914701762,True,155,False,1.7501803097953674,2.084744230889988,-2.4147942555105812,2014,True,,
matern32,10,53254.53412967998,True,149,False,1.7542214199447548,2.084709779386635,-2.4066620246569723,2014,True,,
matern32,11,53254.62315211611,True,145,False,1.751530491386961,2.0880247641043064,-2.409977455961388,2014,True,,
matern32,12,53255.62738578046,True,109,False,1.7726691281219833,2.0931517492110654,-2.4153129631406443,2014,False,,
matern32,13,53257.18468540747,True,115,False,1.7134066079729624,2.0633181890358094,-2.425080541333719,2014,False,,
matern32,14,53254.841968720924,True,109,False,1.7333296337700275,2.0739469169308373,-2.4209151833360827,2014,True,,
matern32,15,53254.69329828309,True,139,False,1.7405317797068909,2.079286187020365,-2.4216174668060986,2014,True,,
matern32,16,53255.453999448015,True,109,False,1.7291590740784908,2.0752290757386778,-2.4027528389355797,2014,False,,
matern32,17,53255.48922418891,True,132,False,1.7722103659837714,2.0920573422889244,-2.4147942555105817,2014,False,,
matern32,18,53254.705323176066,True,115,False,1.7542735565297598,2.089203032476178,-2.4090744280607352,2014,True,,
matern32,19,53255.52273292924,True,157,False,1.730361431488341,2.0774405355769723,-2.4005846429819475,2014,False,,
matern52,0,54120.153146497425,True,121,False,1.7002545818277082,1.801062208171952,-2.2334360337790304,2014,False,,
matern52,1,54119.03681083681,True,120,False,1.6825100632677519,1.7929001938828866,-2.233436033779029,2014,True,,
matern52,2,54119.68755321772,True,109,False,1.682265635788692,1.7916064341043105,-2.22856552544873,2014,False,,
matern52,3,54119.0088981936,True,139,False,1.6813400536076486,1.794473306482022,-2.239006520192938,2014,True,,
matern52,4,54118.93930224845,True,121,False,1.6801566338130478,1.7937151751113574,-2.237425237133736,2014,True,,
matern52,5,54118.80543023786,True,115,False,1.6809692842431032,1.790069626439735,-2.241356698585568,2014,True,,
matern52,6,54119.34226247773,True,133,False,1.6832939765665094,1.796981824612147,-2.2342459526016456,2014,True,,
matern52,7,54121.0378355228,True,133,False,1.6996076134889473,1.8028662034670833,-2.225471988584954,2014,False,,
matern52,8,54119.00634832129,True,139,False,1.6889198068708289,1.7928289533329864,-2.2371627486026386,2014,True,,
matern52,9,54119.155062701364,True,103,False,1.673427980056263,1.7890257421755429,-2.2342653090719984,2014,True,,
matern52,10,54119.369913815055,True,121,False,1.6924046033649764,1.7921278431773202,-2.246429429430564,2014,False,,
matern52,11,54119.973383050165,True,133,False,1.6996755674732265,1.8002023669210476,-2.2343099839135205,2014,False,,
matern52,12,54119.19755161838,True,133,False,1.6876457340602296,1.7967874672151773,-2.2379470718837857,2014,True,,
matern52,13,54119.30910478679,True,173,False,1.6861825028383715,1.790951300938517,-2.2334360337790287,2014,True,,
matern52,14,54118.97645210194,True,145,False,1.6893188054749588,1.7924533150699928,-2.2396864200156656,2014,True,,
matern52,15,54119.30468468573,True,149,False,1.685437153327299,1.7906692532234925,-2.2334360337790287,2014,True,,
matern52,16,54119.187016733864,True,139,False,1.6795840298184996,1.7860796765742493,-2.2433493854281736,2014,True,,
matern52,17,54119.11283159006,True,162,False,1.6796120233351675,1.7941083807171396,-2.2334360337790287,2014,True,,
matern52,18,54119.117037347816,True,161,False,1.6870467103638256,1.7940405523028096,-2.2334360337790287,2014,True,,
matern52,19,54119.21706616779,True,115,False,1.6678246330182278,1.7867875850501005,-2.242888663291367,2014,True,,
periodic,0,61402.17810609573,True,109,False,1.664276689749676,0.1295204114809153,-1.666691590867928,2014,True,,
periodic,1,61403.28234681667,True,115,False,1.6765893211046081,0.13473181578524945,-1.6741088481804052,2014,False,,
periodic,2,61402.25396573723,True,221,False,1.6634054605137591,0.1281873280693435,-1.6666915908679263,2014,True,,
periodic,3,61402.51144593513,True,157,False,1.6675078650836115,0.13084652182412218,-1.6726154797307007,2014,True,,
periodic,4,61402.30527179345,True,127,False,1.664395006366346,0.12876939520912162,-1.6707635275977188,2014,True,,
periodic,5,61402.95124891435,True,133,False,1.6758582415141499,0.135117714023395,-1.6715603311786826,2014,False,,
periodic,6,61402.42131448492,True,139,False,1.657987012835913,0.1257176936054661,-1.6709117815588896,2014,True,,
periodic,7,61402.41790728746,True,109,False,1.6580753154912617,0.1336017919459987,-1.6628193047561168,2014,True,,
periodic,8,61402.68217056125,True,121,False,1.6691525379032965,0.12870713401545855,-1.6734662528034916,2014,True,,
periodic,9,61403.34899466286,True,127,False,1.6462877437106596,0.1257386988664921,-1.6589250752466835,2014,False,,
periodic,10,61402.88945648087,True,133,False,1.6538655453485716,0.13163663311993218,-1.6576518565802008,2014,False,,
periodic,11,61402.47141828758,True,145,False,1.6642766897496755,0.1322753569168466,-1.659840741265462,2014,True,,
periodic,12,61402.949001008164,True,127,False,1.666711622820537,0.12677460923946823,-1.6758073573032626,2014,False,,
periodic,13,61402.38532344824,True,121,False,1.6702661401504415,0.13034661009444168,-1.669230381397137,2014,True,,
periodic,14,61402.89290224954,True,127,False,1.6667991391599528,0.13675620401755048,-1.6575583259224804,2014,False,,
periodic,15,61403.52874037666,True,139,False,1.668108104862484,0.12610908872623916,-1.6789525686961009,2014,False,,
periodic,16,61402.203354254,True,207,False,1.6664471599873905,0.130221139166175,-1.6666915908679303,2014,True,,
periodic,17,61402.97792841179,True,127,False,1.6500272930054056,0.12605490058471858,-1.6602859718716199,2014,False,,
periodic,18,61402.4196824736,True,97,False,1.6677031949813463,0.12811707329846972,-1.668466507160483,2014,True,,
periodic,19,61402.331272969204,True,133,False,1.6626477198122744,0.13165220291568566,-1.6705513493557618,2014,True,,
locally_periodic,0,53270.259668053885,True,196,True,1.73623247390574,2.302585092994046,2.0803666498109283,2014,True,-2.414794255510583,
locally_periodic,1,53270.14428916189,True,167,True,1.752206487025293,2.302585092994046,2.0893422079132815,2014,True,-2.414346147685348,
locally_periodic,2,53270.119202963935,True,124,True,1.735784009450814,2.302585092994046,2.0814007255348854,2014,True,-2.4097496232881075,
locally_periodic,3,53270.85349863383,True,193,True,1.7621436331800542,2.302585092994046,2.0969644797417755,2014,False,-2.4129832775676445,
locally_periodic,4,53269.99070133468,True,161,True,1.7401540251905214,2.302585092994046,2.085339753894225,2014,True,-2.4147942555105812,
locally_periodic,5,53269.95155535142,True,174,True,1.7502973447672254,2.302585092994046,2.0893481901317688,2014,True,-2.408414539539638,
locally_periodic,6,53278.09303848556,False,240,True,1.6789883495447726,2.302585092994046,2.0638951811418287,2014,False,-2.4147942555105812,
locally_periodic,7,53306.98835016809,False,240,False,1.6822656357886916,2.072326583694641,2.0322355579358007,2014,False,-2.4422568889646232,
locally_periodic,8,53282.42396744853,False,240,False,1.7814020798549943,2.1255802016187477,2.1010428775953085,2014,False,-2.4299054292708995,
locally_periodic,9,53270.025988116846,True,154,True,1.7482820142170974,2.302585092994046,2.086628770573899,2014,True,-2.40969404807767,
locally_periodic,10,53286.98944351979,False,240,True,1.7965972360190667,2.302585092994046,2.134601122651378,2014,False,-2.3934233197859083,
locally_periodic,11,53270.43579919861,True,205,True,1.7525786416739342,2.302585092994046,2.087711606374217,2014,True,-2.418001256018529,
locally_periodic,12,53270.005143997085,True,232,True,1.7390147479138802,2.302585092994046,2.084209970055522,2014,True,-2.4147942555105857,
locally_periodic,13,53270.134544083834,True,240,True,1.7322490550001255,2.302585092994046,2.085645800547191,2014,True,-2.4046756648647825,
locally_periodic,14,53270.59729876694,True,189,True,1.733593265468716,2.302585092994046,2.078841181353915,2014,False,-2.4192099559542433,
locally_periodic,15,53269.95448695088,True,129,True,1.7476320039242692,2.302585092994046,2.090829494147739,2014,True,-2.4105069394014347,
locally_periodic,16,53270.294758448064,True,178,True,1.7274680665752986,2.302585092994046,2.0803891710903017,2014,True,-2.409983829104731,
locally_periodic,17,53304.47146976753,False,240,False,1.700587188126434,2.2874832370442966,2.031077630698167,2014,False,-2.4147942555105812,
locally_periodic,18,53270.886374785696,True,174,True,1.7642293596542156,2.302585092994046,2.098292470184917,2014,False,-2.409313468400435,
locally_periodic,19,53535.09522606491,False,240,False,1.6841868956823782,0.9843662127958389,2.162515014998863,2014,False,-2.414794255510581,
additive,0,52594.32569086316,False,240,False,1.502376175398532,1.2376394874843004,0.728851495720845,2014,True,1.636765477796084,-2.482803588659915
additive,1,55464.05285350289,False,240,False,2.212538862240223,0.805904782547916,-0.9133077046950291,2014,False,0.34618716942270633,-3.8656600293630086
additive,2,55756.34254898643,False,240,False,1.6822656357886916,0.5825301012789877,-0.8503134459806398,2014,False,0.2716925893614075,-6.767391577067855
additive,3,53470.37304283402,False,240,False,0.3970815866939092,-0.21848738604991683,1.502376175398533,2014,False,3.012671394578004,-2.197502446572281
additive,4,53452.185616005816,False,240,False,0.29143734176042324,-0.2607193737932496,1.5169818309641483,2014,False,2.949232613428916,-2.235604636434624
additive,5,52608.29385289685,False,240,False,1.6123851187070626,1.1164096781773405,0.6264700423371238,2014,False,1.6221015938006853,-2.4558659166149877
additive,6,53137.84944329836,False,240,False,-0.8690787297155725,-0.5725100747810311,1.7542214199447568,2014,False,2.4499387062191413,-2.4008663971536364
additive,7,53783.6682691798,False,240,False,1.9264683057849994,0.7590258000339616,-0.6415794675252207,2014,False,0.9665829607037977,-2.414794255510586
additive,8,52596.453562286384,False,240,False,1.474382160455894,1.201066186097751,0.7276180906904969,2014,False,1.6272788747076483,-2.4922720011558956
additive,9,53244.86195532155,False,240,False,-2.0972121912637585,-1.938403696681107,1.7802963342210165,2014,False,2.212281898709269,-4.9538093597523245
additive,10,52604.13830419757,False,240,False,1.5743319595545964,1.13690138966581,0.5725401321039308,2014,False,1.580805133943623,-2.4876650460979093
additive,11,53270.04468473887,False,240,False,-0.3201960157855209,-0.39224952018581505,1.6843230428095992,2014,False,2.5011670592690933,-2.266142431184624
additive,12,52605.657270017706,False,240,False,1.4663982833205007,1.295204114809151,0.8514999307980176,2014,False,1.6792822166893633,-2.499682380923816
additive,13,52796.89530454333,False,240,False,1.6753197466605358,0.90898902875161,0.13898681017290754,2014,False,1.3419284665148796,-2.5961524772421343
additive,14,53029.58674401356,False,240,False,-2.011638167822301,-0.8815130753278116,1.7413633703985116,2014,False,2.2451557407770713,-2.4327006766137367
additive,15,53035.001995405706,False,240,False,-1.5035442264163785,-0.7734725423121609,1.7650782285770008,2014,False,2.324477163654123,-2.4396598289448646
additive,16,52622.91664111019,False,240,False,1.6033590144821301,1.0361632918473211,0.4788735647999991,2014,False,1.5354053045108067,-2.487154233533866
additive,17,53283.129975598684,False,240,False,-2.1473140578628414,-1.9877762886250445,1.9700887724129483,2014,False,2.2652543998075925,-8.218257350920275
additive,18,55668.6697460647,False,240,False,1.9278605686320445,0.6818034188429667,-0.8869481314677075,2014,False,0.255221985940028,-5.078303035758658
additive,19,52828.08163749355,False,240,False,1.7331127370457662,0.9488397809209221,0.07745209920321372,2014,False,1.4012115867684911,-2.4147942555105812
se,0,57492.771218265705,True,127,False,1.5748390452841206,1.3821055457134883,-2.0289009486015095,2015,True,,
se,1,57492.366741272825,True,109,False,1.592827991323136,1.3870760636195898,-2.033925965520106,2015,True,,
se,2,57492.604941018966,True,119,False,1.5928279913231362,1.3886498822391398,-2.028208510888964,2015,True,,
se,3,57492.34869043465,True,219,False,1.5870448558931747,1.3881162525624928,-2.0289009486015104,2015,True,,
se,4,57492.95952298038,True,109,False,1.5929773503040432,1.3910700224325812,-2.029830270542035,2015,False,,
se,5,57520.428459180745,False,240,False,1.601217416212137,1.3556501459706307,-2.0515707263179594,2015,False,,
se,6,57492.969546783635,True,184,False,1.5750318857738566,1.3812014361068636,-2.0289009486015104,2015,False,,
se,7,57493.20360835852,True,103,False,1.5870998478537954,1.3850704390088842,-2.0230118905782843,2015,False,,
se,8,57492.978344162795,True,195,False,1.5733319879850711,1.3813727046277566,-2.0289009486015104,2015,False,,
se,9,57492.90538673586,True,103,False,1.5858308810722896,1.3872266247630993,-2.041483750799011,2015,False,,
se,10,57492.64390665515,True,73,False,1.5806704501686022,1.3801975377668947,-2.038405411037697,2015,True,,
se,11,88993.1660014581,False,240,False,1.3300557216901587,0.14611575565740348,-8.94318315211694,2015,False,,
se,12,57492.490153177685,True,91,False,1.5889160393715158,1.3834352254479854,-2.031093302655186,2015,True,,
se,13,57492.43043426736,True,97,False,1.5785667596733344,1.382099528564835,-2.0317699721875306,2015,True,,
se,14,57492.92979942233,True,127,False,1.5785730467979784,1.3878494140114257,-2.0236947722438745,2015,False,,
se,15,57492.24661449621,True,121,False,1.5777748422041717,1.3827129134283167,-2.034058285181251,2015,True,,
se,16,57492.504642571745,True,127,False,1.5789872732686328,1.380748005616261,-2.037013640912619,2015,True,,
se,17,57492.571319593226,True,97,False,1.5797685808955282,1.3824142898732061,-2.0294797386392562,2015,True,,
se,18,57492.620027772464,True,115,False,1.5714215185745586,1.3815812578235007,-2.035865179723367,2015,True,,
se,19,57492.41976243667,True,201,False,1.581528023916805,1.3882280507746192,-2.0289009486015104,2015,True,,
matern32,0,53919.05706181438,True,91,False,1.7547285056742805,2.080366649810928,-2.4142871697810593,2015,True,,
matern32,1,53918.957012574596,True,127,False,1.7459896263213344,2.080118392142704,-2.4110741443750805,2015,True,,
matern32,2,53919.28372779112,True,142,False,1.7319815909132588,2.0736561372924,-2.4142871697810566,2015,False,,
matern32,3,53919.003337472954,True,127,False,1.7554694999689056,2.078501618826263,-2.4256057001012414,2015,True,,
matern32,4,53918.76622574183,True,109,False,1.7473153383079152,2.0762597907586366,-2.4227734443044198,2015,True,,
matern32,5,53918.83936873029,True,210,False,1.7547285056742825,2.0803666498109297,-2.417365777893869,2015,True,,
matern32,6,53918.887687349634,True,103,False,1.759229681325644,2.082613526280272,-2.424630424752568,2015,True,,
matern32,7,53918.70792986668,True,143,False,1.7518820973587543,2.0828781996707844,-2.4142871697810593,2015,True,,
matern32,8,53919.031071956866,True,121,False,1.751238783000013,2.0771038400217163,-2.429083491291263,2015,True,,
matern32,9,53920.03430798175,True,120,False,1.7716800224281235,2.094204804361297,-2.4142871697810593,2015,False,,
matern32,10,53919.6107799287,True,115,False,1.7254608404054501,2.0704592643487714,-2.4246298432956945,2015,False,,
matern32,11,53918.91628168805,True,121,False,1.7498458935212289,2.0762212230415367,-2.4251060916916294,2015,True,,
matern32,12,53918.848429304126,True,139,False,1.7404246619612145,2.0793755744893234,-2.423642441214143,2015,True,,
matern32,13,53918.67956022784,True,121,False,1.7439736680157991,2.0769110696846713,-2.4250353617418767,2015,True,,
matern32,14,53918.84197926486,True,149,False,1.7482139863636996,2.0845085296476307,-2.4142871697810566,2015,True,,
matern32,15,53918.728190060974,True,139,False,1.7471319613711775,2.078868311115517,-2.415410322087063,2015,True,,
matern32,16,53919.783730803276,True,115,False,1.7328150456144886,2.077614105982687,-2.4070599401985615,2015,False,,
matern32,17,53918.8258008339,True,103,False,1.7601661972367362,2.084341243113885,-2.4192050509481424,2015,True,,
matern32,18,53919.5155970767,True,127,False,1.734784901094878,2.0776696757722415,-2.408438050840567,2015,False,,
matern32,19,53919.69710054597,True,181,False,1.766228163622081,2.0911378296056546,-2.4096200829828898,2015,False,,
matern52,0,54799.03864271787,True,127,False,1.6827727215182169,1.7846325351343653,-2.255598725765951,2015,True,,
matern52,1,54799.578267223456,True,201,False,1.6858828893386835,1.7956326129624431,-2.2329289480495076,2015,False,,
matern52,2,54798.61877345451,True,138,False,1.6827727215182162,1.791985784787964,-2.247784368195243,2015,True,,
matern52,3,54799.65137855385,True,189,False,1.677687078125719,1.7939859242149516,-2.2329289480495076,2015,False,,
matern52,4,54798.588359401765,True,121,False,1.677757548393813,1.7909406506374972,-2.243006770046314,2015,True,,
matern52,5,54798.81138252618,True,139,False,1.6811233452769911,1.785774873155014,-2.2545379166174793,2015,True,,
matern52,6,54798.98061056991,True,185,False,1.6845827034072143,1.7890710677853252,-2.255598725765948,2015,True,,
matern52,7,54798.97585188401,True,127,False,1.6914986038549824,1.7919505056620815,-2.2388276925336843,2015,True,,
matern52,8,54798.66901217592,True,109,False,1.6896164557489894,1.7923559156113906,-2.241419691686966,2015,True,,
matern52,9,54798.75015527243,True,133,False,1.6874613091048096,1.7943505521121834,-2.2442199423297415,2015,True,,
matern52,10,54798.82106736109,True,151,False,1.6797983357180408,1.7868937487647318,-2.254848182800471,2015,True,,
matern52,11,54798.74156961503,True,127,False,1.671909585583177,1.7885037867640956,-2.2419172293184397,2015,True,,
matern52,12,54798.74048677409,True,132,False,1.6827727215182164,1.7926358160695597,-2.2391474427142013,2015,True,,
matern52,13,54799.87384681475,True,121,False,1.6623854099420552,1.7784847133950066,-2.253919743214223,2015,False,,
matern52,14,54798.89567434574,True,79,False,1.670274822359972,1.788108753153262,-2.240565805019328,2015,True,,
matern52,15,54798.96424789697,True,91,False,1.681077038631066,1.7839527888190168,-2.254241900999265,2015,True,,
matern52,16,54798.540157901734,True,127,False,1.6851292893291123,1.7875303248297654,-2.2466436013568525,2015,True,,
matern52,17,54799.087275862265,True,151,False,1.6960061288130355,1.7955643503757919,-2.2409429454562315,2015,True,,
matern52,18,54798.82651853125,True,115,False,1.6879873692935203,1.787588935702006,-2.2532055335746155,2015,True,,
matern52,19,54799.761037236676,True,167,False,1.6973626248676243,1.7939644087535394,-2.2555987257659478,2015,False,,
periodic,0,62197.58331022925,True,109,False,1.6647837754792005,0.1295204114809153,-1.6661845051384039,2015,True,,
periodic,1,62197.84556849436,True,133,False,1.6658941901551123,0.13304857576533174,-1.663554852870797,2015,True,,
periodic,2,62198.353764983716,True,109,False,1.6695538587849512,0.131767240364882,-1.6598979882916656,2015,False,,
periodic,3,62197.84123539212,True,121,False,1.6568592894896161,0.12403877836492391,-1.676460730722154,2015,True,,
periodic,4,62198.350010660826,True,151,False,1.6467948294401842,0.1239521249512858,-1.6645633257068015,2015,False,,
periodic,5,62197.557040106985,True,109,False,1.667925515092933,0.12883253294762861,-1.6699527506259386,2015,True,,
periodic,6,62197.680595988444,True,102,False,1.6647837754792,0.13296018280216815,-1.6673104541164094,2015,True,,
periodic,7,62197.82919801086,True,145,False,1.661951282470099,0.12554349434589684,-1.676889123078081,2015,True,,
periodic,8,62197.65695342737,True,133,False,1.6699250431208554,0.12918611232666624,-1.6723382991023754,2015,True,,
periodic,9,62197.8414722295,True,103,False,1.6600653649816817,0.12950889787256728,-1.662962539072916,2015,True,,
periodic,10,62198.61884476073,True,121,False,1.6512626980356864,0.1224176111493892,-1.6814511520190487,2015,False,,
periodic,11,62197.88438000046,True,133,False,1.6611503164375214,0.13000932801929652,-1.6757822136295968,2015,True,,
periodic,12,62197.76929196474,True,109,False,1.662953630841063,0.12691585383195245,-1.6764594640075021,2015,True,,
periodic,13,62198.566880012084,True,219,False,1.6432754609337081,0.12207462034784325,-1.666184505138405,2015,False,,
periodic,14,62197.893245818654,True,145,False,1.6554695638118744,0.13106568448355907,-1.6643223707768557,2015,True,,
periodic,15,62197.92963194671,True,133,False,1.6602705789975891,0.126855744016091,-1.6637598212798443,2015,True,,
periodic,16,62197.81762322445,True,133,False,1.666324112515481,0.13117388192485452,-1.6633384862479852,2015,True,,
periodic,17,62209.20737298767,False,240,False,1.6343606544698703,0.1374601506088443,-1.6888542828548538,2015,False,,
periodic,18,62197.80347404904,True,150,False,1.6647837754792003,0.1295892072493322,-1.6757995347602033,2015,True,,
periodic,19,62197.71645846877,True,139,False,1.6643025810694907,0.128587114001217,-1.6649758977897742,2015,True,,
locally_periodic,0,53934.70132085098,True,196,True,1.7367395596352646,2.302585092994046,2.0803666498109283,2015,True,-2.4142871697810593,
locally_periodic,1,76316.27232388285,False,240,False,1.233773583581284,-0.8062605363799094,3.0825767051037243,2015,False,-3.502436500170382,
locally_periodic,2,53934.97712250646,True,179,True,1.7262188525491384,2.302585092994046,2.07973813931738,2015,True,-2.4142871697810566,
locally_periodic,3,53934.62742884908,True,196,True,1.7347327762004052,2.302585092994046,2.08530101876087,2015,True,-2.4142871697810566,
locally_periodic,4,53934.99609823608,True,169,True,1.7582606237233998,2.302585092994046,2.0885121701426783,2015,False,-2.421504521146109,
locally_periodic,5,53934.563853423824,True,196,True,1.7531398147827277,2.302585092994046,2.0888260722360554,2015,True,-2.4142871697810566,
locally_periodic,6,53936.05612647833,True,191,True,1.717239485791603,2.302585092994046,2.0727767521298386,2015,False,-2.4142871697810557,
locally_periodic,7,54274.7697818334,False,240,False,1.9277903443374567,1.1190441242091196,2.2693228591143835,2015,False,-2.41428716978106,
locally_periodic,8,53934.91441712672,True,240,True,1.748029345997941,2.302585092994046,2.082188437419635,2015,True,-2.4225249079664883,
locally_periodic,9,53934.72301532697,True,189,True,1.7531866007491281,2.302585092994046,2.0862357452566664,2015,True,-2.4185882420912623,
locally_periodic,10,53935.22178830761,True,167,True,1.7520076624371645,2.302585092994046,2.0898909211784664,2015,False,-2.403721393549327,
locally_periodic,11,53935.03323838576,True,174,True,1.7444257335589692,2.302585092994046,2.0814138003082414,2015,False,-2.426834057033567,
locally_periodic,12,54027.421675061094,False,240,True,1.7921024373579946,2.302585092994046,2.031077630698168,2015,False,-2.498507916494023,
locally_periodic,13,53935.81075032565,False,240,True,1.7581764966686773,2.302585092994046,2.088459784497636,2015,False,-2.4055147170544244,
locally_periodic,14,53934.440137959784,True,174,True,1.7416293903174067,2.302585092994046,2.08586244659502,2015,True,-2.4117371428061896,
locally_periodic,15,53934.73490924465,True,236,True,1.741189070007025,2.302585092994046,2.082219624535843,2015,True,-2.4118172785929253,
locally_periodic,16,53937.06190709933,True,207,True,1.7098337472979064,2.302585092994046,2.068322659185757,2015,False,-2.421165329574884,
locally_periodic,17,53991.92759823268,False,240,False,1.6675930051856955,2.1625161699614814,2.031077630698168,2015,False,-2.369142961528988,
locally_periodic,18,53934.55627760924,True,175,True,1.7504840411771012,2.302585092994046,2.086695092393652,2015,True,-2.4142871697810557,
locally_periodic,19,53934.674272185,True,161,True,1.7346544306877814,2.302585092994046,2.0803499831167773,2015,True,-2.4142871697810593,
additive,0,53245.83407466006,False,240,False,1.5208722071670726,1.230443909068694,0.7113696354113536,2015,False,1.6285506412772905,-2.5049662806468356
additive,1,53249.58325534624,False,240,False,1.4771131573969523,1.3239864284715765,0.794524655949139,2015,False,1.669475930116809,-2.487291061971881
additive,2,53932.471448678334,False,240,True,-3.6419553060305128,2.302585092994046,1.8047509762933807,2015,False,2.0902153693286665,-2.383872363928656
additive,3,53715.847785063306,False,240,False,-1.3725982859312456,-0.7316117106710719,1.7638654264749403,2015,False,2.3654809617965564,-2.3743507772824026
additive,4,53279.531587267105,False,240,False,1.6288427280309166,1.0937279191721718,0.5128048238487131,2015,False,1.5754771899612918,-2.504966280646833
additive,5,53292.47516629752,False,240,False,1.6469856997369792,1.0711752019858851,0.39987642872282253,2015,False,1.4942857458471146,-2.4975149415236984
additive,6,53507.187649534215,False,240,False,1.0843062887352584,1.7269388197455346,1.3949495848939613,2015,False,1.9356350334280181,-2.355128620905144
additive,7,55160.20823020207,False,240,False,1.8235493681918817,0.6612036220379649,-0.8472559689275359,2015,False,0.6144248535994716,-2.95836183497572
additive,8,53279.18284195832,False,240,False,1.414106156533417,1.5391707735800224,0.964651596357959,2015,False,1.7422564991833953,-2.486794445074443
additive,9,53727.3512324374,False,240,False,-1.1335968360490218,-0.6572128946960478,1.747448496722487,2015,False,2.358821102416207,-2.412852102663927
additive,10,53853.45401650034,False,240,False,-2.2155796192052506,-1.9742624323243554,1.7794764134090826,2015,False,2.1562361547349456,-5.006509269326125
additive,11,53257.72538844942,False,240,False,1.5630670224699272,1.141839597987636,0.5715258390456897,2015,False,1.5836929216430746,-2.5001520477433625
additive,12,53270.1979182785,False,240,False,1.5937649643656777,1.093727919172172,0.5042933821966269,2015,False,1.5617448802037421,-2.4633876893215954
additive,13,53279.921396801845,False,240,False,1.3949495848939617,1.4103333694588531,0.9578560515376797,2015,False,1.7288719906789376,-2.4397980429460073
additive,14,53292.031747228626,False,240,False,1.5633230439447519,0.97859866452247,0.5106984777846882,2015,False,1.5861879297205863,-2.4689743600577243
additive,15,53244.791901854485,False,240,False,1.4991102957299378,1.2027887618908673,0.7083054349786374,2015,True,1.6316552979441574,-2.4916048355372897
additive,16,53254.08075279234,False,240,False,1.5952069534056503,1.128628030650406,0.5734791405498989,2015,False,1.5726569547445433,-2.501027291091212
additive,17,53279.136279529324,False,240,False,1.382239586408218,1.439115683121279,0.966983837864028,2015,False,1.7315838930466725,-2.4478407395705615
additive,18,53307.19746998406,False,240,False,1.3819600933142262,1.6487629952650087,0.9645502328995539,2015,False,1.7450190848868339,-2.5308912660149483
additive,19,53250.40401011058,False,240,False,1.5309812764675312,1.2088571738218739,0.6573970150306446,2015,False,1.6043352834758964,-2.5187091101099615
se,0,58245.06348884238,True,133,False,1.5951183580801047,1.3821055457134883,-2.0492803595609854,2016,False,,
se,1,58260.00370155249,False,240,False,1.6384175763192996,1.3998496008850874,-2.049280359560991,2016,False,,
se,2,58244.236155187304,True,133,False,1.5791905593357196,1.3792357551398846,-2.0355267208057213,2016,True,,
se,3,58244.3425202847,True,121,False,1.5821901907490894,1.3821503613499615,-2.0307514564825477,2016,True,,
se,4,58243.97253612096,True,109,False,1.5915502817408154,1.3830035898380129,-2.038016605370285,2016,True,,
se,5,58244.7539699957,True,121,False,1.5766090945967486,1.379537532675319,-2.031196847751945,2016,False,,
se,6,58246.35192477871,False,240,False,1.5622422217787404,1.3746213535232097,-2.049280359560991,2016,False,,
se,7,58244.95882767311,True,149,False,1.5895351742545683,1.3829892584274557,-2.0492803595609828,2016,False,,
se,8,58244.422821594344,True,127,False,1.5799922146137744,1.3797673907893766,-2.0328090383808477,2016,True,,
se,9,58244.27524386509,True,139,False,1.584258504460544,1.3855510750574578,-2.031947808702871,2016,True,,
se,10,58249.17535282235,False,240,False,1.5537451236033548,1.3690656223922841,-2.049280359560991,2016,False,,
se,11,58244.78700287457,True,153,False,1.5771294120410886,1.3792709812325734,-2.0492803595609828,2016,False,,
se,12,58244.31536873819,True,109,False,1.582649636973359,1.3838674236361659,-2.0436042875447216,2016,True,,
se,13,58244.30448197538,True,133,False,1.574758410527698,1.3793649092029965,-2.0439988834365157,2016,True,,
se,14,58244.49601657231,True,114,False,1.5771294120410888,1.382279369715377,-2.045206458004361,2016,True,,
se,15,58244.72153822325,True,121,False,1.5911108736814712,1.3819866128600293,-2.030095453158916,2016,False,,
se,16,58244.481533332786,True,127,False,1.582864478632173,1.3786740254874223,-2.0345751712104625,2016,True,,
se,17,58244.036076793665,True,109,False,1.5778447277383265,1.3828785368828345,-2.0361058306836752,2016,True,,
se,18,58244.63734054438,True,115,False,1.592603686829445,1.387646831615296,-2.032419202697069,2016,False,,
se,19,58244.67551470136,True,132,False,1.5951183580801043,1.382419447245138,-2.0465963430014744,2016,False,,
matern32,0,54583.31580931593,True,103,False,1.7570188724312488,2.080366649810928,-2.434666580740535,2016,True,,
matern32,1,54583.607593142064,True,121,False,1.7376047755385937,2.077617599914191,-2.4224928998408783,2016,True,,
matern32,2,54586.41635654427,True,143,False,1.7804088072683886,2.097536954519377,-2.4119968030240884,2016,False,,
matern32,3,54583.535921753595,True,115,False,1.7593272328613252,2.0861797886656124,-2.4262207996138785,2016,True,,
matern32,4,54583.37814482064,True,121,False,1.7576014942830602,2.0814103003864353,-2.421946715348202,2016,True,,
matern32,5,54583.72343686641,True,109,False,1.7454203323958257,2.074917743396392,-2.419720345745126,2016,True,,
matern32,6,54583.26596735783,True,127,False,1.7502554605569656,2.076004191381276,-2.4256025716317176,2016,True,,
matern32,7,54583.809986965905,True,181,False,1.7436946225046428,2.0706141300681975,-2.4397931456505146,2016,False,,
matern32,8,54583.452807965004,True,121,False,1.7477639553125608,2.0825515198162385,-2.424038982983009,2016,True,,
matern32,9,54583.27237011475,True,127,False,1.7412176140206144,2.0761684051207707,-2.4319699458944903,2016,True,,
matern32,10,54583.68727625595,True,115,False,1.7339482621944242,2.0701144064884622,-2.4264766350751334,2016,True,,
matern32,11,54583.441228240685,True,115,False,1.7519634572072158,2.0771567748342217,-2.4224105468109576,2016,True,,
matern32,12,54583.26102446747,True,139,False,1.7546142267066123,2.081460957129799,-2.4220618652542636,2016,True,,
matern32,13,54583.39631773028,True,121,False,1.7422135055740413,2.0749069788603736,-2.4360525104388584,2016,True,,
matern32,14,54583.22002517081,True,115,False,1.7473150016613574,2.074163853549616,-2.429302341062333,2016,True,,
matern32,15,54583.509921094796,True,173,False,1.7433493288874988,2.0779523957934094,-2.4346665807405325,2016,True,,
matern32,16,54585.32832388313,True,115,False,1.778321200049488,2.0896849153575188,-2.438434983281085,2016,False,,
matern32,17,54584.462164034645,True,121,False,1.7245467037632116,2.0655358195897677,-2.433567176755505,2016,False,,
matern32,18,54583.729448927304,True,91,False,1.7587699614376364,2.083941754432994,-2.4353818269925522,2016,True,,
matern32,19,54583.61092616283,True,190,False,1.7637661004949408,2.0811999087118576,-2.434666580740536,2016,True,,
matern52,0,55482.99542181371,True,121,False,1.6850630882751851,1.7846325351343653,-2.2533083590089826,2016,True,,
matern52,1,55483.854573194534,True,121,False,1.6713941477661478,1.7865698058527772,-2.2439333274011495,2016,False,,
matern52,2,55483.76293251323,True,133,False,1.6660471459561152,1.780455830996263,-2.2499155157741253,2016,False,,
matern52,3,55483.364277969915,True,139,False,1.691181089926168,1.7886736788685058,-2.2597196462214733,2016,True,,
matern52,4,55483.454370625506,True,109,False,1.6761636097115185,1.784632535134365,-2.2617004814291626,2016,True,,
matern52,5,55484.50832514637,True,109,False,1.6762599073991862,1.778335830650882,-2.269721136721972,2016,False,,
matern52,6,55483.99081189962,True,133,False,1.7021215222651955,1.7940450891191972,-2.250170046227666,2016,False,,
matern52,7,55483.50022783994,True,121,False,1.6855881718405175,1.7846109273895996,-2.247079533522045,2016,True,,
matern52,8,55483.18608598139,True,115,False,1.6801457829192548,1.7889971555536797,-2.250867483093148,2016,True,,
matern52,9,55483.722240273935,True,115,False,1.6859142728222132,1.780735548139613,-2.2627807022440853,2016,False,,
matern52,10,55483.526694232045,True,103,False,1.6816305807374843,1.7799333643457358,-2.260532628692691,2016,True,,
matern52,11,55483.84159060169,True,133,False,1.695557841442029,1.7893006113180085,-2.262380463271672,2016,False,,
matern52,12,55484.024965195465,True,121,False,1.6660369000491495,1.7783868525797926,-2.263137070404447,2016,False,,
matern52,13,55483.79758282358,True,127,False,1.6803695764295299,1.783600882492101,-2.244492503028749,2016,False,,
matern52,14,55483.359385395066,True,121,False,1.6831217877552764,1.789308150068003,-2.2454181800743878,2016,True,,
matern52,15,55483.55499962774,True,149,False,1.6706263895219224,1.7791894364883651,-2.25330835900898,2016,False,,
matern52,16,55483.478234897586,True,121,False,1.670816161370435,1.779765734062853,-2.2529165800571365,2016,True,,
matern52,17,55483.17180817933,True,121,False,1.6810031738958007,1.7820609237170146,-2.25357524531566,2016,True,,
matern52,18,55483.39712602159,True,139,False,1.678488500833614,1.7854567559788561,-2.261463562339255,2016,True,,
matern52,19,55483.899680373244,True,145,False,1.7014271863888917,1.7927693301035972,-2.2554866855872886,2016,False,,
periodic,0,63016.60971434535,True,97,False,1.6490851961971529,0.12232483306530892,-1.6638941383814356,2016,False,,
periodic,1,63015.7163501362,True,115,False,1.6639335555463532,0.12411474956382818,-1.6818167897854643,2016,True,,
periodic,2,63015.75697935807,True,121,False,1.6686048571066012,0.1271474388860474,-1.6806723405502764,2016,True,,
periodic,3,63016.69065147909,True,207,False,1.6595256525004538,0.11792361213641953,-1.686563916097881,2016,False,,
periodic,4,63015.45006545807,True,145,False,1.6596390290697922,0.1255592351129584,-1.6684887663361394,2016,True,,
periodic,5,63015.290255299245,True,115,False,1.6619537216378333,0.12321703876598761,-1.6760701069285782,2016,True,,
periodic,6,63016.58426954641,True,127,False,1.6526666375925008,0.12690044729506753,-1.6617670314535773,2016,False,,
periodic,7,63016.40545116065,True,172,False,1.6500368057446861,0.12422025185097627,-1.663894138381433,2016,False,,
periodic,8,63015.30188800943,True,121,False,1.6619838370488749,0.1277585391053562,-1.6707329665798065,2016,True,,
periodic,9,63015.48763126771,True,127,False,1.654463257920398,0.12313213307595147,-1.6705765247718314,2016,True,,
periodic,10,63015.97451291881,True,145,False,1.6740446147351329,0.1261195416931456,-1.6812211235851027,2016,False,,
periodic,11,63015.53804734822,True,127,False,1.6525569874795711,0.12379970254236834,-1.677211990563045,2016,True,,
periodic,12,63015.85008570931,True,127,False,1.6515020642898712,0.12232483306530847,-1.6682689105553388,2016,True,,
periodic,13,63016.92758956211,True,139,False,1.6442881585034443,0.11552669806267388,-1.6844914537865017,2016,False,,
periodic,14,63015.3877529148,True,139,False,1.6550372590797489,0.1257479997420017,-1.6737705270205716,2016,True,,
periodic,15,63015.40299098083,True,139,False,1.6617248164088492,0.12340550454993043,-1.6787985621270276,2016,True,,
periodic,16,63015.35787194595,True,145,False,1.660485368655763,0.12410107283807426,-1.6705917840615847,2016,True,,
periodic,17,63015.67196163439,True,121,False,1.6575851646030653,0.12278525855059037,-1.6685084813901907,2016,True,,
periodic,18,63015.2990423339,True,115,False,1.657680856874134,0.12595699116821843,-1.6743190646935262,2016,True,,
periodic,19,63015.55281032383,True,127,False,1.6566905609338283,0.12778357959462086,-1.6688796261804884,2016,True,,
locally_periodic,0,54600.27978995364,True,203,True,1.757018872431249,2.302585092994046,2.0885814863297214,2016,False,-2.434666580740535,
locally_periodic,1,54667.090349914826,False,240,False,1.6790772511242662,1.6118095650958324,2.0579440058066805,2016,False,-2.411996803024092,
locally_periodic,2,54660.82810648943,False,240,False,1.606700671266974,1.9141937880312085,2.0310776306981664,2016,False,-2.411996803024092,
locally_periodic,3,54679.211448245274,False,240,False,1.7007498987594483,1.5542449377709804,2.0967963228485162,2016,False,-2.353357869166663,
locally_periodic,4,54601.60421045049,False,240,True,1.7271988419291597,2.302585092994046,2.0734060842606747,2016,False,-2.411976446457342,
locally_periodic,5,54600.77354904672,True,185,True,1.7208966506067587,2.302585092994046,2.0739982078873394,2016,False,-2.4185807866556375,
locally_periodic,6,55932.697069318514,False,240,False,1.6528031891426787,0.33362585160158553,2.885420628652682,2016,False,-2.0492803595609863,
locally_periodic,7,54599.634720970615,True,150,True,1.7540003891245661,2.302585092994046,2.0841315697233163,2016,True,-2.428187174999555,
locally_periodic,8,54600.34822036904,True,150,True,1.7422553013360869,2.302585092994046,2.0896285670010966,2016,False,-2.4119968030240893,
locally_periodic,9,54600.417390733055,True,145,True,1.7298955078906124,2.302585092994046,2.0821178532198528,2016,False,-2.4131166989833344,
locally_periodic,10,54600.28323670251,True,217,True,1.7647782414750448,2.302585092994046,2.0912875219002527,2016,False,-2.42980736998389,
locally_periodic,11,54600.030447121986,True,231,True,1.740905008906321,2.302585092994046,2.0827595759292947,2016,True,-2.434666580740536,
locally_periodic,12,54599.66818667567,True,209,True,1.7443297501313317,2.302585092994046,2.0791441207357164,2016,True,-2.4305394319608467,
locally_periodic,13,54600.330083653935,True,207,True,1.7283085601360375,2.302585092994046,2.072822672950503,2016,False,-2.432307247320625,
locally_periodic,14,54600.01924097636,True,189,True,1.7481117576342453,2.302585092994046,2.083075240679791,2016,True,-2.415326479604907,
locally_periodic,15,54599.73867265428,True,206,True,1.7366065164420723,2.302585092994046,2.077308477682086,2016,True,-2.431307374056471,
locally_periodic,16,54599.747942758775,True,214,True,1.7584122332170307,2.302585092994046,2.0872422649867994,2016,True,-2.4226200240066538,
locally_periodic,17,54599.557280047724,True,233,True,1.749860193471217,2.302585092994046,2.088944941083717,2016,True,-2.419565455262462,
locally_periodic,18,54599.54092049709,True,172,True,1.7507899047425592,2.302585092994046,2.0828307708130156,2016,True,-2.427526380715504,
locally_periodic,19,54600.62588642634,True,190,True,1.7281707751888193,2.302585092994046,2.0799875314756013,2016,False,-2.4119968030240884,
additive,0,53899.31126325547,False,240,False,1.5231625739240409,1.230443909068694,0.7316489482073378,2016,True,1.636765477796084,-2.5026759138898673
additive,1,54457.40645955479,False,240,False,1.840041553903581,0.8611777745247606,-0.2801520088352243,2016,False,1.1761112903511042,-2.5933550247556405
additive,2,53903.70403168828,False,240,False,1.5257078138002313,1.180948656769553,0.6776821100902904,2016,False,1.5954861213819715,-2.51134674135889
additive,3,54480.541873156355,False,240,False,1.764977915601739,0.8634694098727671,-0.181763232527766,2016,False,1.1080393236470703,-2.593355024755641
additive,4,54023.98430661266,False,240,False,1.6095208550070101,0.9831855855714031,0.30045434068379945,2016,False,1.4542316391698786,-2.59335502475564
additive,5,53955.59249348832,False,240,False,1.640815687600792,1.105469662905413,0.5163707142187963,2016,False,1.5554579002541835,-2.4119968030240884
additive,6,54382.858949389076,False,240,False,1.9728862248994412,0.9210340371976182,-0.1515104469276679,2016,False,1.292123235103785,-2.4119968030240884
additive,7,53914.424078243304,False,240,False,1.5911737222340434,1.1800748601594488,0.5706667794031112,2016,False,1.5595835339062867,-2.5340665547810426
additive,8,54508.31312478162,True,181,False,-2.8554319173326634,-1.7839423109568338,1.7666324236318771,2016,False,2.141080799251286,-2.9058157263347777
additive,9,53926.13750000295,False,240,False,1.6285752437517085,1.1278785034510903,0.5165476277984236,2016,False,1.5300610211729277,-2.5491918485182863
additive,10,54753.15244555882,False,240,True,-2.7761955294007783,2.302585092994046,2.0468005939330776,2016,False,2.223915188126167,-2.3751472285622497
additive,11,54546.23233515264,False,240,False,-0.40165465225066865,-0.46051701859880934,1.6151071914825754,2016,False,2.4754556703462987,-2.347474482133638
additive,12,54425.37235590522,False,240,False,-0.8863463029847127,-0.6010738142065476,1.733846750097922,2016,False,2.3980072725705908,-2.3826811250538213
additive,13,54409.94070994243,False,240,False,-0.9773009254991801,-0.6044285869109373,1.6942627567027169,2016,False,2.3442089640890647,-2.4249625096012637
additive,14,54517.44076613008,False,240,False,-2.848151313556843,-1.9284150153825137,1.7166238276408639,2016,False,2.103302808610751,-3.092090134517412
additive,15,54613.38728476339,False,240,False,-0.18921025895441324,-0.40683576051090975,1.5914789101247315,2016,False,2.5293882066615305,-2.3392301884406907
additive,16,53917.33100002038,False,240,False,1.5763752899303947,1.0937279191721723,0.635815366879447,2016,False,1.5720010860282592,-2.536941947375743
additive,17,53907.47805118709,False,240,False,1.5771294120410895,1.13690138966581,0.5863346789371441,2016,False,1.581993979553602,-2.498150884454319
additive,18,53983.529760099365,False,240,False,1.253328383338802,1.9571973290449385,1.120667009910197,2016,False,1.7886678622226746,-2.4537102087657146
additive,19,53979.56178685132,False,240,False,1.2533283833388018,1.8708503880576624,1.1268050812143962,2016,False,1.7898227904720412,-2.5026759138898647
se,0,58896.65857787809,True,121,False,1.577589813404582,1.3821055457134883,-2.0488199581974915,2017,True,,
se,1,58897.13467430576,True,115,False,1.5823166262293953,1.386743356193895,-2.036369915426226,2017,False,,
se,2,58896.83521423592,True,97,False,1.5813258634323941,1.3772534739046034,-2.05017846997444,2017,True,,
se,3,58898.12115530037,True,115,False,1.5737244657772629,1.3749858120155245,-2.0576474019511646,2017,False,,
se,4,58897.67057885328,True,97,False,1.5967994966425985,1.3854782280308173,-2.0524492515444264,2017,False,,
se,5,58896.82524833211,True,115,False,1.5913077189738785,1.381377602714613,-2.0393525372839774,2017,True,,
se,6,58896.366566014534,True,97,False,1.5882068722884146,1.3840102629956939,-2.043076535372052,2017,True,,
se,7,58896.67186253446,True,127,False,1.5834128662363842,1.3803211635248653,-2.0396744677965617,2017,True,,
se,8,58897.592575322546,True,126,False,1.5955787594435975,1.3834254722930786,-2.0546824522209857,2017,False,,
se,9,58896.42842150781,False,240,False,1.580718891378174,1.3806148539073928,-2.0488199581974973,2017,True,,
se,10,58896.62502452434,True,139,False,1.5775898134045816,1.3819511377351674,-2.039513113797693,2017,True,,
se,11,58896.65456473891,True,133,False,1.5801945844686371,1.3848898565124175,-2.0425027350430764,2017,True,,
se,12,58896.44337185945,True,137,False,1.582345799401052,1.381960977521371,-2.048819958197489,2017,True,,
se,13,58896.72658850441,True,132,False,1.5775898134045814,1.3781374066871133,-2.0499864647211794,2017,True,,
se,14,58896.71086807285,True,126,False,1.585837554424752,1.384315376348166,-2.04881995819749,2017,True,,
se,15,58932.0990020412,False,240,False,1.6893180731350248,1.388575369476264,-2.0488199581974973,2017,False,,
se,16,58897.529854253866,True,109,False,1.59005084781891,1.3800438390909235,-2.057187474690825,2017,False,,
se,17,58896.801999412055,True,166,False,1.5955787594435975,1.3831233379951966,-2.048819958197489,2017,True,,
se,18,58896.81640661713,True,178,False,1.5955787594435975,1.3833823152160734,-2.048819958197489,2017,True,,
se,19,58896.99627809029,True,127,False,1.5872951918000076,1.3816099285073153,-2.0363441238412308,2017,False,,
matern32,0,55173.43619823435,True,97,False,1.757479273794742,2.0803666498109283,-2.4342061793770413,2017,True,,
matern32,1,55173.720454013375,True,133,False,1.7550921419454122,2.075627763985648,-2.443592226929526,2017,True,,
matern32,2,55173.71665094656,True,188,False,1.7601658294502864,2.0861445923484987,-2.434206179377042,2017,True,,
matern32,3,55174.763996878755,True,127,False,1.7529418213422734,2.0868211196085493,-2.4205965704902503,2017,False,,
matern32,4,55173.79406044491,True,121,False,1.7615321193880704,2.084307088697483,-2.4418659726106955,2017,True,,
matern32,5,55173.40888344635,True,127,False,1.7502126398609665,2.0787527491068647,-2.431371899385292,2017,True,,
matern32,6,55174.02621832403,True,157,False,1.7631067039965977,2.083792939386867,-2.427742625730435,2017,False,,
matern32,7,55173.74863492638,True,127,False,1.7408025008749457,2.0707423066986577,-2.44317457908719,2017,True,,
matern32,8,55174.030707749975,True,157,False,1.7555140389875377,2.0798347769698298,-2.4485536150328855,2017,False,,
matern32,9,55173.83590708001,True,127,False,1.7347428988921174,2.0735754888630034,-2.44113682851363,2017,True,,
matern32,10,55173.98313291491,True,133,False,1.7417078517406857,2.0774626521511785,-2.4256862599177462,2017,False,,
matern32,11,55173.50227344582,True,144,False,1.74245799641283,2.0739622042001913,-2.4342061793770395,2017,True,,
matern32,12,55173.45608657003,True,149,False,1.7413728162677147,2.0746116454108128,-2.4342061793770386,2017,True,,
matern32,13,55173.47265387613,True,143,False,1.7564247450494135,2.0837647435440454,-2.4342061793770378,2017,True,,
matern32,14,55173.926427821556,True,161,False,1.7634291180762713,2.0877290389271557,-2.4342061793770386,2017,True,,
matern32,15,55173.435893677546,True,121,False,1.758889315119111,2.081370250239677,-2.4348985987374525,2017,True,,
matern32,16,55174.007016780764,True,143,False,1.7686094082880712,2.087335523905896,-2.4342061793770386,2017,False,,
matern32,17,55174.96855191632,True,127,False,1.773893575104202,2.0885921141611505,-2.445305942749156,2017,False,,
matern32,18,55174.05016895379,True,145,False,1.7639885758243259,2.086531312505148,-2.42745014689907,2017,False,,
matern32,19,55173.63814083914,True,145,False,1.752689872777876,2.0811999699030346,-2.4429334710394146,2017,True,,
matern52,0,56088.405137337264,True,121,False,1.6855234896386782,1.7846325351343653,-2.2528479576454887,2017,False,,
matern52,1,56087.91784842674,True,139,False,1.6725243444357214,1.7841512893795806,-2.262747648825861,2017,True,,
matern52,2,56087.872712484714,True,109,False,1.6851025200954959,1.7845403030558529,-2.2682822690603457,2017,True,,
matern52,3,56088.3352681368,True,184,False,1.6734959686334068,1.786568846566235,-2.2528479576454896,2017,False,,
matern52,4,56088.347159083976,True,121,False,1.6896414478565618,1.783862972350597,-2.271615810569178,2017,False,,
matern52,5,56088.395223357904,True,173,False,1.6833675108214685,1.7840492030924597,-2.252847957645486,2017,False,,
matern52,6,56088.001953016836,True,115,False,1.6744811938235065,1.7847372191196538,-2.2658870104694593,2017,True,,
matern52,7,56088.13633583275,True,173,False,1.677918669958841,1.7870302929180106,-2.252847957645486,2017,True,,
matern52,8,56089.11744052937,True,161,False,1.6802255034937332,1.7776150789780882,-2.2755177353619302,2017,False,,
matern52,9,56087.75758640074,True,139,False,1.6749903005754812,1.7841294813380006,-2.2604089831798495,2017,True,,
matern52,10,56088.30298497711,True,127,False,1.697988930029589,1.7908193212883798,-2.2642153821397164,2017,True,,
matern52,11,56088.30688835275,True,179,False,1.683126864074698,1.7845091542719667,-2.252847957645485,2017,True,,
matern52,12,56088.17083726203,True,115,False,1.6934807804501948,1.7904666447946445,-2.2544500433350247,2017,True,,
matern52,13,56087.901608586224,True,133,False,1.674302229808548,1.7855465453294543,-2.261960700456515,2017,True,,
matern52,14,56087.927880254916,True,133,False,1.6892271176197293,1.7899437380943102,-2.255941249536283,2017,True,,
matern52,15,56088.16065881247,True,115,False,1.66879756826303,1.7809266990710293,-2.265712568410637,2017,True,,
matern52,16,56089.160024828816,True,142,False,1.6798520029494166,1.7773181177623982,-2.2755177353619302,2017,False,,
matern52,17,56088.11519224081,True,201,False,1.6836654245667462,1.7894101969778604,-2.2528479576454896,2017,True,,
matern52,18,56088.24834479917,True,132,False,1.6808481765056993,1.789828747451607,-2.2528479576454896,2017,True,,
matern52,19,56088.07336243748,True,173,False,1.6830708650160766,1.788543347317347,-2.252847957645486,2017,True,,
periodic,0,63733.04502626305,True,103,False,1.6675345435996618,0.12232483306530892,-1.686103514734386,2017,True,,
periodic,1,63732.92034514353,True,155,False,1.6619903012166959,0.12172651913892012,-1.6861035147343832,2017,True,,
periodic,2,63733.47582818188,True,145,False,1.6709672869392174,0.12802056532067205,-1.6691207920916755,2017,False,,
periodic,3,63733.642854226084,True,103,False,1.6629187647263062,0.12763671220667705,-1.6671728393242269,2017,False,,
periodic,4,63732.834814292946,True,103,False,1.6717287948597774,0.12652699245502297,-1.6836219493043365,2017,True,,
periodic,5,63732.92697924942,True,139,False,1.6612403064340926,0.12952041148091487,-1.6725638196985988,2017,True,,
periodic,6,63732.7793437379,True,121,False,1.6672661957771413,0.12620294292872958,-1.6845641594848213,2017,True,,
periodic,7,63732.86632201537,True,127,False,1.6680082320230318,0.12266349929042998,-1.6832503609078646,2017,True,,
periodic,8,63737.21408484706,False,240,False,1.6582938488081123,0.10771731270302076,-1.6861035147343917,2017,False,,
periodic,9,63732.59224957778,True,109,False,1.6631496147171005,0.1281397277145894,-1.6796663716760996,2017,True,,
periodic,10,63733.21307486606,True,133,False,1.6582065399826555,0.12590877103382087,-1.6870914741587817,2017,False,,
periodic,11,63758.079858051045,False,240,False,1.5742623409013072,0.08579316334719345,-1.6861035147343917,2017,False,,
periodic,12,63732.72497339252,True,150,False,1.6675345435996611,0.12653970231751024,-1.674614519796446,2017,True,,
periodic,13,63732.861557605385,True,127,False,1.6653107608615523,0.12744874318003044,-1.6846047309517982,2017,True,,
periodic,14,63732.96353918305,True,145,False,1.6675345435996618,0.12688943041758613,-1.6721448867527295,2017,True,,
periodic,15,63732.53448862761,True,103,False,1.6635467842084213,0.12780416514186765,-1.6781608026479922,2017,True,,
periodic,16,63733.591737561816,True,133,False,1.6464328894291336,0.12003638423607355,-1.6741130593903106,2017,False,,
periodic,17,63733.01991467005,True,133,False,1.667890272811367,0.12657361162226655,-1.6720066236276516,2017,True,,
periodic,18,63732.65845440951,True,121,False,1.6576115209492384,0.12711528469857258,-1.6767754922461762,2017,True,,
periodic,19,63735.64751108066,False,240,False,1.671973923992253,0.11423389878573129,-1.6861035147343917,2017,False,,
locally_periodic,0,55190.01005776599,True,210,True,1.757479273794742,2.302585092994046,2.0885814863297214,2017,True,-2.4342061793770413,
locally_periodic,1,55189.87612631529,True,190,True,1.745506992479095,2.302585092994046,2.0864790392167163,2017,True,-2.4342061793770386,
locally_periodic,2,55190.55091998482,True,156,True,1.752949622137368,2.302585092994046,2.0861742110063126,2017,False,-2.444182165468161,
locally_periodic,3,55189.92515703451,True,210,True,1.748132006383728,2.302585092994046,2.082090260929665,2017,True,-2.4316719996116287,
locally_periodic,4,55190.967626555415,True,210,True,1.7640362152055429,2.302585092994046,2.087970715431686,2017,False,-2.4432763193870315,
locally_periodic,5,55189.91374348295,True,151,True,1.7455890054953735,2.302585092994046,2.0876912319663097,2017,True,-2.4293244791068784,
locally_periodic,6,55190.508205318925,True,179,True,1.7542948839579706,2.302585092994046,2.088091614607186,2017,False,-2.4422651853523925,
locally_periodic,7,55204.303575294514,False,240,True,1.6855234896386766,2.302585092994046,2.041105435602668,2017,False,-2.4554390153718346,
locally_periodic,8,55190.40593202831,True,240,True,1.7372095904736444,2.302585092994046,2.0821534316623582,2017,False,-2.441295527217213,
locally_periodic,9,55190.03630312292,True,240,True,1.751145424617828,2.302585092994046,2.089286901812257,2017,True,-2.434206179377042,
locally_periodic,10,55193.78864155378,False,240,True,1.7571079984806381,2.302585092994046,2.096463942671756,2017,False,-2.4470788034548345,
locally_periodic,11,55189.7841625701,True,231,True,1.739754509102913,2.302585092994046,2.0809265593914312,2017,True,-2.434206179377042,
locally_periodic,12,55362.06606265824,False,240,False,1.6070728058468178,1.329087696818591,2.0310776306981686,2017,False,-2.4115364016605945,
locally_periodic,13,55264.555673538984,False,240,False,1.6040942893416075,2.1871075065558703,2.0310776306981677,2017,False,-2.5036197319784166,
locally_periodic,14,55190.21314024498,True,240,True,1.7411693174015428,2.302585092994046,2.0774175158112387,2017,True,-2.440032112751484,
locally_periodic,15,55189.974952800396,True,181,True,1.7349811125127321,2.302585092994046,2.078579522358241,2017,True,-2.432544875766518,
locally_periodic,16,56202.73748026241,False,240,False,1.6555807477382616,0.4475116837334019,2.556827167900946,2017,False,-2.230178179929045,
locally_periodic,17,55190.10795304272,True,165,True,1.7389433068666955,2.302585092994046,2.0825911661784007,2017,True,-2.4245797058562375,
locally_periodic,18,55189.976555385954,False,240,True,1.7492703594377974,2.302585092994046,2.081722698076956,2017,True,-2.4342061793770386,
locally_periodic,19,55193.849919001135,False,240,True,1.7676904492784937,2.302585092994046,2.1053572939545724,2017,False,-2.429150356969941,
additive,0,54476.87758330825,False,240,False,1.523622975287534,1.2376394874843002,0.7321093495708308,2017,True,1.636765477796084,-2.5022155125263734
additive,1,54509.44216589823,False,240,False,1.4367612406438388,1.439115683121279,0.8303176691113454,2017,False,1.708085514773299,-2.4874026318300597
additive,2,54507.145668927566,False,240,False,1.625624756103117,1.0686753621093494,0.5010695741103054,2017,False,1.535787214127843,-2.5482164547155275
additive,3,54560.56903098273,False,240,False,1.6928920268716616,1.0184424244733539,0.33164671488884967,2017,False,1.467324540617535,-2.479661728002421
additive,4,54934.69458695901,False,240,False,0.94769321616317,2.0893918234292417,1.478157491745487,2017,False,2.0313748820835604,-2.29128561676825
additive,5,55045.97426052038,False,240,False,-0.775091919872551,-0.5236138448788416,1.6794958710749377,2017,False,2.425389783600252,-2.352698032858532
additive,6,54594.436165474035,False,240,False,1.1818330005462307,2.187455838344344,1.1953728734233515,2017,False,1.827812636553766,-2.5249702469107937
additive,7,56491.44196033069,False,240,False,-1.726947233454248,-1.7422431580777809,2.639972733576451,2017,False,2.5844309140553,-7.126850166680969
additive,8,54488.34385602644,False,240,False,1.571809647946097,1.1384671128477308,0.5778510948537204,2017,False,1.5753687191692216,-2.487140607272565
additive,9,54507.18080361205,False,240,False,1.6378804980107056,1.1132436049581669,0.47622499118086936,2017,False,1.5257504697970632,-2.5335947571740087
additive,10,55214.22242636033,False,240,False,-1.996816204769794,-1.8996327017200874,1.679397186186536,2017,False,2.1721123650734393,-7.4895666101440685
additive,11,54658.22054292487,False,240,False,1.7608637301270438,0.9828473574797146,0.16603137099842005,2017,False,1.3476659454717295,-2.5928946233921484
additive,12,54479.95144103673,False,240,False,1.5914739026273745,1.2088571738218739,0.664707321925216,2017,False,1.6135360748887713,-2.511485171801523
additive,13,54553.75670489036,False,240,False,1.4065901260421116,1.7269388197455346,1.0287883070462895,2017,False,1.7157616187642017,-2.5611184393402833
additive,14,54972.050313938424,False,240,False,-1.120752092447815,-0.6610899804364871,1.7483382883408016,2017,False,2.352152046347506,-2.4443400203307646
additive,15,55404.13403045171,False,240,False,0.4713680569890123,-0.23680945199666592,1.544688694712983,2017,False,3.200423190924307,-2.223934161398217
additive,16,54498.00186813854,False,240,False,1.5416119213265507,1.1225102328345975,0.5842088883643127,2017,False,1.6023754089745392,-2.4623580630327613
additive,17,54900.88540998008,False,240,False,1.8294350579508063,0.9210340371976182,-0.1521712523599677,2017,False,1.2149543436827928,-2.5928946233921466
additive,18,55109.10638984729,False,240,False,-2.6318235597251576,-2.0147619563697905,1.738866322703731,2017,False,2.1043146912592,-3.532400293419495
additive,19,54481.42592486533,False,240,False,1.549160601434177,1.2115398004847682,0.6731866029651645,2017,False,1.594506903027263,-2.51486679669062
se,0,59571.22385467759,True,133,False,1.5931889415298388,1.3821055457134883,-2.051209776111251,2018,True,,
se,1,59571.43557770272,True,121,False,1.5768096309699837,1.3803520875734292,-2.0568312664255277,2018,True,,
se,2,59571.235744948324,True,237,False,1.5796387990025755,1.3832635668351598,-2.0512097761112544,2018,True,,
se,3,59571.48763114328,True,109,False,1.5792330114471445,1.3848987628362492,-2.047432954780763,2018,True,,
se,4,59571.87094247985,True,115,False,1.5931889415298388,1.3842242347019715,-2.0555771207969045,2018,False,,
se,5,59570.97848757441,True,201,False,1.5819283877101507,1.3822305658633787,-2.051209776111253,2018,True,,
se,6,59571.89938172721,True,109,False,1.5773145336025596,1.3819709915418528,-2.0580356511439764,2018,False,,
se,7,59571.38675358318,True,120,False,1.5931889415298386,1.3831633047548428,-2.0528449809080547,2018,True,,
se,8,59571.43213355228,True,127,False,1.5723675248147446,1.376667928398852,-2.050722280365172,2018,True,,
se,9,59571.24547240122,True,109,False,1.5765260215312213,1.3826949569406946,-2.0449340791936215,2018,True,,
se,10,59571.33284998227,True,121,False,1.585471959617381,1.3831787564163083,-2.041875985800049,2018,True,,
se,11,59572.743363746304,True,97,False,1.5839972174872354,1.3756192131868046,-2.0651395935659997,2018,False,,
se,12,59571.77683709405,True,109,False,1.5878367792826533,1.3763014907302962,-2.0575451224218386,2018,False,,
se,13,59571.885922462,True,139,False,1.588955505770967,1.3820999020403344,-2.0592200760482338,2018,False,,
se,14,59571.659962387435,True,103,False,1.5753739238341449,1.378890558385283,-2.042443302512123,2018,False,,
se,15,59580.243436294,False,240,False,1.6138645060158638,1.3977635556633998,-2.051209776111258,2018,False,,
se,16,59571.3837595005,True,97,False,1.5932078437289336,1.3813975756545134,-2.054486374365614,2018,True,,
se,17,59571.97462393416,True,133,False,1.5751999954908225,1.3786980868675902,-2.040793700219923,2018,False,,
se,18,59571.422984545185,True,115,False,1.588884634738625,1.385100940319991,-2.0501168073115337,2018,True,,
se,19,59570.912174964855,True,127,False,1.5803005137796151,1.3808231382291707,-2.051827826021782,2018,True,,
matern32,0,55798.65754204143,True,97,False,1.755089455880983,2.072151813292135,-2.4592657750072444,2018,False,,
matern32,1,55797.80028186238,True,121,False,1.7356000364295365,2.069629785040584,-2.451023253376764,2018,True,,
matern32,2,55797.86088538662,True,171,False,1.7434301858089296,2.0794755321196483,-2.436595997290803,2018,True,,
matern32,3,55798.10171596241,True,145,False,1.7629336149206305,2.078454078511619,-2.452518785838222,2018,False,,
matern32,4,55797.60203270232,True,121,False,1.7568559764962417,2.0781329993911037,-2.441865157335516,2018,True,,
matern32,5,55798.38261243042,True,115,False,1.7654609291175494,2.0803603364126704,-2.4545754863381735,2018,False,,
matern32,6,55798.129583175105,True,139,False,1.7323816935738203,2.06850489307537,-2.4533719601200317,2018,False,,
matern32,7,55798.81820360578,True,133,False,1.7724163382531755,2.087863369150897,-2.4361581990850047,2018,False,,
matern32,8,55798.22089964601,True,115,False,1.7500216513832485,2.08259792407279,-2.4320560123778865,2018,False,,
matern32,9,55797.63474680793,True,109,False,1.760069766082355,2.081835380218936,-2.441750528154299,2018,True,,
matern32,10,55797.58525285023,True,103,False,1.736441930648658,2.072481278624732,-2.4444378145300303,2018,True,,
matern32,11,55797.542314269915,True,133,False,1.7562205586354493,2.0771123854406572,-2.448110555684178,2018,True,,
matern32,12,55797.73013666102,True,149,False,1.7516720672900588,2.081574887830484,-2.4365959972907985,2018,True,,
matern32,13,55798.480413320394,True,91,False,1.7603480532871179,2.0760429090654875,-2.4576531166967244,2018,False,,
matern32,14,55797.6178648052,True,109,False,1.743870495433628,2.073480829030816,-2.4525612407944575,2018,True,,
matern32,15,55797.58887453202,True,199,False,1.7362962920909275,2.0721518132921366,-2.444872181820011,2018,True,,
matern32,16,55798.63059618375,True,157,False,1.7668616170132707,2.088581486329722,-2.435021635325877,2018,False,,
matern32,17,55797.66693348056,True,121,False,1.7548090054755638,2.076156317860135,-2.4422178227281632,2018,True,,
matern32,18,55797.425898881476,True,133,False,1.7420733971464621,2.072738423752045,-2.4445875875418617,2018,True,,
matern32,19,55798.18407315429,True,121,False,1.7550568766894128,2.0807357724317246,-2.45437184983221,2018,False,,
matern52,0,56723.309413065625,True,115,False,1.6831336717249192,1.7846325351343653,-2.277907553275692,2018,True,,
matern52,1,56723.08031969774,True,115,False,1.6865365180277374,1.785361699699436,-2.2605658357782095,2018,True,,
matern52,2,56723.33416493192,True,142,False,1.6831336717249186,1.778943708900606,-2.27790755327569,2018,True,,
matern52,3,56723.33644756545,True,103,False,1.6770899554055991,1.7879890200027844,-2.26012017085086,2018,True,,
matern52,4,56723.207365039125,True,115,False,1.6722446687817494,1.7816703874968451,-2.2606793794396034,2018,True,,
matern52,5,56722.87704923352,True,133,False,1.6882230031532326,1.7866221582761772,-2.263010796746011,2018,True,,
matern52,6,56723.647145737166,True,161,False,1.6944769684019192,1.7863530064256665,-2.27790755327569,2018,False,,
matern52,7,56722.976609050515,True,145,False,1.672564890571775,1.7784978416823636,-2.2739380876696367,2018,True,,
matern52,8,56723.09799424397,True,157,False,1.672544073329462,1.781811792464248,-2.275072654143794,2018,True,,
matern52,9,56723.321580857984,True,109,False,1.6736625359888557,1.7808981261569234,-2.2782509520755863,2018,True,,
matern52,10,56723.36601134506,True,149,False,1.6849444713750863,1.7852797229724982,-2.27790755327569,2018,True,,
matern52,11,56724.123962168494,True,145,False,1.6632331792021717,1.7800679893757696,-2.2580261348499775,2018,False,,
matern52,12,56723.36357142424,True,121,False,1.685225570470566,1.7834272175002779,-2.2596504438974963,2018,True,,
matern52,13,56723.77326083761,True,121,False,1.6994815910534031,1.7917166139237328,-2.2611292931597022,2018,False,,
matern52,14,56722.99392082282,True,139,False,1.6731685790368227,1.7785033529343255,-2.2675843659638235,2018,True,,
matern52,15,56722.882388589314,True,109,False,1.6900729824801284,1.7847544403728877,-2.2724322500880336,2018,True,,
matern52,16,56723.36989491875,True,133,False,1.679058507899775,1.7850583465125456,-2.2766938721817875,2018,True,,
matern52,17,56723.43634928165,True,154,False,1.6831336717249186,1.7783104089520985,-2.27790755327569,2018,True,,
matern52,18,56723.19897433615,True,155,False,1.6743473228191896,1.779789781445429,-2.27790755327569,2018,True,,
matern52,19,56723.46568228597,True,155,False,1.6922046196607043,1.7833634473176996,-2.27790755327569,2018,False,,
periodic,0,64512.17680762417,True,103,False,1.6651447256859029,0.12232483306530892,-1.6884933326481453,2018,True,,
periodic,1,64511.89252180321,True,115,False,1.6626453461993926,0.12220942265782378,-1.6833814754808343,2018,True,,
periodic,2,64512.28540794591,True,139,False,1.6611786482022974,0.12280386228750326,-1.6901010395777099,2018,True,,
periodic,3,64512.196446687216,True,133,False,1.6515785235797313,0.11926363210537022,-1.6821082184445832,2018,True,,
periodic,4,64511.976553307526,True,121,False,1.6638542937078529,0.12258737746889337,-1.680490726905981,2018,True,,
periodic,5,64512.14165333932,True,115,False,1.654411091443237,0.12512014072185376,-1.6767148403360017,2018,True,,
periodic,6,64512.81039980383,True,115,False,1.651658116755307,0.1211350957379986,-1.6739559988875086,2018,False,,
periodic,7,64512.28878589921,True,230,False,1.6651447256859024,0.12640860747467844,-1.6884933326481475,2018,True,,
periodic,8,64512.77312802187,True,195,False,1.6451784274003707,0.11685912834600848,-1.6884933326481475,2018,False,,
periodic,9,64512.14486909738,True,139,False,1.6566964598273413,0.12455667395222089,-1.6873140437874625,2018,True,,
periodic,10,64512.07962658728,True,151,False,1.6671001795426497,0.1245565673138445,-1.6779619041813176,2018,True,,
periodic,11,64512.73567530315,True,127,False,1.6547342411241286,0.12453496380384171,-1.6720948202382937,2018,False,,
periodic,12,64511.94114919419,True,127,False,1.6628564319235972,0.12807066971646894,-1.681316801555035,2018,True,,
periodic,13,64512.32880432001,True,120,False,1.6509467471612154,0.12114415838984541,-1.6884933326481437,2018,True,,
periodic,14,64512.49404002825,True,133,False,1.6604347449564805,0.12533525162833475,-1.6902146802024054,2018,True,,
periodic,15,64512.14036751441,True,109,False,1.6657297774111333,0.12307842487395394,-1.67848751153501,2018,True,,
periodic,16,64512.15767711312,True,150,False,1.6651447256859024,0.12277143746888843,-1.6884933326481437,2018,True,,
periodic,17,64512.78590815427,True,121,False,1.6590205314268853,0.12991881227273785,-1.67187484286512,2018,False,,
periodic,18,64512.046504618396,True,127,False,1.664000804259541,0.12664924223490082,-1.6761903966225344,2018,True,,
periodic,19,64512.18183368188,True,133,False,1.6589172133529246,0.12385829867255352,-1.6887341814217762,2018,True,,
locally_periodic,0,55814.197446025675,True,203,True,1.755089455880983,2.302585092994046,2.0885814863297214,2018,True,-2.4365959972908002,
locally_periodic,1,55814.61165242949,True,174,True,1.7297521691150683,2.302585092994046,2.072133943454735,2018,True,-2.4457720566208674,
locally_periodic,2,55959.402542158976,False,240,False,1.8300705266035937,1.8326343588780571,2.162515014998864,2018,False,-2.2862714868767666,
locally_periodic,3,55814.41833114014,True,159,True,1.752915730643579,2.302585092994046,2.0883766470707323,2018,True,-2.4446172129702166,
locally_periodic,4,55817.81705590461,False,240,True,1.7781680854479478,2.302585092994046,2.094919323325167,2018,False,-2.4562849053861293,
locally_periodic,5,55814.91788322355,True,237,True,1.7255116074810681,2.302585092994046,2.0723350849167597,2018,False,-2.436595997290803,
locally_periodic,6,55928.2487083583,False,240,False,1.7440347212620968,1.4289717798529,2.1429839540242734,2018,False,-2.3473770485541574,
locally_periodic,7,55814.14643356114,True,173,True,1.7389104230463377,2.302585092994046,2.0836485948431394,2018,True,-2.4342706023061185,
locally_periodic,8,55814.213565521,True,185,True,1.7506023558795794,2.302585092994046,2.0821665911911023,2018,True,-2.4480110932166963,
locally_periodic,9,55814.37076095499,True,198,True,1.747453990158769,2.302585092994046,2.088581486329721,2018,True,-2.432746553090615,
locally_periodic,10,55814.973992883126,True,223,True,1.7627961066632838,2.302585092994046,2.0871894330851073,2018,False,-2.4493654698351937,
locally_periodic,11,55814.125979733944,True,168,True,1.7485024398907618,2.302585092994046,2.0876440685684456,2018,True,-2.4365959972907985,
locally_periodic,12,55814.263045096915,True,211,True,1.7511203721992785,2.302585092994046,2.082219229605987,2018,True,-2.4365959972907985,
locally_periodic,13,55852.15010801169,False,240,False,1.8430824374878885,2.2450204656691954,2.1223930160085893,2018,False,-2.4890161954793246,
locally_periodic,14,55831.807271741636,False,240,False,1.7490524635083085,2.152707198182447,2.0967963228485154,2018,False,-2.4712971365660876,
locally_periodic,15,55814.108268396725,True,155,True,1.733199594299258,2.302585092994046,2.078937666370345,2018,True,-2.4375824750089006,
locally_periodic,16,55814.083280608786,True,205,True,1.7477285485313723,2.302585092994046,2.0817480219003084,2018,True,-2.4365959972907985,
locally_periodic,17,55814.25579791755,True,169,True,1.7485395394113505,2.302585092994046,2.082242484319104,2018,True,-2.434185859190333,
locally_periodic,18,56483.832823836114,False,240,False,1.6672011388857124,0.6481676569255272,2.359671091449905,2018,False,-2.2325679978428012,
locally_periodic,19,55814.63092957996,True,144,True,1.7445517234429082,2.302585092994046,2.0790897542947415,2018,True,-2.4534534107465524,
additive,0,55096.34357654626,False,240,False,1.5212331573737752,1.2232483306530877,0.7297195316570719,2018,True,1.636765477796084,-2.5046053304401323
additive,1,55105.47365613404,False,240,False,1.5932572955885485,1.1800748601594484,0.6415824139113826,2018,False,1.5851824157792707,-2.5524683002043487
additive,2,55134.951475478665,False,240,False,1.6203409550152554,1.0503212697761644,0.469393934178993,2018,False,1.5147465922799308,-2.5046053304401314
additive,3,55170.568309068985,False,240,False,1.6657502964855961,1.0937279191721716,0.43832444845626284,2018,False,1.4596859415053667,-2.595284441305907
additive,4,55841.69167867894,False,240,False,-1.989491844645153,-1.8937738640389654,1.775947386830452,2018,False,2.2138955394558386,-7.854672871520941
additive,5,55109.08926278447,False,240,False,1.599861688628661,1.114716795744766,0.569169502381257,2018,False,1.572458738661544,-2.5235703993602248
additive,6,57286.43980547988,False,240,False,1.9222493969786159,0.7461969066217656,-0.7584663031562902,2018,False,0.5704412586590255,-3.3207173282321243
additive,7,55260.989536585264,False,240,False,1.7080414315257308,1.0071380103695793,0.19120409764083596,2018,False,1.3980558960067466,-2.5952844413059077
additive,8,55128.07812678393,False,240,False,1.5873155215436134,1.148391834792132,0.4939414242851461,2018,False,1.5335529084680442,-2.5027883860171682
additive,9,55098.45675991025,False,240,False,1.5055740114685958,1.2217095674598377,0.7371026135799487,2018,False,1.640644890696506,-2.528316681769047
additive,10,55152.60828399207,False,240,False,1.6979577563912187,1.0507393981665902,0.4007650918720236,2018,False,1.4944499400613689,-2.5446227317560486
additive,11,55889.27911094263,False,240,True,-1.1950976945176377,2.302585092994046,1.935508137151019,2018,False,2.1952831041610628,-2.3652624728767235
additive,12,55135.50360520486,False,240,False,1.5977589216687447,1.2404152044494003,0.7106739636231005,2018,False,1.5784200077591803,-2.5952844413059077
additive,13,55682.22121726906,False,240,False,1.6831336717249195,1.2664218011467256,0.4012534162976341,2018,False,1.2855569634443544,-2.77664266303746
additive,14,55136.872070136276,False,240,False,1.3806499426278462,1.4391156831212786,0.9849947523072602,2018,False,1.7486971453625795,-2.459598282334969
additive,15,55726.09147598766,False,240,False,-2.9201740190973267,-1.8420680743952367,1.7299173016927418,2018,False,2.117836050594873,-2.947691941740163
additive,16,55559.0117003215,False,240,False,-1.420236186687977,-0.738250026882691,1.7254389219801387,2018,False,2.321347927249609,-2.432450715704557
additive,17,55747.40440728078,False,240,False,-2.5982354855608847,-2.0579354268634282,1.6806514122691112,2018,False,2.090522785497049,-3.7082753658842695
additive,18,55103.773262913164,False,240,False,1.5787139401723782,1.1841004256197791,0.6199985119666153,2018,False,1.5784961309039132,-2.5401005641375765
additive,19,55754.82675958462,False,240,False,-2.195012425000482,-1.9603489657299207,1.8270452400370474,2018,False,2.1804181351722005,-4.952941323816098
se,0,60273.79800031557,True,133,False,1.6012539611177572,1.3821055457134883,-2.0658145342397765,2019,False,,
se,1,60272.71948072612,True,145,False,1.5866173477824033,1.3843318315077973,-2.0537897460428707,2019,True,,
se,2,60272.48998145308,True,145,False,1.5879582228775986,1.3821055457134883,-2.05167760844059,2019,True,,
se,3,60272.7507705796,True,145,False,1.5882534454494397,1.379878609671837,-2.0507260162776895,2019,True,,
se,4,60272.875391937676,True,115,False,1.5889632830356795,1.377471313720703,-2.0606003227479173,2019,True,,
se,5,60273.51513673035,True,201,False,1.5832650150787408,1.3805754248820399,-2.0658145342397782,2019,False,,
se,6,60273.33260978562,True,91,False,1.5762696004433172,1.3770706570034275,-2.0538695802094873,2019,False,,
se,7,60272.504578437605,True,127,False,1.584405775592956,1.3814939868190408,-2.0533934893507717,2019,True,,
se,8,60272.59391152397,True,109,False,1.5908041605672207,1.3805134760721474,-2.060395756499695,2019,True,,
se,9,60272.764881503565,True,121,False,1.5851533219879346,1.3840361371000052,-2.0548629331770667,2019,True,,
se,10,60272.622056539854,True,144,False,1.5832650150787406,1.3788103620883467,-2.0566385975757546,2019,True,,
se,11,60272.75598777844,True,139,False,1.5795138345217121,1.3796716867620822,-2.054354616566814,2019,True,,
se,12,60274.29010859137,True,121,False,1.601253961117757,1.3877397184158904,-2.0417455951258567,2019,False,,
se,13,60273.6009265201,True,201,False,1.5842919200668635,1.3837227584350151,-2.043144756523334,2019,False,,
se,14,60273.59989233561,True,184,False,1.59554070483357,1.3854824603703852,-2.04314475652333,2019,False,,
se,15,60272.869284599896,True,157,False,1.5791661578792027,1.3782089895775524,-2.056131384866079,2019,True,,
se,16,60272.754440614575,True,121,False,1.5834234924708557,1.377943039930259,-2.0560828555401796,2019,True,,
se,17,60272.66351164937,True,103,False,1.5808316422580648,1.3806824403186007,-2.0565450564658883,2019,True,,
se,18,60272.69374531887,True,109,False,1.59337295406782,1.3794080727515954,-2.0600453994682204,2019,True,,
se,19,60273.133526238744,True,115,False,1.5884418193169911,1.3835848617349664,-2.061501507246814,2019,False,,
matern32,0,56446.11083792616,True,109,False,1.7811434215079174,2.0885814863297214,-2.451200755419327,2019,False,,
matern32,1,56445.108242894086,True,155,False,1.7681140585906767,2.084277479766286,-2.451200755419323,2019,True,,
matern32,2,56445.94099839397,True,115,False,1.7316185902367964,2.0684002902270957,-2.450167987222126,2019,False,,
matern32,3,56444.94647829498,True,121,False,1.7578266670527056,2.0817451838903107,-2.453673481428322,2019,True,,
matern32,4,56444.72846909294,True,139,False,1.754528128151615,2.0760962879367857,-2.454464560608527,2019,True,,
matern32,5,56444.85403729961,True,149,False,1.7630135214809042,2.0814429350025425,-2.4512007554193236,2019,True,,
matern32,6,56445.593940858365,True,109,False,1.7522295616275008,2.0829371762570053,-2.4431533878683376,2019,False,,
matern32,7,56445.431599653966,True,133,False,1.7364228928652892,2.070333857820612,-2.455209620166584,2019,False,,
matern32,8,56444.941436124005,True,149,False,1.7654285606875164,2.0816240070853875,-2.4512007554193245,2019,True,,
matern32,9,56444.979136714705,True,161,False,1.7490776858383568,2.078688719047823,-2.4512007554193245,2019,True,,
matern32,10,56445.6056039056,True,109,False,1.7459079042122212,2.0744369312769457,-2.4644349133205217,2019,False,,
matern32,11,56445.7250131421,True,109,False,1.736543323029295,2.066949401187927,-2.4604133664134444,2019,False,,
matern32,12,56445.20933716605,True,149,False,1.764852186709691,2.0853283150581228,-2.451200755419324,2019,True,,
matern32,13,56445.307522157986,True,127,False,1.7452964935534145,2.0741104580090113,-2.4617420916491035,2019,False,,
matern32,14,56445.37227281582,True,149,False,1.745165529429883,2.0710454469161754,-2.4635073129220904,2019,False,,
matern32,15,56445.556161493165,True,145,False,1.7676213581787896,2.0822496949095837,-2.462742115793455,2019,False,,
matern32,16,56444.80946154508,True,155,False,1.760668758608705,2.0811784698107876,-2.451200755419323,2019,True,,
matern32,17,56444.8008858468,True,121,False,1.7491322910279765,2.0764955423840386,-2.453412013196489,2019,True,,
matern32,18,56444.976428074006,True,161,False,1.7546830532563094,2.081294305549712,-2.4512007554193245,2019,True,,
matern32,19,56447.060219627914,True,115,False,1.7835526782274735,2.088055138360234,-2.4640864721241393,2019,False,,
matern52,0,57380.77895480751,True,127,False,1.6911986913128372,1.7846325351343653,-2.269842533687774,2019,True,,
matern52,1,57380.91674944984,True,121,False,1.6861552059250835,1.7819047894011004,-2.2843988981808567,2019,True,,
matern52,2,57380.77017867149,True,144,False,1.6947646810875359,1.7871093344231868,-2.269842533687773,2019,True,,
matern52,3,57382.22572810191,True,127,False,1.7107315939212915,1.7936518744776861,-2.278552093225893,2019,False,,
matern52,4,57380.89865652652,True,91,False,1.6905128201468105,1.7859181401302033,-2.282368658567174,2019,True,,
matern52,5,57380.829406530276,True,127,False,1.6789386430526894,1.7847184289577045,-2.272157370460845,2019,True,,
matern52,6,57381.10525006565,True,115,False,1.7035124325284148,1.7899203572996996,-2.275094293697373,2019,True,,
matern52,7,57380.69440050662,True,165,False,1.6911986913128352,1.7819763488808078,-2.2782151999175246,2019,True,,
matern52,8,57381.181497804675,True,121,False,1.697021258731561,1.7877049736056532,-2.266553458799959,2019,True,,
matern52,9,57380.71347918025,True,121,False,1.6911986913128365,1.7824416534653826,-2.281045928563637,2019,True,,
matern52,10,57381.44724228693,True,121,False,1.687906350256413,1.78944899761378,-2.263744883766765,2019,False,,
matern52,11,57381.066879115795,True,163,False,1.685186941099876,1.7842541427171321,-2.266395252579697,2019,True,,
matern52,12,57380.94167222677,True,103,False,1.676059809882983,1.7790678937868554,-2.279932708657686,2019,True,,
matern52,13,57382.680872202545,True,121,False,1.7040890782956692,1.795005944575914,-2.2602365956076493,2019,False,,
matern52,14,57381.168608744876,True,139,False,1.6755729355771192,1.778970561336282,-2.2832644571579803,2019,True,,
matern52,15,57381.96625332664,True,150,False,1.709187637351852,1.792568933842222,-2.2789919327128154,2019,False,,
matern52,16,57381.38297914891,True,109,False,1.6838235306121705,1.7847539865076345,-2.2851614157485844,2019,False,,
matern52,17,57381.086942183145,True,97,False,1.6815334913255926,1.7873676271148298,-2.268845531351965,2019,True,,
matern52,18,57381.23317510204,True,121,False,1.6715879899738433,1.778781930225481,-2.273970022161542,2019,True,,
matern52,19,57381.06715573766,True,143,False,1.6772078845529048,1.7809711547709053,-2.2698425336877714,2019,True,,
periodic,0,65317.488999664434,True,109,False,1.6732097452738215,0.1295204114809153,-1.6804283130602276,2019,True,,
periodic,1,65317.49036405775,True,127,False,1.6657883841344894,0.1283744210187066,-1.6819499739727373,2019,True,,
periodic,2,65318.03327665292,True,133,False,1.6560218880060844,0.11921981262424436,-1.6916973730648484,2019,True,,
periodic,3,65317.52373293624,True,127,False,1.6643170312390116,0.12596898878519502,-1.6890921512776735,2019,True,,
periodic,4,65318.317777692195,True,121,False,1.6774571128232962,0.13252198398167128,-1.6745462403454934,2019,False,,
periodic,5,65317.792015870946,True,109,False,1.6594684927022922,0.12277840045240923,-1.691609626600215,2019,True,,
periodic,6,65317.64026177847,True,115,False,1.6602082223000374,0.12448024763923496,-1.689425251675314,2019,True,,
periodic,7,65318.96090403112,True,103,False,1.6569995199089342,0.11925056159837139,-1.6986638684122688,2019,False,,
periodic,8,65317.56915952108,True,195,False,1.6692217549469044,0.12446472377609055,-1.6804283130602287,2019,True,,
periodic,9,65317.99520674485,True,115,False,1.662260963957941,0.12449797860803467,-1.6772765051447032,2019,True,,
periodic,10,65318.13683118443,True,133,False,1.6691453276759434,0.12952041148091487,-1.6747786268189435,2019,False,,
periodic,11,65317.606122850026,True,139,False,1.6683919163531231,0.12243871543577978,-1.691690848636772,2019,True,,
periodic,12,65317.84704482991,True,115,False,1.6757290439178587,0.1255718326645515,-1.6789651735930131,2019,True,,
periodic,13,65318.342694121035,True,109,False,1.6676683445319844,0.12259043350818781,-1.697006140021811,2019,False,,
periodic,14,65317.66491973277,True,155,False,1.6663062048856037,0.12329737528338161,-1.6804283130602249,2019,True,,
periodic,15,65317.888806895855,True,154,False,1.6583343723109165,0.12226429096286051,-1.6804283130602249,2019,True,,
periodic,16,65317.753830323534,True,115,False,1.6675455376153931,0.1231849269063085,-1.6932711236202702,2019,True,,
periodic,17,65318.823470748255,True,103,False,1.6770483232031288,0.1332157428131179,-1.6718099632393824,2019,False,,
periodic,18,65317.39320346752,True,115,False,1.670533340051882,0.12319348040495434,-1.685700349146085,2019,True,,
periodic,19,65317.87823029241,True,121,False,1.6649818520239135,0.11985893071591111,-1.692673121590568,2019,True,,
locally_periodic,0,56461.30942641581,True,210,True,1.7451655294298851,2.302585092994046,2.080366649810928,2019,True,-2.451200755419327,
locally_periodic,1,56463.16956803659,True,240,True,1.771974972101397,2.302585092994046,2.095835885652355,2019,False,-2.455157337223944,
locally_periodic,2,56462.07784548252,True,138,True,1.7679002980545542,2.302585092994046,2.09344533607147,2019,False,-2.443990618060334,
locally_periodic,3,56461.70254781182,True,151,True,1.7397948464285198,2.302585092994046,2.080380988556502,2019,True,-2.4422856197259755,
locally_periodic,4,56461.24843393499,True,182,True,1.7521756375678539,2.302585092994046,2.0830785619701566,2019,True,-2.4512007554193245,
locally_periodic,5,56461.91537323439,False,240,True,1.745025103639616,2.302585092994046,2.0870986628387334,2019,False,-2.4436296130747297,
locally_periodic,6,56461.7805911688,False,240,True,1.736425119720625,2.302585092994046,2.078110298445282,2019,True,-2.4536012254082986,
locally_periodic,7,56462.06995007133,True,129,True,1.7593580704825527,2.302585092994046,2.0920811136961404,2019,False,-2.438897875228327,
locally_periodic,8,56462.18436967139,True,121,True,1.7316865592194368,2.302585092994046,2.0750955097715855,2019,False,-2.444670727289828,
locally_periodic,9,56463.03677403626,True,168,True,1.7735664538050127,2.302585092994046,2.095101972682506,2019,False,-2.436024869496338,
locally_periodic,10,56467.614898519445,False,240,True,1.7027956671148141,2.302585092994046,2.0639369767733418,2019,False,-2.4665056949782955,
locally_periodic,11,56461.60767754869,True,240,True,1.7389737774663239,2.302585092994046,2.079322833818782,2019,True,-2.444871642112225,
locally_periodic,12,56461.81780336687,False,240,True,1.757209290026459,2.302585092994046,2.0861884160184383,2019,False,-2.4576531419994474,
locally_periodic,13,56461.55764947311,True,150,True,1.7617594132747385,2.302585092994046,2.0871482691037553,2019,True,-2.445149287535715,
locally_periodic,14,56480.22485369208,False,240,True,1.8014060523663977,2.302585092994046,2.1156632281291796,2019,False,-2.3942771673469037,
locally_periodic,15,56461.34500228058,False,240,True,1.7437899717606569,2.302585092994046,2.080366649810929,2019,True,-2.4512007554193245,
locally_periodic,16,56461.78944204064,True,156,True,1.755621981844419,2.302585092994046,2.0804832569773763,2019,True,-2.4579690457463466,
locally_periodic,17,56461.67778301399,True,169,True,1.7432297920041582,2.302585092994046,2.0808945176423075,2019,True,-2.456182180287197,
locally_periodic,18,56461.4839373297,True,180,True,1.7529957512371106,2.302585092994046,2.0857604805625014,2019,True,-2.4533761102777354,
locally_periodic,19,56461.75884069335,True,209,True,1.7654819619530044,2.302585092994046,2.0899226247666753,2019,True,-2.451200755419328,
additive,0,55747.96409418157,False,240,False,1.619242907156773,1.151292546497023,0.6118619289718782,2019,False,1.6039061317209105,-2.496540310852215
additive,1,55803.657832328594,False,240,False,1.2947243003135347,1.624357714597492,1.0787423263487295,2019,False,1.770112832872038,-2.54828908189756
additive,2,56991.986298034055,False,240,False,1.8504770711349754,0.7044460873761158,-0.6342498466234049,2019,False,0.8963127971734204,-2.7685776434495453
additive,3,55749.84696746933,False,240,False,1.578717574221627,1.1081190760033846,0.5649333169332874,2019,False,1.5759723705963882,-2.517427439521535
additive,4,55797.126412068654,False,240,False,1.5237776094094957,1.1512925464970234,0.6498404076322019,2019,False,1.6427194483911716,-2.4058611999864397
additive,5,55737.67425232187,False,240,False,1.562029319157714,1.1656837033282355,0.6638361494376918,2019,True,1.6043912062031125,-2.5190013309428583
additive,6,55740.319554028625,False,240,False,1.578797777467841,1.1475309027655396,0.6478398210499107,2019,False,1.5904204219112825,-2.5324980306992835
additive,7,59014.304165698006,False,240,False,2.0056469963694163,0.6698050851805502,-0.8130131181051525,2019,False,0.3260692700959934,-5.670309191154393
additive,8,55739.42309181412,False,240,False,1.5524955895253654,1.2118533462628323,0.701106176025417,2019,False,1.6338977266489465,-2.4945057198899208
additive,9,55872.41935852049,False,240,False,1.2594639863764543,1.7269388197455335,1.1625717716655786,2019,False,1.793718496622923,-2.605789310592148
additive,10,56920.963898228845,False,240,False,1.9587409791298984,0.8059047825479164,-0.5412370959563104,2019,False,0.8836231948747321,-2.7685776434495453
additive,11,56348.76726395206,False,240,False,-0.8331570297782294,-0.5538250979541998,1.6911986913128376,2019,False,2.4215726268748994,-2.3177061549212765
additive,12,55814.313718582496,False,240,False,1.7519870008865437,1.0208380306850655,0.381199530660916,2019,False,1.5167532839438607,-2.5091515636289614
additive,13,55743.338681928566,False,240,False,1.6075394037887616,1.1384154458537454,0.6197982586600755,2019,False,1.5827545012067001,-2.5161475246504286
additive,14,55830.89593963999,False,240,False,1.691198691312838,1.0361632918473205,0.3173069175388949,2019,False,1.444390926112342,-2.5872194217179887
additive,15,56395.78910462801,False,240,False,-2.639308520192629,-2.129891211019492,1.7465309825473698,2019,False,2.0979035476521033,-3.7660478629730862
additive,16,55739.20027167537,False,240,False,1.5016764960915914,1.2952041148091513,0.7810744929552534,2019,False,1.6614106301357363,-2.514641897795203
additive,17,55737.51929749315,False,240,False,1.4778221868198131,1.2376394874843,0.7599640356864414,2019,True,1.638200258750854,-2.5267107906850255
additive,18,55738.4741627323,False,240,False,1.5049902756566076,1.257226849994698,0.7864258290793055,2019,False,1.6648416201036609,-2.513737040167835
additive,19,56413.0286430141,False,240,False,-0.46747483336908124,0.43113094736945196,1.61473092825491,2019,False,2.0275479170133863,-2.443078932179378
se,0,60948.17465764104,True,145,False,1.5882486661845072,1.3821055457134883,-2.0608308831340105,2020,True,,
se,1,60949.58226635937,True,133,False,1.5939479969327102,1.3776100303783239,-2.075019375219499,2020,False,,
se,2,60948.248993372035,True,132,False,1.5882486661845068,1.3818196734255395,-2.0637546260828725,2020,True,,
se,3,60948.871133669585,True,121,False,1.5989288040414276,1.3819322546210124,-2.0703793374211212,2020,False,,
se,4,60950.30137515794,True,119,False,1.5882486661845057,1.3873366045965083,-2.045522099433965,2020,False,,
se,5,60948.60549133872,True,115,False,1.602388110636509,1.3834355290582026,-2.0547293260439763,2020,True,,
se,6,60948.87700867611,True,138,False,1.6062376122235225,1.385073235407315,-2.0646953952890925,2020,False,,
se,7,60948.064563704196,True,189,False,1.5965966421220354,1.382053141119076,-2.0608308831340123,2020,True,,
se,8,60948.89773753482,True,225,False,1.6062376122235225,1.386579516260278,-2.0608308831340123,2020,False,,
se,9,60949.182936743906,True,126,False,1.5882486661845068,1.3826355064507103,-2.0701861854279984,2020,False,,
se,10,60948.420539390936,True,103,False,1.598779416360904,1.3854396309063326,-2.0563012016901583,2020,True,,
se,11,60948.905105424,True,121,False,1.601565298802816,1.3846248059409716,-2.0516462429641944,2020,False,,
se,12,60948.32569066006,True,120,False,1.5882486661845068,1.3794606322195766,-2.0593894559173065,2020,True,,
se,13,60948.41588245399,True,115,False,1.5981292810479653,1.3853603890837802,-2.061229691905605,2020,True,,
se,14,60990.446075764026,False,240,False,1.5522707741064752,1.3511998423540017,-2.038161105417573,2020,False,,
se,15,60948.76261661018,True,127,False,1.6037169729342489,1.3853589370892319,-2.053885413327305,2020,False,,
se,16,60948.120485304236,True,79,False,1.5938937845237187,1.3832569071441252,-2.061660670172636,2020,True,,
se,17,60950.20182844109,True,109,False,1.5801375720180697,1.3741809628640713,-2.0734409442054056,2020,False,,
se,18,60948.91990923264,True,103,False,1.5944612651097119,1.3819535506277025,-2.051359416943616,2020,False,,
se,19,60948.41622003665,True,214,False,1.589613532026036,1.384386512597528,-2.0608308831340127,2020,True,,
matern32,0,57055.273161600446,True,127,False,1.750149180535651,2.0803666498109283,-2.4462171043135608,2020,False,,
matern32,1,57054.17194147706,True,115,False,1.7696274718237714,2.082594396318012,-2.4626121294768124,2020,True,,
matern32,2,57054.42640891783,True,139,False,1.7556025518885598,2.0774430081895456,-2.4531808241177293,2020,True,,
matern32,3,57054.47756148527,True,139,False,1.7681288744101136,2.0787442036447907,-2.468489302995773,2020,True,,
matern32,4,57054.62392142411,True,133,False,1.742767083140688,2.071544184628186,-2.4626410746358727,2020,True,,
matern32,5,57054.07617033225,True,109,False,1.7667171823832524,2.081898945927703,-2.4628426769010123,2020,True,,
matern32,6,57055.03881947149,True,133,False,1.7779450546066147,2.0881168075061276,-2.4516101034113524,2020,False,,
matern32,7,57054.40535063771,True,127,False,1.7557762414567177,2.0784800446746785,-2.4689284223201367,2020,True,,
matern32,8,57056.823039923256,True,109,False,1.7262321670118992,2.063954530491707,-2.457146009347724,2020,False,,
matern32,9,57054.082951527744,True,115,False,1.7605048476103007,2.0822955280323012,-2.459483741044386,2020,True,,
matern32,10,57054.585844979,True,127,False,1.7519883627352408,2.0808563833461777,-2.4523825570940754,2020,True,,
matern32,11,57054.87980617059,True,145,False,1.7642521184101148,2.0750791565759372,-2.4722043740232476,2020,False,,
matern32,12,57054.08529950552,True,139,False,1.7576740409263567,2.0777878316719045,-2.465961199486232,2020,True,,
matern32,13,57054.229452714775,True,121,False,1.7580078563094057,2.082576165905215,-2.458498431927193,2020,True,,
matern32,14,57055.558264045365,True,121,False,1.7825195883110367,2.0906269653519947,-2.4500685682638608,2020,False,,
matern32,15,57054.574932969444,True,132,False,1.770999691050188,2.083375409481121,-2.4688868820300054,2020,True,,
matern32,16,57054.23705919852,True,210,False,1.768138126574669,2.0803666498109297,-2.4655922794703167,2020,True,,
matern32,17,57054.27420327013,True,103,False,1.7615926325034161,2.0796531417212654,-2.4686001666984088,2020,True,,
matern32,18,57054.79320550386,True,109,False,1.761469411779503,2.073966052302172,-2.471250006241519,2020,False,,
matern32,19,57055.02832880741,True,145,False,1.7734122531709495,2.0863134616432593,-2.4696506292689984,2020,False,,
matern52,0,58004.34064663069,True,133,False,1.6961823424186029,1.7846325351343655,-2.2875286602984524,2020,True,,
matern52,1,58004.45290168986,True,109,False,1.6902833848908825,1.7885737889119566,-2.2784441954783503,2020,True,,
matern52,2,58004.39309018053,True,127,False,1.6975683014939271,1.7844649576183529,-2.281519760265138,2020,True,,
matern52,3,58006.544510290005,True,149,False,1.689247628572173,1.7928141322763214,-2.2648588825820055,2020,False,,
matern52,4,58004.987319332016,True,127,False,1.6931753734644472,1.7857357720606903,-2.293098267091317,2020,False,,
matern52,5,58004.61938559493,True,163,False,1.684510130007504,1.782944956583403,-2.2895048009499956,2020,True,,
matern52,6,58005.11980192169,True,127,False,1.6825423305087557,1.7782634555918393,-2.2926618088141764,2020,False,,
matern52,7,58004.5175319766,True,103,False,1.6938143318224161,1.7889091984220533,-2.2754217777978893,2020,True,,
matern52,8,58004.69115226849,True,218,False,1.704766090258035,1.7877988566154561,-2.2875286602984537,2020,True,,
matern52,9,58005.07594314705,True,109,False,1.7004636238889748,1.7883510195334997,-2.2918702527288817,2020,False,,
matern52,10,58004.459179360274,True,109,False,1.6933044220829003,1.7895765770472145,-2.2796185862989504,2020,True,,
matern52,11,58004.30586866671,True,139,False,1.6872448278859842,1.7859395116931058,-2.2797716203003766,2020,True,,
matern52,12,58004.4258028601,True,121,False,1.7007926918609466,1.7876392279170414,-2.286272243532234,2020,True,,
matern52,13,58004.31274117687,True,133,False,1.6931380638250924,1.7884762713686149,-2.2808320524558425,2020,True,,
matern52,14,58005.26036671644,True,121,False,1.679881851048279,1.777525565372405,-2.292516361082646,2020,False,,
matern52,15,58005.926784797186,True,133,False,1.691298943283442,1.7918796524708436,-2.266808133648751,2020,False,,
matern52,16,58005.06732162754,True,127,False,1.6759862444391713,1.7780461112188966,-2.2837003718599767,2020,False,,
matern52,17,58005.67000181807,True,127,False,1.6712637303242317,1.7773881957270936,-2.2795685241485444,2020,False,,
matern52,18,58005.970433548806,True,143,False,1.6961823424186013,1.7796819928629135,-2.298491171413342,2020,False,,
matern52,19,58005.074691670816,True,127,False,1.682393033573929,1.7809433204854554,-2.293201432144094,2020,False,,
periodic,0,66142.81830884742,True,103,False,1.6781933963795872,0.1295204114809153,-1.6754446619544616,2020,False,,
periodic,1,66142.39616496171,True,127,False,1.6824080839011575,0.12735910609889337,-1.693391342464672,2020,True,,
periodic,2,66142.36696023532,True,121,False,1.67990634204093,0.13000674144282207,-1.6783892129917377,2020,True,,
periodic,3,66142.35219792483,True,97,False,1.6837305298679726,0.12769042006172962,-1.692536810288095,2020,True,,
periodic,4,66142.4342037678,True,133,False,1.6601424568305339,0.12172724802128747,-1.6890160615190775,2020,True,,
periodic,5,66142.26294770052,True,139,False,1.671608132354102,0.12732826203915615,-1.6794920015612094,2020,True,,
periodic,6,66142.10289631374,True,139,False,1.681051104171464,0.13184333873035042,-1.6827850433792473,2020,True,,
periodic,7,66142.13524661893,True,127,False,1.6689928604515292,0.12674390995493987,-1.6813473523961602,2020,True,,
periodic,8,66142.54481603937,True,121,False,1.6854578667113373,0.13412748260099164,-1.6796394588034498,2020,True,,
periodic,9,66142.79807383,True,237,False,1.67639838304092,0.13165053333016702,-1.675444661954463,2020,False,,
periodic,10,66142.1506291279,True,139,False,1.676466834916233,0.12853722899133418,-1.6800449172661822,2020,True,,
periodic,11,66142.16661463135,True,127,False,1.6860377238877253,0.1291945859326577,-1.6885620065695108,2020,True,,
periodic,12,66143.05358188793,True,131,False,1.6800242907109992,0.12777066504790346,-1.675444661954459,2020,False,,
periodic,13,66142.93043212328,True,115,False,1.6609970697640766,0.12228311681092308,-1.6799722377822701,2020,False,,
periodic,14,66142.14723881023,True,115,False,1.6843575065878085,0.13168706426065532,-1.6864223364963955,2020,True,,
periodic,15,66142.35710856183,True,121,False,1.6821689810532743,0.12937840240999385,-1.6922516525158617,2020,True,,
periodic,16,66142.06094805666,True,121,False,1.6773678623020472,0.12414153663425795,-1.6873752271358802,2020,True,,
periodic,17,66142.88473855199,True,150,False,1.6819369632539707,0.13030421384704266,-1.675444661954462,2020,False,,
periodic,18,66143.09398373544,True,97,False,1.6620401773688258,0.12075151052637167,-1.697093319798428,2020,False,,
periodic,19,66142.15647028858,True,157,False,1.6704168409705806,0.12890845081114474,-1.6809310767435681,2020,True,,
locally_periodic,0,57071.53127423843,True,231,True,1.750149180535651,2.302585092994046,2.0885814863297214,2020,False,-2.4462171043135608,
locally_periodic,1,57070.8123773986,True,157,True,1.7519003481417457,2.302585092994046,2.0842557431057513,2020,True,-2.4539799027413705,
locally_periodic,2,57071.09004841065,True,212,True,1.763348041984104,2.302585092994046,2.0912798677710858,2020,True,-2.4564602332364713,
locally_periodic,3,57071.42962672096,True,210,True,1.7380711445925427,2.302585092994046,2.0785762587210583,2020,False,-2.4590893967888654,
locally_periodic,4,57104.55282373243,False,240,True,1.8164626483256376,2.302585092994046,2.145824692765068,2020,False,-2.437651343919985,
locally_periodic,5,57071.81536944849,False,240,True,1.7408369141091335,2.302585092994046,2.083801664491838,2020,False,-2.446217104313557,
locally_periodic,6,57071.01827409088,True,150,True,1.7464167244691036,2.302585092994046,2.079942872082709,2020,True,-2.456002401297024,
locally_periodic,7,57071.03824403459,True,166,True,1.752078998204248,2.302585092994046,2.08547698167197,2020,True,-2.46135357676257,
locally_periodic,8,57071.40042348982,True,240,True,1.7517347748758887,2.302585092994046,2.084134838348622,2020,False,-2.4462171043135617,
locally_periodic,9,57071.55993121339,True,240,True,1.761916438392052,2.302585092994046,2.0868338187548305,2020,False,-2.4462171043135617,
locally_periodic,10,57071.33773875054,True,220,True,1.7402215287573137,2.302585092994046,2.080639567955544,2020,True,-2.4526531943937373,
locally_periodic,11,57070.85619310636,True,215,True,1.7508341583929272,2.3025850929940455,2.081577585214236,2020,True,-2.4583888760881702,
locally_periodic,12,57073.87330100647,True,193,True,1.7899737760499346,2.302585092994046,2.103660551585253,2020,False,-2.4462171043135585,
locally_periodic,13,57071.60106903623,True,225,True,1.762474412339183,2.302585092994046,2.09357813072164,2020,False,-2.4462171043135577,
locally_periodic,14,57071.271800296665,True,210,True,1.7572328198194664,2.302585092994046,2.087887220590677,2020,True,-2.446217104313558,
locally_periodic,15,57071.98767844231,True,195,True,1.7393368106850589,2.302585092994046,2.076129794943078,2020,False,-2.46876606186255,
locally_periodic,16,57103.00648802329,False,240,True,1.6774584824883991,2.302585092994046,2.056814437036833,2020,False,-2.40087754888067,
locally_periodic,17,57071.3567379401,True,216,True,1.7450677231967593,2.302585092994046,2.0797138288244934,2020,True,-2.465544798554642,
locally_periodic,18,57071.828821595795,False,240,True,1.7504619461966207,2.302585092994046,2.089432647638594,2020,False,-2.4436848551323984,
locally_periodic,19,57071.33863048349,True,189,True,1.7563095997269849,2.302585092994046,2.0836518373846373,2020,True,-2.448776204964496,
additive,0,56359.90420068946,False,240,False,1.588248666184507,1.165683703328236,0.6168455800776441,2020,False,1.5710467856457366,-2.5822357706122254
additive,1,56986.98386569894,False,240,False,-2.762735558387071,-1.8592365175272898,1.7983268161488792,2020,False,2.1494726368200165,-3.126310435806881
additive,2,56479.95109504924,False,240,False,1.6961823424186036,1.036163291847321,0.40899255917259836,2020,False,1.5264699019235197,-2.4008775488806737
additive,3,57029.62903506725,False,240,False,-2.1413083052420743,-1.9462716198671506,1.7948657910663284,2020,False,2.13909209502583,-8.056342932437826
additive,4,56350.43756862143,False,240,False,1.5510970398773856,1.2061362324352567,0.7137082645431867,2020,True,1.6053992390062182,-2.5616779080005534
additive,5,57735.94115995185,False,240,False,1.9691579816632847,0.805904782547916,-0.6897962560275246,2020,False,0.875713599251079,-2.76359399234378
additive,6,56476.84474608042,False,240,False,1.408359205794347,1.151292546497023,0.8050271831583683,2020,False,1.7000135835268253,-2.6327209589751948
additive,7,56372.669766446015,False,240,False,1.6242265582625395,1.0937279191721718,0.5268192371591384,2020,False,1.528471756136951,-2.536896215179337
additive,8,56382.85324103103,False,240,False,1.4584174143940112,1.4400463565686157,0.9343053165771276,2020,False,1.7361991602050535,-2.5517238275800125
additive,9,56831.40758901446,False,240,False,-1.3511215926702749,-0.7260157719646726,1.7681381265746676,2020,False,2.359671091449904,-2.4658266213286693
additive,10,56350.24647297573,False,240,False,1.4539602352628178,1.3094973433706372,0.8582513804611971,2020,True,1.687878606802604,-2.526008251523337
additive,11,56354.36136937911,False,240,False,1.441338061895895,1.373540025797644,0.8551308978908362,2020,False,1.6875526186386913,-2.538809062885612
additive,12,56359.516636589455,False,240,False,1.5491545198148353,1.1225102328345975,0.6511130480319101,2020,False,1.581849898913676,-2.582235770612222
additive,13,56395.537970401245,False,240,False,1.3003600581753265,1.5045442859580662,1.0391093223368397,2020,False,1.7741719063504489,-2.5301279708125013
additive,14,56813.73806230387,False,240,False,-1.9523388940793154,-0.8822864441820701,1.7439396135812746,2020,False,2.246109247540034,-2.5143217230767614
additive,15,56813.20306091338,False,240,False,-1.5902937628890976,-0.7912287166834561,1.7681381265746674,2020,False,2.310382072337143,-2.491556659746449
additive,16,56372.37478595597,False,240,False,1.5522707741064747,1.078325618564933,0.7107666601619567,2020,False,1.599255983487242,-2.526872106017165
additive,17,56857.09715724568,False,240,False,-2.569167342544087,-1.0669122689719008,1.7795687402528502,2020,False,2.194303097748582,-2.5408731161704736
additive,18,56689.51490581412,False,240,True,1.037343697079322,2.302585092994046,1.317471883960726,2020,False,1.9004135810997917,-2.650541096810641
additive,19,56988.73433142221,False,240,False,-2.338076198119971,-1.979727346616826,1.7649954418225102,2020,False,2.136515266212105,-4.4410320964029495
se,0,61650.21386534086,True,145,False,1.5918131959092887,1.3821055457134883,-2.0572663534092293,2021,True,,
se,1,61665.38802484679,False,240,False,1.5502336277028115,1.3857930519686863,-2.0345965756927926,2021,False,,
se,2,63716.73369827584,False,240,False,1.4932551531183593,1.0934361409811497,-2.3973130191558982,2021,False,,
se,3,61650.4192690181,True,133,False,1.5995864583262454,1.3794114946864704,-2.059543114080491,2021,False,,
se,4,95651.66442182515,False,240,False,1.4119237355191283,0.1595821542003678,-6.0244774537869334,2021,False,,
se,5,61651.98252893037,True,167,False,1.5861755451816122,1.3737946422230947,-2.0799361311256717,2021,False,,
se,6,61650.13180697991,True,127,False,1.5967266476835558,1.3780116200968642,-2.073106322416741,2021,True,,
se,7,61649.72499560083,True,127,False,1.6005329947518123,1.3829294810034916,-2.0691238433821693,2021,True,,
se,8,61650.436840875656,True,109,False,1.5964766094672962,1.3856577575885058,-2.055402862349633,2021,False,,
se,9,61650.80433476937,True,109,False,1.601149128814485,1.387102300057487,-2.05386616780473,2021,False,,
se,10,61649.9017192325,True,109,False,1.5998352532485225,1.3856742071554522,-2.06201333753867,2021,True,,
se,11,61650.32453860548,True,97,False,1.601726579057712,1.3827991666685366,-2.074070639394781,2021,True,,
se,12,61651.71360029224,True,149,False,1.6004441365621462,1.3752824509813861,-2.0799361311256717,2021,False,,
se,13,61649.900084999834,True,121,False,1.6053730659078467,1.383633122138779,-2.0687763297596695,2021,True,,
se,14,61650.03075242046,True,115,False,1.600624712387198,1.3849181336743046,-2.0687922190305037,2021,True,,
se,15,61650.258092621145,True,127,False,1.5927791899170736,1.383773829184839,-2.0708562090403904,2021,True,,
se,16,61679.925913425934,False,240,False,1.6310688114296252,1.3692947595305829,-2.0345965756927926,2021,False,,
se,17,61658.8369752643,False,240,False,1.6212976632151175,1.3935385623102843,-2.0345965756927926,2021,False,,
se,18,61650.67871401631,True,133,False,1.5860236816208475,1.3805656941510487,-2.057046480158437,2021,False,,
se,19,61649.70879226421,True,127,False,1.5918131959092878,1.3819755921481882,-2.062520557077377,2021,True,,
matern32,0,57697.810202323635,True,127,False,1.771702656299448,2.0803666498109283,-2.465322352305223,2021,True,,
matern32,1,57697.84671708335,True,167,False,1.7702423169373314,2.07928709657391,-2.465322352305221,2021,True,,
matern32,2,57698.334831880245,True,127,False,1.7523400715129391,2.074290830649088,-2.459395276187835,2021,False,,
matern32,3,57697.54606989302,True,133,False,1.7670186259719276,2.0791262001708897,-2.47289928095141,2021,True,,
matern32,4,57698.26667322281,True,97,False,1.771856983122455,2.081732613089491,-2.4585831147561192,2021,False,,
matern32,5,57697.7391107826,True,103,False,1.75158570493933,2.076317851886573,-2.466326251755275,2021,True,,
matern32,6,57697.571782062194,True,133,False,1.7561797404081236,2.076766780509646,-2.465771414345067,2021,True,,
matern32,7,57697.96643235896,True,127,False,1.7486037498918205,2.0726757253832866,-2.4668647393468963,2021,True,,
matern32,8,57697.614797081755,True,127,False,1.7690292130357914,2.078951056049346,-2.470818115981646,2021,True,,
matern32,9,57698.17293934805,True,127,False,1.7694500200769832,2.0814467946770976,-2.4581207912745384,2021,False,,
matern32,10,57697.54941231008,True,127,False,1.7602555688922086,2.080285941589079,-2.463881530295142,2021,True,,
matern32,11,57698.40028820574,True,145,False,1.751316309885291,2.07947655586355,-2.4575527573625138,2021,False,,
matern32,12,57697.70805136656,True,213,False,1.759521735294873,2.08195771211696,-2.4653223523052255,2021,True,,
matern32,13,57697.90076505512,True,205,False,1.7550748469170638,2.076584674708079,-2.476131627591981,2021,True,,
matern32,14,57697.981742163,True,97,False,1.7751872872405035,2.0864735906114387,-2.4714896621030427,2021,True,,
matern32,15,57697.71778714829,True,143,False,1.7565766887136574,2.075176825531037,-2.465322352305221,2021,True,,
matern32,16,57697.779470747235,True,109,False,1.7536835264742237,2.073671192728031,-2.4671616940890115,2021,True,,
matern32,17,57697.76424279889,True,121,False,1.774113248417318,2.0811480116067074,-2.471262769148922,2021,True,,
matern32,18,57698.9391230918,True,109,False,1.7890101213264475,2.091965532214774,-2.4677200555887726,2021,False,,
matern32,19,57698.03810272353,True,157,False,1.761927238956855,2.0799493337720447,-2.4576975840192774,2021,True,,
matern52,0,58659.815372606245,True,145,False,1.6997468721433842,1.7846325351343655,-2.28396413057367,2021,True,,
matern52,1,58659.73629184754,True,115,False,1.690788380273034,1.7842248661276177,-2.283281723752626,2021,True,,
matern52,2,58659.452624250465,True,109,False,1.6951944638420535,1.7839626728135178,-2.288820856617158,2021,True,,
matern52,3,58659.911831583275,True,97,False,1.6867106137084489,1.7855900367910829,-2.283589121835362,2021,True,,
matern52,4,58659.69180375851,True,121,False,1.6870499085499484,1.7837635267320555,-2.2909239353880695,2021,True,,
matern52,5,58660.37138154963,True,103,False,1.6894965009961904,1.7842103208663662,-2.278262818385578,2021,False,,
matern52,6,58660.01063319504,True,127,False,1.7082354631960934,1.790709867321253,-2.283615211776964,2021,True,,
matern52,7,58660.04179634701,True,139,False,1.70475797293096,1.7918015728130692,-2.28740043260766,2021,False,,
matern52,8,58661.01514402285,True,139,False,1.700837098113981,1.780420873205991,-2.3038407006502557,2021,False,,
matern52,9,58659.99262788132,True,115,False,1.683939386528215,1.7789100238223583,-2.2917533770429075,2021,True,,
matern52,10,58660.95375119493,True,121,False,1.688776837707513,1.788858280332845,-2.275032041061691,2021,False,,
matern52,11,58659.678749327795,True,149,False,1.6955630803763975,1.784415888735128,-2.2839641305736684,2021,True,,
matern52,12,58660.42850930852,True,127,False,1.7145953142106167,1.7914089990917288,-2.290853351059106,2021,False,,
matern52,13,58660.16943991224,True,121,False,1.7001989414914176,1.7820748637262287,-2.2989529016808143,2021,False,,
matern52,14,58659.77374784924,True,144,False,1.6997468721433846,1.7828972664460518,-2.2951020364012598,2021,True,,
matern52,15,58659.531558075345,True,157,False,1.7007092697379982,1.7849179399508392,-2.28951298921459,2021,True,,
matern52,16,58659.595101115745,True,151,False,1.6931403365156399,1.7868356640211396,-2.285331629857037,2021,True,,
matern52,17,58659.649812863165,True,133,False,1.6963945387450943,1.7880330735318253,-2.283964130573672,2021,True,,
matern52,18,58660.75419082015,True,127,False,1.694305718502007,1.790126035569448,-2.27524147617079,2021,False,,
matern52,19,58660.95739759292,True,132,False,1.7177358181823998,1.7939360318955087,-2.2903540419641977,2021,False,,
periodic,0,66920.37403336549,True,115,False,1.6817579261043685,0.1295204114809153,-1.694549909946124,2021,True,,
periodic,1,66920.12529062215,True,109,False,1.675853563247842,0.129165240464014,-1.690113106972636,2021,True,,
periodic,2,66939.99889527643,False,240,False,1.6698174919658157,0.15957488508260453,-1.671880132229687,2021,False,,
periodic,3,66920.65531272758,True,127,False,1.6679486548442266,0.12477469580058004,-1.683783716302324,2021,True,,
periodic,4,66920.5709767389,True,115,False,1.6729425975545895,0.12656809655066747,-1.6968400487952762,2021,True,,
periodic,5,66920.46006767292,True,178,False,1.6882251339782774,0.12847283714048757,-1.694549909946122,2021,True,,
periodic,6,66920.39869873595,True,109,False,1.6825754812829883,0.13261262351084396,-1.6844684754903931,2021,True,,
periodic,7,68528.17868673355,False,240,False,1.4119237355191283,-0.18600494193353595,-1.671880132229687,2021,False,,
periodic,8,66920.28757988114,True,115,False,1.6728815151866439,0.1284999209725674,-1.6848591064435348,2021,True,,
periodic,9,66920.13729092735,True,139,False,1.677243808702967,0.12936516137130238,-1.685954657977446,2021,True,,
periodic,10,66920.77289188324,True,139,False,1.6833549782224575,0.13387708721640923,-1.6813544197810237,2021,True,,
periodic,11,66920.56509141828,True,115,False,1.68714252268029,0.1262431681656384,-1.6957441862561948,2021,True,,
periodic,12,66920.6136831854,True,121,False,1.687679179993685,0.12985113839495926,-1.6956284659680647,2021,True,,
periodic,13,66920.44920504001,True,109,False,1.677937617145229,0.1267738022308119,-1.6832262512309537,2021,True,,
periodic,14,66920.69167863126,True,139,False,1.683081414995199,0.12990298348524054,-1.6807775935864402,2021,True,,
periodic,15,66920.2890024453,True,151,False,1.6886076212233978,0.1284943669259378,-1.690921331170643,2021,True,,
periodic,16,66920.40932841634,True,145,False,1.6699013959457165,0.12565811722510495,-1.684873026305874,2021,True,,
periodic,17,66921.51261624855,True,127,False,1.6665700435016477,0.1264083948248947,-1.6783168380729843,2021,False,,
periodic,18,66920.32465374874,True,167,False,1.679813378197319,0.12392969107138549,-1.694549909946122,2021,True,,
periodic,19,66920.13713718852,True,133,False,1.6752929411043698,0.12747502627676283,-1.6927397707848602,2021,True,,
locally_periodic,0,57714.46668118227,True,217,True,1.7537137102604323,2.302585092994046,2.080366649810928,2021,True,-2.465322352305223,
locally_periodic,1,57771.81940389311,False,240,False,1.78288651612503,2.230696247583232,2.1123239065116532,2021,False,-2.3590709089058537,
locally_periodic,2,57784.38826120749,False,240,True,1.7457159385479024,2.302585092994046,2.0307281388811673,2021,False,-2.573881036021672,
locally_periodic,3,57739.18037651967,False,240,False,1.7196805852500137,2.036742577761208,2.0967963228485145,2021,False,-2.4260305975257945,
locally_periodic,4,57773.80425283643,False,240,False,1.7831212888325054,1.6171154976560629,2.1029011818632237,2021,False,-2.4663104293365175,
locally_periodic,5,57714.52606951723,True,145,True,1.7507698306877617,2.302585092994046,2.083942061376251,2021,True,-2.4590476529918313,
locally_periodic,6,57715.12814764142,True,166,True,1.7489207609842214,2.302585092994046,2.078072854990875,2021,False,-2.4757830461538726,
locally_periodic,7,57735.17547648434,False,240,True,1.854563688317145,2.302585092994046,2.1295130876264863,2021,False,-2.468992537084491,
locally_periodic,8,57714.328845043405,False,240,True,1.7637076125940558,2.302585092994046,2.0870899966008003,2021,True,-2.4612267433636017,
locally_periodic,9,57749.26546286403,False,240,False,1.8182133238430394,1.9006210230421339,2.1121221729507744,2021,False,-2.4354657429899564,
locally_periodic,10,57714.528302812934,True,196,True,1.7502895657884954,2.302585092994046,2.0839418777020566,2021,True,-2.465322352305221,
locally_periodic,11,57798.994692847176,False,240,False,1.8431407241816857,1.6550077864296084,2.1625150149988617,2021,False,-2.397313019155889,
locally_periodic,12,57714.820546888266,True,186,True,1.7676257967249294,2.302585092994046,2.087129337268124,2021,True,-2.457008873923226,
locally_periodic,13,57717.19809958008,True,240,True,1.7544589514665732,2.302585092994046,2.0804463678330807,2021,False,-2.4879921300216656,
locally_periodic,14,57754.54466927724,False,240,True,1.8444988804493394,2.302585092994046,2.15258528619231,2021,False,-2.4555618525057414,
locally_periodic,15,57714.92592099921,True,165,True,1.7616725285865062,2.302585092994046,2.0843109691265873,2021,False,-2.4556853398398713,
locally_periodic,16,57714.73477107306,True,221,True,1.7538200782797524,2.302585092994046,2.0870790515810183,2021,True,-2.4554316382142116,
locally_periodic,17,57714.49419763507,False,240,True,1.7648603533658795,2.302585092994046,2.0899075082622107,2021,True,-2.4653223523052215,
locally_periodic,18,57715.083774875915,True,191,True,1.774149741899076,2.302585092994046,2.0946604409967264,2021,False,-2.4649804762372445,
locally_periodic,19,57714.45166086727,True,179,True,1.7555894133463685,2.302585092994046,2.080894470521569,2021,True,-2.4653223523052246,
additive,0,57012.159713767556,False,240,False,1.6637689800653523,1.0937279191721725,0.4764985414902976,2021,False,1.538187439570563,-2.533331685454555
additive,1,57839.963174453245,False,240,False,0.04476383655391444,-0.3166054502866815,1.570551440439535,2021,False,2.581284520237537,-2.367812153184285
additive,2,57629.000283710804,True,230,False,-2.833467529688643,-1.8425978788663337,1.780889552022952,2021,False,2.1417671892478345,-3.0534437140547137
additive,3,57700.33958889682,False,240,False,-2.139487977317598,-1.8854328127947957,1.8306675089742266,2021,False,2.1847869536758884,-4.936328123397627
additive,4,57095.34798413582,False,240,False,1.4366464314799448,1.1324349563109162,0.8246709996491232,2021,False,1.668624543183563,-2.397313019155889
additive,5,56986.99588113556,False,240,False,1.5188515087443835,1.1878831780850292,0.7197168996677503,2021,False,1.631871524846589,-2.577529532483615
additive,6,58709.826620727436,False,240,False,-1.8000646989627573,-1.7797593835319936,2.4545193585257854,2021,False,2.556827167900946,-11.352613870498123
additive,7,57154.48356155213,False,240,False,1.4119237355191285,1.9448961092451138,1.1241005988948736,2021,False,1.8359111834088988,-2.5801766894758864
additive,8,57454.269906198315,False,240,False,-1.6641860371526043,-0.8101530512579275,1.7792823545640213,2021,False,2.2910463014240476,-2.497931046802292
additive,9,57046.76725829205,False,240,False,1.5098213213247687,1.2664218011467256,0.7048158100025501,2021,False,1.5516858836915097,-2.6044360422980404
additive,10,57636.13015133604,False,240,False,-2.6033295030243804,-1.8999695141680109,1.8142743740866791,2021,False,2.1592667499521445,-3.3947832386794294
additive,11,56996.33202216728,False,240,False,1.5558353038312562,1.1124390752101316,0.597144081517874,2021,False,1.6054821829245634,-2.502730425267603
additive,12,56981.28689169869,False,240,False,1.5167923046272354,1.2880319337019268,0.8211558309219065,2021,False,1.6720399454949535,-2.547516300220386
additive,13,57013.10088330084,False,240,False,1.6543185881686298,1.0880208932270956,0.4814813101418508,2021,False,1.5423508466667697,-2.5142229616429734
additive,14,56979.54158312166,False,240,False,1.5820967456189425,1.1677568468041484,0.6477993163734829,2021,True,1.6009633033367243,-2.5376851580350106
additive,15,57546.98512528585,False,240,False,-1.0345729257870446,-0.5756462732485117,1.6017252648716653,2021,False,2.301432874339837,-2.440261459301955
additive,16,57243.763524448834,False,240,False,1.4119237355191294,1.842068074395237,0.770400739963447,2021,False,1.6145021754877167,-2.397313019155889
additive,17,58137.1785713868,False,240,False,1.7018685619374416,0.693275437253807,-0.5481541778515522,2021,False,0.9403210034901007,-2.760029462618999
additive,18,57017.2300882267,False,240,False,1.3975495538796128,1.524585795697364,0.9801890305827458,2021,False,1.7353435160216046,-2.5663450935490077
additive,19,56989.9667006493,False,240,False,1.3963994194125402,1.3239864284715763,0.8985787968099606,2021,False,1.7022761534869952,-2.5316840406122423
se,0,62376.584506256804,True,139,False,1.590582718271293,1.3821055457134885,-2.0584968310472247,2022,True,,
se,1,62376.646487874285,True,161,False,1.5969513487428388,1.3817442785481973,-2.058496831047223,2022,True,,
se,2,62376.52317868141,True,139,False,1.5887058950612025,1.3798594219551081,-2.0723879052905576,2022,True,,
se,3,62383.7746084522,False,240,False,1.6127399936501086,1.3907533028660877,-2.035827053330787,2022,False,,
se,4,62385.769606915346,False,240,False,1.62131604740761,1.387494268390098,-2.035827053330787,2022,False,,
se,5,62376.585546178634,True,167,False,1.591916011284057,1.3856999730281274,-2.058496831047223,2022,True,,
se,6,62376.39202938544,True,109,False,1.5905827182712924,1.3851668595673652,-2.064532198664295,2022,True,,
se,7,62376.910190370356,True,91,False,1.599451884330438,1.3885318447724837,-2.0593424628976735,2022,False,,
se,8,62377.17456957309,True,109,False,1.6055885052875776,1.3835637781305752,-2.0753180917077043,2022,False,,
se,9,62377.41846724533,True,109,False,1.6042043687539442,1.3864649286214636,-2.0531432601677855,2022,False,,
se,10,62377.10025283987,True,115,False,1.5905827182712924,1.3858092604959642,-2.0547831604813207,2022,False,,
se,11,62376.22262742261,True,121,False,1.5901473258795438,1.383038564158712,-2.0679189950233097,2022,True,,
se,12,62376.37560354111,True,133,False,1.590582718271293,1.3804890940913042,-2.0717847957148527,2022,True,,
se,13,62376.67427666104,True,115,False,1.591740696559852,1.3793793322219432,-2.0616623255883333,2022,True,,
se,14,62376.37215762785,True,109,False,1.6034979140827839,1.381225082958816,-2.0684865429279915,2022,True,,
se,15,62376.319471981406,True,115,False,1.5977571838791949,1.3852727693561033,-2.0595715327931687,2022,True,,
se,16,62376.79374830301,True,201,False,1.5951722644803807,1.3875281458301878,-2.0584968310472265,2022,True,,
se,17,62377.6205867977,True,127,False,1.5978685868977784,1.3766495503641276,-2.077485532762874,2022,False,,
se,18,62376.23878852975,True,109,False,1.59822214630867,1.3858481603274344,-2.0632767844471807,2022,True,,
se,19,62387.8055274118,False,240,False,1.5632517851236891,1.3900086775362812,-2.035827053330787,2022,False,,
matern32,0,58365.72994716066,True,127,False,1.7704721786614526,2.0803666498109283,-2.466552829943219,2022,True,,
matern32,1,58365.64089575852,True,139,False,1.7656969938150113,2.0824488613235554,-2.475427140305848,2022,True,,
matern32,2,58365.45361439392,True,139,False,1.7603669364548353,2.080631986677956,-2.4725011631854987,2022,True,,
matern32,3,58365.80072753833,True,133,False,1.7691634892726282,2.0783887646406587,-2.4785446234139314,2022,True,,
matern32,4,58365.840429952026,True,133,False,1.770472178661453,2.0780333770673165,-2.4761021209393013,2022,True,,
matern32,5,58366.47528332913,True,121,False,1.7434235419810435,2.0749019391832535,-2.461486079879257,2022,False,,
matern32,6,58365.987651932955,True,133,False,1.762442902187542,2.074359369559677,-2.480707284619237,2022,False,,
matern32,7,58365.49719098935,True,139,False,1.7655032463349405,2.0776039439953724,-2.473814262347965,2022,True,,
matern32,8,58366.14918230071,True,121,False,1.7716908189348368,2.077717668656285,-2.4797648678363458,2022,False,,
matern32,9,58365.84075768412,True,120,False,1.770453952577415,2.0870634033382833,-2.4665528299432173,2022,True,,
matern32,10,58365.46406339652,True,127,False,1.7684086130376095,2.0814718862614594,-2.4742379708136593,2022,True,,
matern32,11,58366.887836528724,True,139,False,1.78242925575426,2.083841750078035,-2.4822137465770586,2022,False,,
matern32,12,58365.32652410545,True,121,False,1.7626923118782145,2.0788390971993653,-2.4728765456366006,2022,True,,
matern32,13,58365.8571049263,True,151,False,1.747815446871258,2.076244817658101,-2.4665528299432187,2022,True,,
matern32,14,58366.549742076684,True,115,False,1.7457437035732253,2.074762564371456,-2.4592513568636982,2022,False,,
matern32,15,58366.24603750685,True,115,False,1.7430789548480061,2.072129810048882,-2.4656040902013667,2022,False,,
matern32,16,58365.64816025198,True,138,False,1.760705158792417,2.0763522403302974,-2.4665528299432173,2022,True,,
matern32,17,58365.393480785206,True,163,False,1.7579335100763593,2.0783418650637127,-2.467141429442098,2022,True,,
matern32,18,58365.92878156794,True,115,False,1.751580568104263,2.0756336855806845,-2.4785524221079616,2022,False,,
matern32,19,58365.43704975142,True,109,False,1.761210319272871,2.0763181075236434,-2.4733570995378136,2022,True,,
matern52,0,59343.57582926686,True,145,False,1.6985163945053887,1.7846325351343655,-2.2851946082116665,2022,True,,
matern52,1,59343.81192728668,True,127,False,1.699408201358852,1.7914133946482722,-2.284780964910618,2022,True,,
matern52,2,59343.823225419095,True,195,False,1.6911793924264436,1.7894574540316466,-2.2851946082116674,2022,True,,
matern52,3,59344.116784385355,True,109,False,1.703332170506416,1.7891691301495134,-2.279642401876587,2022,False,,
matern52,4,59343.76507023745,True,133,False,1.7064161875396495,1.7859723949146087,-2.2962331728678658,2022,True,,
matern52,5,59343.65427228535,True,127,False,1.701638111404324,1.7864487515098535,-2.284087608325309,2022,True,,
matern52,6,59343.974585969074,True,195,False,1.6848347581550236,1.7800232685088022,-2.2851946082116674,2022,True,,
matern52,7,59343.43635818317,True,173,False,1.6988295578851067,1.7861114005826082,-2.285194608211663,2022,True,,
matern52,8,59343.54002508811,True,151,False,1.7060429703262794,1.7870398066262032,-2.292176750411022,2022,True,,
matern52,9,59343.3856784427,True,121,False,1.6943974392024646,1.781704636670695,-2.29358856800939,2022,True,,
matern52,10,59343.74530835003,True,185,False,1.6839879787425422,1.7816991064135685,-2.285194608211664,2022,True,,
matern52,11,59345.0086149536,True,103,False,1.6870928275237824,1.7889783818477447,-2.2750395093012417,2022,False,,
matern52,12,59344.374771692936,True,139,False,1.6832489439975402,1.7777025731994744,-2.3022828324064144,2022,False,,
matern52,13,59344.02092482699,True,139,False,1.6976450280182926,1.7807028341355646,-2.3006791453517996,2022,False,,
matern52,14,59344.08118476077,True,139,False,1.6985163945053883,1.7918155028846936,-2.281357152910596,2022,False,,
matern52,15,59343.999090197714,True,139,False,1.7003535306226152,1.786281606461325,-2.300498508787705,2022,False,,
matern52,16,59344.39296310932,True,145,False,1.7051178719740325,1.788737421905006,-2.278806665948088,2022,False,,
matern52,17,59344.059376587364,True,149,False,1.6835715089477599,1.77962254555943,-2.285194608211664,2022,False,,
matern52,18,59343.607148356314,True,139,False,1.7049805105288858,1.7871092839737146,-2.2865899351473593,2022,True,,
matern52,19,59343.68104114333,True,115,False,1.707501709547485,1.7895069708188265,-2.292081891711985,2022,True,,
periodic,0,67682.7836392324,True,115,False,1.680527448466373,0.1295204114809153,-1.69578038758412,2022,True,,
periodic,1,67683.34338422073,True,139,False,1.6648369620007613,0.12340578841661062,-1.6867186627629593,2022,False,,
periodic,2,67683.14918233104,True,145,False,1.6817857906500213,0.12888687375510416,-1.683813774682461,2022,True,,
periodic,3,67682.59584871282,True,145,False,1.6805274484663721,0.127885816971817,-1.6933856405878058,2022,True,,
periodic,4,67683.1259689492,True,109,False,1.6626911693397877,0.12360868917822587,-1.6900621013152548,2022,True,,
periodic,5,67971.05550697171,False,240,False,1.3603449624701662,0.07533271925813351,-1.6731106098676816,2022,False,,
periodic,6,67684.30159603682,True,115,False,1.6753595000338153,0.12110977612196219,-1.7053081269218697,2022,False,,
periodic,7,67683.69377450823,True,121,False,1.6712891053204848,0.12656400015405017,-1.7022342751926456,2022,False,,
periodic,8,67682.82501584229,True,115,False,1.6664427839570661,0.1269563421255388,-1.6914796447442988,2022,True,,
periodic,9,67682.80289873082,True,133,False,1.6805274484663728,0.12952041148091487,-1.685897558428203,2022,True,,
periodic,10,67682.92222914327,True,120,False,1.6805274484663724,0.13160522358789276,-1.6845516977556054,2022,True,,
periodic,11,67683.04257394266,True,145,False,1.6798116082738852,0.13088107080694336,-1.6834173173537517,2022,True,,
periodic,12,67682.88576878658,True,161,False,1.6695219254609202,0.12732408495549624,-1.6957803875841173,2022,True,,
periodic,13,67682.61465776231,True,97,False,1.6807310712614132,0.13094150405831945,-1.6909830218303314,2022,True,,
periodic,14,67684.20673486266,True,145,False,1.667567656995248,0.11942762473070723,-1.704008774829794,2022,False,,
periodic,15,67683.67412992037,True,97,False,1.6789399781206154,0.1293191774906375,-1.7016250866896705,2022,False,,
periodic,16,67682.6436075673,True,127,False,1.6722901524867688,0.12870527449463193,-1.6890306517969869,2022,True,,
periodic,17,67682.84815899777,True,138,False,1.6805274484663726,0.12490403884777432,-1.6937794041298366,2022,True,,
periodic,18,67682.81633045286,True,115,False,1.6747188718750248,0.12368821933695182,-1.6932000161423535,2022,True,,
periodic,19,67683.4316603296,True,115,False,1.666968011093787,0.12374120989497497,-1.7006119849551353,2022,False,,
locally_periodic,0,58382.63041217497,True,217,True,1.7524832326224369,2.302585092994046,2.080366649810928,2022,True,-2.466552829943219,
locally_periodic,1,58822.77320357275,False,240,False,1.8596163221982631,0.9225335781087325,2.2939523992995556,2022,False,-2.398543496793888,
locally_periodic,2,58382.701226995836,True,183,True,1.7601568347985177,2.302585092994046,2.0832594952928476,2022,True,-2.463477859326143,
locally_periodic,3,58383.229672111964,True,176,True,1.769245217981648,2.302585092994046,2.0945516058315947,2022,False,-2.4586816618787535,
locally_periodic,4,58419.45378494317,False,240,True,1.8725347490696043,2.302585092994046,2.1296556689236876,2022,False,-2.5028190151052576,
locally_periodic,5,58391.484871972265,False,240,True,1.7880083570268792,2.302585092994046,2.10459986576975,2022,False,-2.4892226076596597,
locally_periodic,6,58424.3988537922,False,240,True,1.7877896836861131,2.302585092994046,2.1122377199682356,2022,False,-2.37587938552651,
locally_periodic,7,58383.76543318264,True,218,True,1.7342834968968956,2.302585092994046,2.073698452370356,2022,False,-2.46655282994322,
locally_periodic,8,58382.78174491842,True,136,True,1.7643525074827962,2.302585092994046,2.0839302010545038,2022,True,-2.4714858520551175,
locally_periodic,9,58384.684109094844,True,151,True,1.7389727638842778,2.302585092994046,2.0711683957303726,2022,False,-2.482593041658926,
locally_periodic,10,58383.4992567147,True,170,True,1.7440230271708093,2.302585092994046,2.0793219312052287,2022,False,-2.4771163199034594,
locally_periodic,11,58383.641414284095,True,176,True,1.735103136740578,2.302585092994046,2.074395530932315,2022,False,-2.4665528299432156,
locally_periodic,12,58382.98045418976,True,195,True,1.741944588370874,2.302585092994046,2.078189104937034,2022,True,-2.4665528299432165,
locally_periodic,13,58694.5448545359,False,240,False,1.6469195230669096,0.965804029964831,2.0967963228485162,2022,False,-2.4428096226097917,
locally_periodic,14,58382.98130727736,True,170,True,1.757075571070351,2.302585092994046,2.083533720373124,2022,True,-2.4764234895708164,
locally_periodic,15,58382.8281515217,True,231,True,1.7440811411853994,2.302585092994046,2.0795653145191806,2022,True,-2.4665528299432156,
locally_periodic,16,58382.79840486678,True,216,True,1.7710499045842285,2.302585092994046,2.089786499451974,2022,True,-2.4665528299432173,
locally_periodic,17,58404.821382283655,False,240,False,1.7826406327491582,1.9571973290449387,2.1083235390508097,2022,False,-2.4731128342275888,
locally_periodic,18,58382.8318157255,True,212,True,1.7644027599685717,2.302585092994046,2.0836417504353575,2022,True,-2.4665528299432165,
locally_periodic,19,58382.83249967937,True,181,True,1.7470510427203865,2.302585092994046,2.0832639586726365,2022,True,-2.4608133848741565,
additive,0,57665.82647778994,False,240,False,1.662538502427357,1.0937279191721725,0.47526806385230214,2022,False,1.538187439570563,-2.5345621630925512
additive,1,58142.328812859196,False,240,False,-1.279573874673105,-0.6935575295695856,1.765498730022526,2022,False,2.339265650768638,-2.465618613733441
additive,2,57654.419568150406,False,240,False,1.5560871772740839,1.1800748601594484,0.5722014948600428,2022,False,1.5548132129836194,-2.579901718525438
additive,3,58143.02057054129,False,240,False,-1.306183344890856,-0.7104497754759341,1.782286755808628,2022,False,2.3596710914499046,-2.4506410975193282
additive,4,57709.73492151695,False,240,False,1.6985163945053894,0.9785986645224696,0.3819687674264488,2022,False,1.4686487983431682,-2.579901718525437
additive,5,57632.52363561877,False,240,False,1.5541568828699148,1.166995699917181,0.6742987414038701,2022,True,1.617566772886345,-2.540166244523894
additive,6,57643.65815850772,False,240,False,1.57190839391261,1.2017640757665853,0.6029230865783398,2022,False,1.5770029739594889,-2.556786464482844
additive,7,58463.25845712707,False,240,True,-3.6262116330433405,2.302585092994046,1.9273724869515527,2022,False,2.1588887065090283,-2.5336778451068804
additive,8,57639.939782122834,False,240,False,1.5906720588488283,1.1297840551104694,0.5951868404074888,2022,False,1.5761391557877866,-2.552987992311638
additive,9,57639.77816400807,False,240,False,1.5411611042513196,1.1958554519825435,0.6265067727979284,2022,False,1.5924976303186147,-2.545066044987274
additive,10,57638.683132475795,False,240,False,1.6216782101748473,1.1306141456088599,0.6125962758625623,2022,False,1.591692824427486,-2.5333567593650836
additive,11,58489.75905998226,False,240,False,-0.06886324187540124,-0.3527574591740901,1.6657603046178717,2022,False,2.6195579609020117,-2.2876799004787105
additive,12,57986.33171310364,False,240,False,1.4106932578811349,1.6118095650958324,1.0171589730355346,2022,False,1.8872336524306788,-2.3985434967938843
additive,13,58451.828682420135,False,240,False,1.8371451196755104,0.8252900215560608,-0.3224444860636377,2022,False,1.033108417274754,-2.7612599402569935
additive,14,58303.26600063207,False,240,False,-2.280002151501355,-2.0009567731882516,1.8106523232045246,2022,False,2.14709625454313,-5.390954155364509
additive,15,58297.19466877984,True,222,False,-2.4402528917142505,-2.0219575347853964,1.7574812723367153,2022,False,2.1201965921426247,-4.212125714109412
additive,16,57750.330524294666,False,240,False,1.1556371280955506,2.2738027793316204,1.2048230723949356,2022,False,1.8086791150657615,-2.5227894381149385
additive,17,58112.67048173622,False,240,True,0.4135917928499995,2.302585092994046,1.5476645490826668,2022,False,2.050417692118122,-2.465605701919949
additive,18,57840.25667031838,False,240,True,1.1045347376541363,2.302585092994046,1.3287121286248378,2022,False,1.882798529102571,-2.431887289704215
additive,19,58417.94812437917,False,240,True,-3.0505653597948297,2.302585092994046,1.9308308466779855,2022,False,2.1536596149260268,-2.4587612186266923
se,0,63094.49220933826,True,157,False,1.599272487675097,1.3821055457134883,-2.0724768393598643,2023,True,,
se,1,63095.11196099733,True,121,False,1.6165728203043825,1.3879169084490484,-2.0701867170616883,2023,False,,
se,2,63094.694354194304,True,149,False,1.5948805630811604,1.382626204906468,-2.072476839359863,2023,True,,
se,3,63094.99599931238,True,121,False,1.60187329783717,1.3865382409155533,-2.073991397844566,2023,True,,
se,4,63095.14849098041,True,97,False,1.6110252198459778,1.3862349642607965,-2.061058153011349,2023,False,,
se,5,98173.71191851611,False,240,False,1.419383027284937,0.16519119470808669,-8.737391487994412,2023,False,,
se,6,63094.77539359974,True,115,False,1.6003848107065366,1.382286624139079,-2.076998095999469,2023,True,,
se,7,63095.67877954386,True,109,False,1.6074271145948686,1.3900884353305272,-2.0596339949559366,2023,False,,
se,8,63094.62862435401,True,121,False,1.598849168622941,1.3820398167705652,-2.074937519071205,2023,True,,
se,9,63094.61664302414,True,133,False,1.6065955305021238,1.381418944620057,-2.0716058146976164,2023,True,,
se,10,63094.40565395221,True,139,False,1.6035914922813923,1.3834038623311318,-2.0727521087255676,2023,True,,
se,11,63095.09344738783,True,115,False,1.6095883965312563,1.388767462400918,-2.0628993787353758,2023,False,,
se,12,63094.55131166881,True,115,False,1.6009949922757263,1.3857801743057816,-2.069670357207055,2023,True,,
se,13,63095.3834804255,True,109,False,1.599817648280195,1.3778832402189827,-2.077080810935022,2023,False,,
se,14,63095.4129184467,True,133,False,1.6021400591429185,1.3875662519495284,-2.059022192574175,2023,False,,
se,15,63094.60449865705,True,97,False,1.602588156240127,1.3826019329979824,-2.0663769420321114,2023,True,,
se,16,63094.90441165963,True,91,False,1.6038029651255805,1.3880102087897213,-2.064433788144648,2023,True,,
se,17,63094.829395944485,True,115,False,1.6094643325481726,1.387963800394283,-2.0694094371487437,2023,True,,
se,18,63094.625570411474,True,201,False,1.6054905009481428,1.3811121918948661,-2.0724768393598674,2023,True,,
se,19,63095.075280596546,True,151,False,1.6078984873121727,1.383519159278151,-2.078950555330757,2023,False,,
matern32,0,59012.01410327421,True,109,False,1.761173002026241,2.080366649810928,-2.4805328382558582,2023,True,,
matern32,1,59013.200407724245,True,103,False,1.767688941506803,2.072911349009632,-2.493800608591239,2023,False,,
matern32,2,59012.16570970893,True,127,False,1.779619873911101,2.0809191795798525,-2.48494831310828,2023,True,,
matern32,3,59011.871940202385,True,181,False,1.7800171478233555,2.0868430336792,-2.477813185857199,2023,True,,
matern32,4,59011.8600716563,True,115,False,1.778663680444197,2.0837997337431986,-2.475106926862355,2023,True,,
matern32,5,59012.18042790748,True,145,False,1.7828426457609632,2.0875748643497034,-2.482700545372753,2023,True,,
matern32,6,59011.947207948826,True,139,False,1.7640978349789092,2.079856767639217,-2.483928789486568,2023,True,,
matern32,7,59013.00116521619,True,133,False,1.7485995311054847,2.07481875893222,-2.470682640761988,2023,False,,
matern32,8,59012.15562816566,True,109,False,1.7643946519361209,2.080303491672922,-2.485934352122354,2023,True,,
matern32,9,59011.65912102527,True,149,False,1.7677482503116564,2.079881062606223,-2.4805328382558565,2023,True,,
matern32,10,59012.27005880351,True,91,False,1.7828620431348987,2.0847078414507165,-2.4863162782064956,2023,False,,
matern32,11,59011.70350003664,True,115,False,1.775218680711696,2.0847141697935605,-2.4764286476970443,2023,True,,
matern32,12,59014.07768900276,True,115,False,1.8025031522767647,2.0975272396737377,-2.473802459026919,2023,False,,
matern32,13,59011.71012264675,True,167,False,1.766274484531864,2.080597447816726,-2.4805328382558565,2023,True,,
matern32,14,59012.037141509514,True,121,False,1.7718624557179414,2.0801527592361277,-2.4875227469181516,2023,True,,
matern32,15,59012.44690493983,True,109,False,1.763865618319198,2.0814047447782835,-2.4663828824397838,2023,False,,
matern32,16,59011.870954784885,True,108,False,1.7784967229581463,2.0860089146930303,-2.480532838255857,2023,True,,
matern32,17,59011.96052718664,True,145,False,1.7764023458778044,2.080366649810928,-2.4783713905172178,2023,True,,
matern32,18,59011.86365869176,True,154,False,1.7611730020262406,2.076463770992209,-2.4805328382558565,2023,True,,
matern32,19,59011.9993950888,True,167,False,1.779161948065256,2.085148487683832,-2.4719138120164708,2023,True,,
matern52,0,60004.42680327606,True,121,False,1.7072061639091933,1.784632535134365,-2.2991746165243057,2023,True,,
matern52,1,60004.7513403984,True,157,False,1.7030572462364566,1.7884693824200455,-2.303353661333906,2023,True,,
matern52,2,60004.63843337266,True,121,False,1.7023081126695516,1.7904940840091679,-2.2915643849072787,2023,True,,
matern52,3,60004.23145249932,True,143,False,1.7040968737182094,1.7855969712862325,-2.299174616524304,2023,True,,
matern52,4,60004.50034071671,True,145,False,1.7037912053959996,1.782982130496206,-2.298730859223649,2023,True,,
matern52,5,60005.07342884851,True,115,False,1.718561888983341,1.7936372625286001,-2.296067619521261,2023,False,,
matern52,6,60005.026523542576,True,133,False,1.7177164299023389,1.7932813275769561,-2.2973274838563955,2023,False,,
matern52,7,60004.65388712216,True,120,False,1.7072061639091929,1.7908432135261279,-2.2991746165243043,2023,True,,
matern52,8,60004.63781517195,True,121,False,1.7061224383885192,1.7913741286338758,-2.296175045024036,2023,True,,
matern52,9,60004.65144067641,True,109,False,1.7134086772284598,1.7885453089556513,-2.2932235275491286,2023,True,,
matern52,10,60004.6289590045,True,209,False,1.7034313841760405,1.7821573964656843,-2.2991746165243083,2023,True,,
matern52,11,60004.66515761151,True,121,False,1.7112219392609285,1.7886388274249423,-2.2911165471345867,2023,True,,
matern52,12,60004.68478702713,True,127,False,1.707206163909193,1.7831307159100371,-2.3025059538961936,2023,True,,
matern52,13,60005.82445265395,True,115,False,1.7193928438837969,1.792235235992033,-2.3062382404654604,2023,False,,
matern52,14,60004.46720082128,True,139,False,1.7087858015761976,1.7892600202491176,-2.300386189209304,2023,True,,
matern52,15,60005.25165497948,True,133,False,1.697133541989323,1.7844547278166696,-2.3088657573062643,2023,False,,
matern52,16,60004.688985220215,True,115,False,1.7031994961407884,1.7899891038838756,-2.289187356581359,2023,True,,
matern52,17,60005.032957359814,True,115,False,1.7009341829667788,1.784298115751696,-2.288707208810371,2023,False,,
matern52,18,60005.112990565125,True,139,False,1.7120493514231365,1.7896323533447906,-2.2871915211038725,2023,False,,
matern52,19,60006.36249441569,True,139,False,1.6999804068220863,1.7929690575181938,-2.2803971665824925,2023,False,,
periodic,0,68534.64809273757,True,103,False,1.6892172178701772,0.1295204114809153,-1.6870906181803151,2023,True,,
periodic,1,68534.63748494769,True,149,False,1.68317226507447,0.12832122730076945,-1.6870906181803134,2023,True,,
periodic,2,68534.73174449889,True,109,False,1.6843889353842125,0.13078322500250705,-1.6979426113666074,2023,True,,
periodic,3,68534.9113268073,True,139,False,1.684810726059304,0.12636553826823557,-1.6992109003913798,2023,True,,
periodic,4,68534.69780128429,True,127,False,1.6850669446883217,0.13154416794912394,-1.6972969843614014,2023,True,,
periodic,5,68535.29207454255,True,121,False,1.6892172178701765,0.12994664834956537,-1.7017619403969684,2023,False,,
periodic,6,68534.50974532639,True,97,False,1.6765116007706113,0.13020744946003143,-1.6908677865908028,2023,True,,
periodic,7,68534.45349407489,True,133,False,1.6799880572699506,0.12995406948759558,-1.687895543940651,2023,True,,
periodic,8,68534.96449893154,True,121,False,1.6775698668019592,0.13032466873396942,-1.6835794029211906,2023,True,,
periodic,9,68535.3817315557,True,133,False,1.683471298560538,0.1307512023510231,-1.7015440238886892,2023,False,,
periodic,10,68535.04111280065,True,127,False,1.670863401309368,0.12620277691425988,-1.6881603043314157,2023,True,,
periodic,11,68534.48142601686,True,115,False,1.6827291671475009,0.1312474053971976,-1.6863755354378709,2023,True,,
periodic,12,68535.09740487994,True,115,False,1.7009051883404804,0.1384999603002711,-1.6860889995711879,2023,True,,
periodic,13,68712.17507848589,False,240,False,1.4725690136035756,0.04649946970154756,-1.6644208404638783,2023,False,,
periodic,14,68535.45576766893,True,109,False,1.6703206015793333,0.1266554074886303,-1.6845188080756417,2023,False,,
periodic,15,68534.68275854082,True,127,False,1.6815012870460606,0.1260900230463953,-1.6967384501416545,2023,True,,
periodic,16,68534.55811715589,True,127,False,1.6908609054113126,0.12855948883403504,-1.6921720420120971,2023,True,,
periodic,17,68535.06891734853,True,115,False,1.6721446200034968,0.12421110758753068,-1.6969412944725781,2023,True,,
periodic,18,68534.57284670869,True,121,False,1.6828880753203987,0.13094139321216614,-1.685505417394428,2023,True,,
periodic,19,68535.31971930945,True,103,False,1.6744270657917293,0.13054721758209775,-1.682197059538851,2023,False,,
locally_periodic,0,59029.551308159964,True,186,True,1.779161948065257,2.302585092994046,2.0885814863297214,2023,True,-2.4805328382558582,
locally_periodic,1,59029.42325389761,True,199,True,1.7585431118348336,2.302585092994046,2.085824676920522,2023,True,-2.4805328382558565,
locally_periodic,2,59030.22154538409,True,189,True,1.7436017603207947,2.302585092994046,2.076739605914171,2023,False,-2.4805328382558565,
locally_periodic,3,59059.53546300533,False,240,False,1.840522114860386,2.225282745802957,2.0967963228485145,2023,False,-2.526162005522757,
locally_periodic,4,59031.42145163798,True,176,True,1.7963446860212298,2.302585092994046,2.100852557899144,2023,False,-2.4805328382558565,
locally_periodic,5,59086.08373550669,False,240,True,1.7277384161359364,2.302585092994046,2.1204016833116883,2023,False,-2.3898537273900846,
locally_periodic,6,59029.31693155177,True,191,True,1.7640574403844642,2.302585092994046,2.08981024804423,2023,True,-2.477009030429403,
locally_periodic,7,59029.40230763002,True,237,True,1.7699282194303576,2.302585092994046,2.0933712346742634,2023,True,-2.4656865727629422,
locally_periodic,8,59029.197870916876,True,213,True,1.7552559181078256,2.302585092994046,2.0848473551861804,2023,True,-2.471824522469765,
locally_periodic,9,59029.245571006955,True,157,True,1.7617114556238909,2.302585092994046,2.0897961388497497,2023,True,-2.4700182512135043,
locally_periodic,10,59031.42937044351,False,240,True,1.7736225371249892,2.302585092994046,2.1000845040778846,2023,False,-2.4552354682079613,
locally_periodic,11,59097.49169964384,False,240,False,1.8074348805970348,1.935100608497626,2.113218935247746,2023,False,-2.381432616606403,
locally_periodic,12,59030.387205604246,True,218,True,1.7419689272131278,2.302585092994046,2.074896978454683,2023,False,-2.4765875523505447,
locally_periodic,13,59032.42574230675,False,240,True,1.8056129251821533,2.302585092994046,2.104229622534831,2023,False,-2.4765693740801256,
locally_periodic,14,59064.841003270994,False,240,True,1.7902405487499775,2.302585092994046,2.115285805821701,2023,False,-2.38985372739008,
locally_periodic,15,59213.844004832004,False,240,False,1.8748148684751316,1.9609570053629604,2.162515014998863,2023,False,-2.301213088879145,
locally_periodic,16,59158.78238191909,False,240,False,1.8791473717058278,1.5542449377709813,2.190825978838715,2023,False,-2.3898537273900846,
locally_periodic,17,59029.718169943226,True,220,True,1.7623599564183439,2.302585092994046,2.0848174539042845,2023,False,-2.486076500758504,
locally_periodic,18,59029.61985243899,True,167,True,1.7494141495019422,2.302585092994046,2.079141231151325,2023,True,-2.4786578046101937,
locally_periodic,19,59029.11166595238,True,239,True,1.7653948741973349,2.302585092994046,2.0833863898951526,2023,True,-2.4762318428944057,
additive,0,58281.81719962688,False,240,False,1.5632945955970654,1.151292546497024,0.6278694015682343,2023,False,1.5710467856457364,-2.571211949121635
additive,1,58296.46320250533,False,240,False,1.535575199419981,1.1394942437812599,0.670493403163023,2023,False,1.5688174649942366,-2.592761665243137
additive,2,58860.4700636466,False,240,False,1.419383027284938,1.381551055796428,0.5762109805696304,2023,False,1.37655402157088,-2.752570170853186
additive,3,60123.848611456546,False,240,False,1.9554838605908995,0.9210340371976184,-0.09626381809478135,2023,False,0.8731003722297991,-3.115286614316296
additive,4,58367.615451141435,False,240,False,1.2366304817961473,1.4966803104461301,1.0732514183718576,2023,False,1.7764317004708539,-2.608730655261882
additive,5,58281.060375520974,False,240,False,1.479568456196201,1.2664218011467256,0.8433129291367014,2023,False,1.682151243891364,-2.571211949121633
additive,6,58949.04471324728,False,240,False,-2.2694346255810305,-2.01476195636979,1.8087557648143116,2023,False,2.152627235078698,-5.790320384856695
additive,7,58306.24853080943,False,240,False,1.358650161270859,1.4500977480172772,0.9967451650816531,2023,False,1.7307017398583109,-2.548215220293775
additive,8,58436.55901826026,False,240,False,1.29737050173309,1.7269388197455342,1.2608518370554938,2023,False,1.8403167368673548,-2.4662154953415114
additive,9,58414.084162111525,False,240,False,1.7072061639091936,1.1512925464970234,0.5870301289204287,2023,False,1.651313520268997,-2.38985372739008
additive,10,58761.69085638791,False,240,False,-1.8079398512329727,-0.8389351304956327,1.7838665310605688,2023,False,2.27752272626197,-2.496135131567825
additive,11,58270.40097100401,False,240,False,1.5271753683169114,1.2417010559212236,0.7632496524904706,2023,True,1.6407541003082193,-2.552693422083106
additive,12,58496.77410717914,False,240,False,1.7072061639091936,1.3815510557964275,0.7619275899556758,2023,False,1.5431552433807383,-2.752570170853186
additive,13,58297.46454609186,False,240,False,1.6075577716943206,1.0937279191721723,0.5519813398178557,2023,False,1.5879945727417422,-2.5341623892914633
additive,14,58970.54599221098,False,240,False,-3.041875590391026,-2.0003707995385773,1.7047748051143385,2023,False,2.080366649810928,-3.115286614316292
additive,15,59154.29188835406,False,240,True,-0.5953789290848521,2.302585092994046,2.028371178448497,2023,False,2.175850558507129,-2.4009274360137947
additive,16,59047.73941801438,False,240,True,-3.185787158703153,2.302585092994046,1.7139463359326927,2023,False,2.012551531621022,-2.5428698225021034
additive,17,58302.05038858059,False,240,False,1.6352503797531295,1.0793367623409587,0.5145174623716031,2023,False,1.5236756250760486,-2.5596685391732565
additive,18,59469.10401539272,False,240,False,1.8563153297987323,0.8059047825479159,-0.5285093567363097,2023,False,0.9119220428042852,-2.7525701708531884
additive,19,58418.31999572678,False,240,False,1.7072061639091927,0.9957364950732466,0.22122198210069444,2023,False,1.4127770860239126,-2.571211949121633
se,0,63734.10420762462,True,157,False,1.5986140495462273,1.3821055457134883,-2.073135277488734,2024,True,,
se,1,63734.25233547292,True,121,False,1.604929048495911,1.3819277095521063,-2.0721379515798555,2024,True,,
se,2,63734.408852040186,True,121,False,1.6106198642726195,1.3829905000118576,-2.071723373478761,2024,True,,
se,3,63734.034225064,True,109,False,1.6032598553415696,1.3827512453082142,-2.072886387270311,2024,True,,
se,4,63734.07166407371,True,115,False,1.5990927271477424,1.3811115097580395,-2.075930271040172,2024,True,,
se,5,63734.602883824904,True,121,False,1.6023321728986775,1.3875650319056323,-2.068672357105873,2024,True,,
se,6,63734.66383223441,True,133,False,1.598614049546227,1.387506992111259,-2.0710659883179687,2024,False,,
se,7,63734.748342380655,True,109,False,1.5983554377394744,1.3835141969512907,-2.0666751427418233,2024,False,,
se,8,63735.595218673145,True,115,False,1.5978556559854704,1.3880054489048215,-2.06302270235222,2024,False,,
se,9,63734.57797795322,True,121,False,1.5949783809627998,1.3790222539683772,-2.0755506696356254,2024,True,,
se,10,63733.99482677279,True,127,False,1.605830087836018,1.3837124317171987,-2.073135277488736,2024,True,,
se,11,63733.99978955562,True,139,False,1.6005431244513615,1.3815341580939224,-2.078324095067149,2024,True,,
se,12,63734.67588556657,True,109,False,1.6048060089794183,1.3877864121993402,-2.0676176726986744,2024,False,,
se,13,63757.312690790175,False,240,False,1.5700454458642261,1.3935206330345558,-2.0277957220558536,2024,False,,
se,14,63734.38054556908,True,115,False,1.6013374866395873,1.3792070265305159,-2.079605559257257,2024,True,,
se,15,63752.83106679024,False,240,False,1.616709207294831,1.3949764643598492,-2.0277957220558536,2024,False,,
se,16,63734.56017719647,True,127,False,1.5996965810757062,1.386176378645072,-2.078876778374045,2024,True,,
se,17,63734.86760445485,True,103,False,1.6007261970371127,1.3779065185626087,-2.0840292558902527,2024,False,,
se,18,63735.092581698824,True,196,False,1.6158810543496154,1.3894930912148893,-2.073135277488737,2024,False,,
se,19,63734.73540342624,True,178,False,1.6161408509882815,1.3878859259008154,-2.073135277488737,2024,False,,
matern32,0,59599.2941541058,True,109,False,1.7605145638973714,2.080366649810928,-2.481191276384728,2024,True,,
matern32,1,59599.15251638659,True,143,False,1.7770054377612985,2.0855107038365936,-2.481191276384726,2024,True,,
matern32,2,59599.59028855995,True,115,False,1.7735427309122815,2.0825207231538747,-2.4758198667344464,2024,True,,
matern32,3,59599.73988870874,True,151,False,1.7853784650291908,2.083903577776391,-2.4923256164649406,2024,False,,
matern32,4,59600.58084032836,True,157,False,1.7770156634089243,2.0911909331014584,-2.4703350348494366,2024,False,,
matern32,5,59599.28091617704,True,157,False,1.757668587085521,2.076207241715193,-2.4883880856552407,2024,True,,
matern32,6,59599.1120190214,True,178,False,1.774513882552087,2.0829042299343543,-2.481191276384726,2024,True,,
matern32,7,59601.47868522481,True,121,False,1.7405345241127224,2.0695529172875244,-2.476860209369332,2024,False,,
matern32,8,59599.0951716463,True,184,False,1.7681720387063036,2.080236430134835,-2.4811912763847306,2024,True,,
matern32,9,59599.9454160102,True,145,False,1.7488953709829105,2.0726904737246277,-2.489350481189869,2024,False,,
matern32,10,59599.33045666535,True,145,False,1.7750998213137101,2.087164200706194,-2.4799347705589976,2024,True,,
matern32,11,59599.20301873083,True,121,False,1.7791893002456998,2.082633818006816,-2.487643330428183,2024,True,,
matern32,12,59599.40413816388,True,139,False,1.7785035099363875,2.0840532333055455,-2.4790469394151597,2024,True,,
matern32,13,59599.43645369917,True,133,False,1.770142925463506,2.0862314084418276,-2.4789821212560024,2024,True,,
matern32,14,59599.091977172415,True,115,False,1.7722032767910818,2.079312602246481,-2.4882760302770923,2024,True,,
matern32,15,59599.38444522816,True,184,False,1.7826412427121239,2.0868586221606362,-2.4811912763847306,2024,True,,
matern32,16,59599.69656496272,True,115,False,1.787647968703804,2.087778456029584,-2.482054113076682,2024,False,,
matern32,17,59599.03527300595,True,133,False,1.7665521368575523,2.0814865886707694,-2.482108801984847,2024,True,,
matern32,18,59599.59804468733,True,175,False,1.7584561348271073,2.0748072433484173,-2.49484632844516,2024,True,,
matern32,19,59599.48377188943,True,144,False,1.762138933452779,2.0830020887475076,-2.4811912763847266,2024,True,,
matern52,0,60602.5021756613,True,121,False,1.7065477257803237,1.784632535134365,-2.2998330546531753,2024,True,,
matern52,1,60602.68180531563,True,115,False,1.6927689475785068,1.7843333896452507,-2.2964232639304454,2024,True,,
matern52,2,60602.078405270644,True,121,False,1.7021398192897272,1.784359173468599,-2.3066888534047765,2024,True,,
matern52,3,60603.13445389677,True,133,False,1.6849225128605936,1.7818690008896687,-2.297789191641619,2024,False,,
matern52,4,60603.04248113792,True,127,False,1.716469815371227,1.7941692982291608,-2.3014146457339817,2024,False,,
matern52,5,60602.300156606885,True,155,False,1.6981995269662216,1.7878579043245173,-2.2998330546531736,2024,True,,
matern52,6,60602.99316063257,True,145,False,1.6885587797413066,1.7800686433010802,-2.2992842886675686,2024,False,,
matern52,7,60602.64134007483,True,133,False,1.7011708914468124,1.7840800473156642,-2.2969433609042427,2024,True,,
matern52,8,60602.96627008409,True,133,False,1.7065477257803232,1.782280297526961,-2.31505887754623,2024,False,,
matern52,9,60603.35203015436,True,97,False,1.6923533936755206,1.7878766151414494,-2.2919637474652204,2024,False,,
matern52,10,60602.20396466803,True,121,False,1.7072450284196157,1.7871188572246848,-2.307896746869563,2024,True,,
matern52,11,60602.227572194155,True,127,False,1.69404119201236,1.7840395490544227,-2.3020193128734663,2024,True,,
matern52,12,60602.56264955213,True,157,False,1.708352711220946,1.7837754422287013,-2.31118684860992,2024,True,,
matern52,13,60602.643388748686,True,163,False,1.696390609641708,1.7889625610776732,-2.2979202749568195,2024,True,,
matern52,14,60602.7473215511,True,145,False,1.7092906656284572,1.787129982841916,-2.2960038548786463,2024,False,,
matern52,15,60602.47003681964,True,151,False,1.6907989048157563,1.7826349807577901,-2.3083230299934026,2024,True,,
matern52,16,60602.85922344978,True,121,False,1.6999258302122915,1.7852379528948963,-2.3144539201940586,2024,False,,
matern52,17,60602.612238189184,True,161,False,1.709898793395132,1.7922622289488948,-2.2998330546531736,2024,True,,
matern52,18,60602.61240755411,True,115,False,1.7101367798300178,1.7920668709298315,-2.3029807347703706,2024,True,,
matern52,19,60602.34978136867,True,127,False,1.6927851434465109,1.781490903507085,-2.3077640444420853,2024,True,,
periodic,0,69256.24689804306,True,109,False,1.6885587797413075,0.1367159898965217,-1.6877490563091848,2024,False,,
periodic,1,69256.18774726237,True,167,False,1.690837479292981,0.1319691547046319,-1.6877490563091828,2024,True,,
periodic,2,69256.6818479556,True,145,False,1.681662247552871,0.12952041148091487,-1.7070680960634497,2024,False,,
periodic,3,69256.9549233438,True,143,False,1.6705698337022912,0.12615618162229805,-1.6877490563091833,2024,False,,
periodic,4,69255.6641160174,True,151,False,1.6802244076427713,0.1298344487729074,-1.6994364429617281,2024,True,,
periodic,5,69256.44704979086,True,127,False,1.6711495460336574,0.1270455843224298,-1.6900468245423161,2024,False,,
periodic,6,69256.23901658854,True,121,False,1.7012735056309949,0.13747075719997212,-1.6941647460177818,2024,False,,
periodic,7,69256.5929209321,True,127,False,1.688558779741307,0.12823919192253053,-1.7072964941300937,2024,False,,
periodic,8,69325.42931941849,False,240,False,1.645167398753256,0.1820543697628939,-1.665079278592748,2024,False,,
periodic,9,69255.54261367701,True,139,False,1.6885587797413069,0.12973436442627154,-1.696124617022267,2024,True,,
periodic,10,69255.92571443606,True,109,False,1.6954434831356597,0.13355403869495153,-1.6907069772459062,2024,True,,
periodic,11,69256.20884467103,True,239,False,1.685739310665291,0.13581388479236164,-1.687749056309183,2024,True,,
periodic,12,69255.57031877336,True,121,False,1.6879978766452701,0.1307711290760062,-1.6990901692993687,2024,True,,
periodic,13,69256.01551898029,True,121,False,1.6933508391706058,0.13319640185595044,-1.6890915024406632,2024,True,,
periodic,14,69256.049504593,True,133,False,1.6998584768480929,0.13611394630690593,-1.6951961045984307,2024,True,,
periodic,15,69256.26597673286,True,127,False,1.693984390569366,0.13353562121886284,-1.6874007061900942,2024,False,,
periodic,16,69255.99702392632,True,115,False,1.6887315677880614,0.13648194887032394,-1.6905749099035388,2024,True,,
periodic,17,69374.43984291848,False,240,False,1.6801517598061024,0.064527530127583,-1.665079278592748,2024,False,,
periodic,18,69256.3455286135,True,133,False,1.6787502362045708,0.1293542015337594,-1.7047739212878485,2024,False,,
periodic,19,69256.26115277744,True,145,False,1.6818392329955185,0.13480327559448388,-1.687663143142062,2024,False,,
locally_periodic,0,59616.576870494086,True,193,True,1.7605145638973714,2.302585092994046,2.0885814863297214,2024,True,-2.481191276384728,
locally_periodic,1,59616.482993366924,True,144,True,1.7634982176772078,2.302585092994046,2.0828520474759027,2024,True,-2.481921991988414,
locally_periodic,2,59697.37187801932,False,240,False,1.8233777056238378,1.8847051821678833,2.1625150149988617,2024,False,-2.39051216551895,
locally_periodic,3,59616.32016010721,True,158,True,1.7691064872288222,2.302585092994046,2.0886205585759616,2024,True,-2.4778839725876067,
locally_periodic,4,59791.30117313833,False,240,False,1.8288035648139096,2.1196401738659145,2.029077509885155,2024,False,-2.617454390494102,
locally_periodic,5,59620.68830082734,False,240,True,1.761497570515396,2.302585092994046,2.098961794336538,2024,False,-2.457170677099704,
locally_periodic,6,59699.40192214689,False,240,False,1.8630852451792943,2.0755695830394383,2.133671286449,2024,False,-2.56106830409864,
locally_periodic,7,59617.34510293833,False,240,True,1.787359552038,2.302585092994046,2.0971748848429628,2024,False,-2.4785435016688004,
locally_periodic,8,59616.62723581159,True,154,True,1.769708889431511,2.302585092994046,2.0924140762154573,2024,True,-2.481191276384726,
locally_periodic,9,59882.16135710133,False,240,False,1.6924410083042456,1.448904409597232,2.1625150149988634,2024,False,-2.286989156204619,
locally_periodic,10,59653.01219870619,False,240,False,1.752322935965091,2.072326583694642,2.115473913030586,2024,False,-2.4135471363058603,
locally_periodic,11,59692.26405886424,False,240,True,1.8980586272089144,2.302585092994046,2.162515014998863,2024,False,-2.3905623444099446,
locally_periodic,12,77332.50933638372,False,240,False,1.2780479261913715,-0.6858559393539916,3.2040087307210197,2024,False,-3.1159450524451704,
locally_periodic,13,59617.033689548225,True,150,True,1.759013578348722,2.302585092994046,2.0898036698926763,2024,False,-2.4715356229234318,
locally_periodic,14,59710.259881272905,False,240,False,1.8770346976849865,2.0147619563697896,2.1550547658769923,2024,False,-2.3739927849621947,
locally_periodic,15,59617.80010805075,True,222,True,1.7425256178583541,2.302585092994046,2.075520144216298,2024,False,-2.4901915399170456,
locally_periodic,16,59616.966983903374,True,173,True,1.7794723484487232,2.302585092994046,2.088893331041239,2024,False,-2.4880797992187915,
locally_periodic,17,59617.473802220156,True,177,True,1.7432904784335626,2.302585092994046,2.0763935373870694,2024,False,-2.481191276384726,
locally_periodic,18,59617.28711361572,True,153,True,1.7836602230101548,2.302585092994046,2.0949572250876503,2024,False,-2.486995189857355,
locally_periodic,19,59616.454321842124,True,150,True,1.7602455727409168,2.302585092994046,2.0875805306019948,2024,True,-2.4811912763847266,
additive,0,58857.57710159049,False,240,False,1.5626361574681957,1.151292546497024,0.6991667475954286,2024,True,1.60390613172091,-2.5718703872505047
additive,1,58977.58658957584,False,240,False,1.711190140372142,0.9533469189201057,0.27269349544578886,2024,False,1.4302174477060607,-2.571870387250503
additive,2,58937.97656404808,False,240,False,1.4187245891560682,1.2088571738218745,0.9897293566375613,2024,False,1.6950049912369989,-2.60487636976776
additive,3,58861.912270890956,False,240,False,1.562636157468196,1.1834011724986975,0.6319219778339749,2024,False,1.6011314478117986,-2.5332467884762613
additive,4,59827.415357109836,False,240,False,1.6677262221585223,0.7358645290986505,-0.4203969959056899,2024,False,1.1096787313354413,-2.75322860898206
additive,5,58931.62688795175,False,240,False,1.7065477257803234,0.9950953794673724,0.3660910461338712,2024,False,1.4902511497994544,-2.571870387250503
additive,6,58871.7422517545,False,240,False,1.6345919416242598,1.093727919172172,0.6178223545116067,2024,False,1.5931318353896708,-2.591213780553965
additive,7,58865.03844043084,False,240,False,1.494053502645941,1.208857173821874,0.8159966438501839,2024,False,1.6875205833476576,-2.5012307478484135
additive,8,59747.20490547068,False,240,False,-2.0351530503350013,-1.8659664458731342,1.99437086240458,2024,False,2.293952399299557,-10.188915699975714
additive,9,59370.127368443456,False,240,False,-1.891241482022873,-0.8634694098727675,1.7026614635527662,2024,False,2.2299147910978765,-2.470976068317139
additive,10,59364.451338576924,False,240,False,-1.495484669164522,-0.7764893859559244,1.7732007816922701,2024,False,2.306192107729018,-2.5240075072226382
additive,11,58902.66403966624,False,240,False,1.657227652568028,1.0665008204657267,0.4368809660108025,2024,False,1.5001659410208454,-2.564963747086109
additive,12,59535.31669197626,False,240,False,-2.778249458357588,-1.8780459664732683,1.8124812256901697,2024,False,2.155756607477571,-3.1670115421286624
additive,13,59555.50751933476,False,240,False,-2.201124639746254,-1.9946239753574744,1.8394103134107787,2024,False,2.179631437503506,-7.4745844016845195
additive,14,58857.50445726571,False,240,False,1.4765596131207814,1.2614729503035014,0.8282738690317392,2024,True,1.6855173393832446,-2.532866301158901
additive,15,58985.65143511178,False,240,False,1.2748130208439405,2.2450204656691946,0.9843900582317815,2024,False,1.7402872839035615,-2.618560147411515
additive,16,59724.57348014298,False,240,False,-0.052729170828194644,-0.3315800378607177,1.6389746860134147,2024,False,2.562050298872018,-2.3080911743741312
additive,17,59385.25158322982,False,240,False,-1.3199089960749992,-0.7207302206481081,1.7681442620442929,2024,False,2.361291389552596,-2.445047896864119
additive,18,59023.9644236969,False,240,False,1.1309014525318126,1.7269388197455338,1.2812314629925616,2024,False,1.8771511896890984,-2.4603361850731367
additive,19,59344.38156022108,False,240,False,1.6484328499779242,0.7642493306278686,0.013505854418366714,2024,False,1.3173141663559356,-2.753228608982057
se,0,64409.07561113694,True,151,False,1.618648202066683,1.3903203822322818,-2.071090071007294,2025,False,,
se,1,64407.937097461865,True,109,False,1.613158375915237,1.3850556121619952,-2.073035808460785,2025,False,,
se,2,64408.35071045687,True,97,False,1.595241410851509,1.3789492771474865,-2.0758061713871476,2025,False,,
se,3,64443.38820252608,False,240,False,1.5778022265590643,1.3765097161896687,-2.025750515574413,2025,False,,
se,4,64408.09138570517,True,161,False,1.6106174908925706,1.3861047056550246,-2.071090071007293,2025,False,,
se,5,64407.79693733332,True,127,False,1.612434128083341,1.386909569308032,-2.082827806611237,2025,True,,
se,6,64407.9215467581,True,121,False,1.6023859936438327,1.3875218420387974,-2.0772643106091193,2025,False,,
se,7,64408.00081259584,True,127,False,1.6026649105215114,1.3873237633105515,-2.0735341717560636,2025,False,,
se,8,64407.44858703633,True,115,False,1.5961307194345682,1.3824177325616653,-2.080226056793642,2025,True,,
se,9,64407.88922843506,True,97,False,1.5951129031511033,1.3808262232644175,-2.0882646294539606,2025,False,,
se,10,64407.68774927409,True,121,False,1.6109217156331388,1.3829238094318206,-2.0754973304624977,2025,True,,
se,11,64407.19009809591,True,115,False,1.6077746685770744,1.382583465648777,-2.082115026075894,2025,True,,
se,12,64407.37295640052,True,97,False,1.6108467478217317,1.3855265315028997,-2.0799020907437793,2025,True,,
se,13,100458.86866350705,False,240,False,1.3346500902666811,0.15523754553576602,-6.015631393668554,2025,False,,
se,14,64407.66802469037,True,115,False,1.6057074406634744,1.3863590040168698,-2.074317672005772,2025,True,,
se,15,64408.03577611717,True,115,False,1.6079045613715015,1.3820914303754246,-2.091313351997035,2025,False,,
se,16,64407.77965500226,True,139,False,1.6141071586175793,1.3832903508621872,-2.0874493696518264,2025,True,,
se,17,64408.21982800659,True,195,False,1.6002260080605495,1.3864006786010115,-2.071090071007296,2025,False,,
se,18,64408.48408379843,True,148,False,1.60781006857371,1.389024973228326,-2.0710900710072924,2025,False,,
se,19,64408.210258893654,True,143,False,1.6006592560276667,1.3864975584729096,-2.071090071007295,2025,False,,
matern32,0,60219.813137427635,True,115,False,1.780548716417827,2.080366649810928,-2.501815847619733,2025,True,,
matern32,1,60219.861291046866,True,167,False,1.7711302010195489,2.0750996690474275,-2.5018158476197305,2025,True,,
matern32,2,60220.0139901961,True,133,False,1.779335162185474,2.0801615209196402,-2.505012574270198,2025,True,,
matern32,3,60219.62037879509,True,121,False,1.7600765771188769,2.0785618283228833,-2.4927286956706687,2025,True,,
matern32,4,60220.202722730624,True,183,False,1.7852216612968261,2.0869856478798234,-2.501815847619734,2025,False,,
matern32,5,60219.65090800872,True,109,False,1.7747225258716122,2.0861782754765117,-2.4921231931976577,2025,True,,
matern32,6,60219.529676409904,True,121,False,1.7620035563117296,2.078361563779758,-2.4961418112998914,2025,True,,
matern32,7,60219.62499492819,True,145,False,1.7758824661620936,2.0802828098210693,-2.4888622228988284,2025,True,,
matern32,8,60220.22935579337,True,162,False,1.7625597703788096,2.0755603615615104,-2.5065768731019626,2025,False,,
matern32,9,60220.052400965746,True,85,False,1.7641461379342067,2.08139114146695,-2.4823754790600447,2025,True,,
matern32,10,60219.69777236019,True,115,False,1.7861440515540896,2.085626450559119,-2.494685322917787,2025,True,,
matern32,11,60222.821507232264,True,184,False,1.8042990425068977,2.0993255005793805,-2.47914606990329,2025,False,,
matern32,12,60220.33495430654,True,97,False,1.787262711512632,2.085727723457954,-2.503730860026072,2025,False,,
matern32,13,60220.14944645039,True,157,False,1.751489758100517,2.072788918638636,-2.492830575059241,2025,False,,
matern32,14,60219.65796473151,True,121,False,1.7662196801302568,2.0827507974487944,-2.488016808454099,2025,True,,
matern32,15,60220.79267009541,True,143,False,1.7593670809629705,2.0815293667112393,-2.4791460699032863,2025,False,,
matern32,16,60222.017308203765,True,121,False,1.8024770874482197,2.092948130525939,-2.5032725827615883,2025,False,,
matern32,17,60220.29384077828,True,145,False,1.7926161290441804,2.089305963485207,-2.489069240590301,2025,False,,
matern32,18,60219.871237609244,True,115,False,1.7635580444763546,2.079101715816773,-2.501285143475691,2025,True,,
matern32,19,60220.672805480484,True,121,False,1.777374541353412,2.075874439203275,-2.508125394696322,2025,False,,
matern52,0,61233.48414560289,True,115,False,1.6906039862227473,1.7846325351343653,-2.2977878481717364,2025,False,,
matern52,1,61232.094324647565,True,139,False,1.6960062819945365,1.7839972511538398,-2.314865617139834,2025,True,,
matern52,2,61233.103175520664,True,115,False,1.6908746603060945,1.7805432703066384,-2.301972043774999,2025,False,,
matern52,3,61234.216483139986,True,115,False,1.678304993637212,1.7727323511680435,-2.318278605914145,2025,False,,
matern52,4,61231.826988420886,True,121,False,1.7011067286097612,1.784997759594812,-2.3130009989184637,2025,True,,
matern52,5,61233.44681414294,True,133,False,1.7065069347563668,1.779410323065315,-2.326443358820916,2025,False,,
matern52,6,61231.84255602643,True,127,False,1.7071364877049942,1.7843115799234202,-2.3136147387867716,2025,True,,
matern52,7,61232.45359588703,True,103,False,1.7071162494324892,1.7874299096827626,-2.3186684306269405,2025,False,,
matern52,8,61232.85245861284,True,167,False,1.7094193110168747,1.78830197564961,-2.320457625888178,2025,False,,
matern52,9,61234.12763770118,True,115,False,1.6858777215871887,1.7736153554202683,-2.325372879079635,2025,False,,
matern52,10,61232.70044947116,True,103,False,1.6992424572920126,1.7817594685794584,-2.303023329792339,2025,False,,
matern52,11,61232.80435962239,True,115,False,1.7010159568329253,1.7899017345353228,-2.3008310332165953,2025,False,,
matern52,12,61232.35270470024,True,138,False,1.7014444533873236,1.7836033669564821,-2.3204576258881806,2025,True,,
matern52,13,61232.26960218414,True,133,False,1.6951489188483109,1.778862871761945,-2.3153049440484885,2025,True,,
matern52,14,61233.05670515122,True,91,False,1.7095866475110206,1.7812442717052914,-2.3241928798777116,2025,False,,
matern52,15,61232.63450337972,True,133,False,1.7053551553222395,1.7859656489302669,-2.300459892719858,2025,False,,
matern52,16,61234.07031284368,True,195,False,1.7223846811937027,1.795932229482909,-2.2977878481717373,2025,False,,
matern52,17,61231.90395391359,True,133,False,1.7085929322617628,1.7849708810457925,-2.309683110577337,2025,True,,
matern52,18,61232.39433863515,True,127,False,1.6906039862227464,1.7787263464504701,-2.314987015438494,2025,True,,
matern52,19,61232.51776734979,True,133,False,1.6984403106912713,1.7830086730512176,-2.302672377673738,2025,False,,
periodic,0,70005.58796037897,True,121,False,1.690603986222747,0.1295204114809153,-1.7083736275441896,2025,True,,
periodic,1,70005.11340399878,True,139,False,1.6906039862227469,0.1323202499219357,-1.7010693781699693,2025,True,,
periodic,2,70005.11240336491,True,139,False,1.690603986222747,0.13237396861151085,-1.6985234006995895,2025,True,,
periodic,3,70005.2311046766,True,133,False,1.6858540088912235,0.13287308661551633,-1.6979319785111016,2025,True,,
periodic,4,70005.74314229858,True,139,False,1.694136223795467,0.13300231661342823,-1.6922038669097659,2025,True,,
periodic,5,70005.59151407125,True,127,False,1.6974383663196198,0.13577185924500498,-1.6949971480952595,2025,True,,
periodic,6,70005.81932175334,True,121,False,1.6765762178069346,0.12266641128665287,-1.7065052956059823,2025,False,,
periodic,7,70005.1145025293,True,133,False,1.6924817424848202,0.1307948903006341,-1.7021850536872218,2025,True,,
periodic,8,70005.8021946097,True,206,False,1.6906039862227469,0.1253081196119142,-1.7083736275441908,2025,False,,
periodic,9,70038.95762284385,False,240,False,1.616353245407801,0.10669523701143235,-1.6630340721113073,2025,False,,
periodic,10,70005.86682180705,True,115,False,1.674188967696698,0.12768883202025988,-1.6948280517179442,2025,False,,
periodic,11,70005.48450081258,True,121,False,1.6873032077175965,0.12839097804260347,-1.6953927592857247,2025,True,,
periodic,12,70005.10199380328,True,139,False,1.6868109684451744,0.12836364285509383,-1.7032745407053271,2025,True,,
periodic,13,70005.47413126094,True,109,False,1.6986046899999778,0.13132171708017218,-1.7043050871919505,2025,True,,
periodic,14,70005.09510617326,True,127,False,1.6832648969123536,0.12964409525766576,-1.701560074261684,2025,True,,
periodic,15,70005.54605918637,True,206,False,1.6840127145604689,0.1271494126665858,-1.7083736275441908,2025,True,,
periodic,16,70005.211517943,True,114,False,1.6906039862227467,0.13377137275021334,-1.6986152538145212,2025,True,,
periodic,17,70006.3565263484,True,91,False,1.669647559339861,0.12148870972618359,-1.7079911319482575,2025,False,,
periodic,18,70005.84153655656,True,115,False,1.6973594845730735,0.13100061995507392,-1.7083863677705795,2025,False,,
periodic,19,70005.36505220164,True,121,False,1.6823969660177787,0.1296174022976111,-1.6955178730852907,2025,True,,
locally_periodic,0,60237.631070888325,True,221,True,1.780548716417827,2.302585092994046,2.0967963228485145,2025,False,-2.479146069903289,
locally_periodic,1,60238.19494202193,True,231,True,1.7907360699142185,2.302585092994046,2.097670059070316,2025,False,-2.47914606990329,
locally_periodic,2,60236.947151148095,True,227,True,1.7546298485408083,2.302585092994046,2.0803666498109283,2025,True,-2.4929888023837585,
locally_periodic,3,60236.91514519292,True,203,True,1.7598148843357602,2.302585092994046,2.0802983210197645,2025,True,-2.495592303478074,
locally_periodic,4,60238.04116753608,True,230,True,1.7419467617912434,2.302585092994046,2.0753150423246507,2025,False,-2.4925043782173195,
locally_periodic,5,60261.59859042546,False,240,False,1.7427126530614199,2.1298912110194923,2.103008582877317,2025,False,-2.4358123928812234,
locally_periodic,6,60236.95114240229,True,136,True,1.756058914001687,2.302585092994046,2.0814175359552283,2025,True,-2.494784802266486,
locally_periodic,7,60237.18871551121,False,240,True,1.7737174621858287,2.302585092994046,2.0929061997866882,2025,True,-2.47914606990329,
locally_periodic,8,60237.289754100144,True,135,True,1.776597903750583,2.302585092994046,2.086209264621413,2025,False,-2.4995700727449948,
locally_periodic,9,90036.6948978608,False,240,False,1.2931325831282643,-0.8329912141251206,3.0713867174807308,2025,False,-3.839332732889941,
locally_periodic,10,60551.13814704737,False,240,False,1.766988209529029,0.9785986645224691,2.1625150149988634,2025,False,-2.500782887144378,
locally_periodic,11,60236.65852389514,True,157,True,1.7638981562965017,2.302585092994046,2.0864539426631463,2025,True,-2.4845736892800505,
locally_periodic,12,60241.13114768961,False,240,True,1.8111541281687373,2.302585092994046,2.099167578262098,2025,False,-2.4868609351994646,
locally_periodic,13,60295.551802509704,False,240,False,1.7966261942321406,1.7909058301329674,2.09239469093467,2025,False,-2.4438348092809425,
locally_periodic,14,60240.43398008179,False,240,True,1.74955559034922,2.302585092994046,2.0846119570910697,2025,False,-2.464500562931419,
locally_periodic,15,60350.88370563243,False,240,False,1.8046829463849425,1.6118095650958324,2.168883917676869,2025,False,-2.3884669590375136,
locally_periodic,16,60240.39856331049,False,240,True,1.7414384652028034,2.302585092994046,2.065672383805918,2025,False,-2.502265290447065,
locally_periodic,17,60238.86444818859,True,175,True,1.79517121618182,2.302585092994046,2.0969977943496185,2025,False,-2.498747557260489,
locally_periodic,18,60237.3287900078,True,199,True,1.7625597703788107,2.302585092994046,2.0900664161720055,2025,False,-2.4791460699032863,
locally_periodic,19,60237.68961899221,False,240,True,1.7883737944467601,2.302585092994046,2.096796322848515,2025,False,-2.4830920414927524,
additive,0,59470.06342741316,False,240,False,1.5646813639496355,1.151292546497024,0.7012119540768684,2025,True,1.60390613172091,-2.5698251807690653
additive,1,60388.848936218055,False,240,False,-2.0363286109449485,-1.8420680743952362,1.6072204546458022,2025,False,2.1416901958799826,-7.829213610984098
additive,2,59519.65856719746,False,240,False,1.6676142523157942,1.0256916341436724,0.46032392860958193,2025,False,1.5119663687573373,-2.6219737115832986
additive,3,59472.35274716186,False,240,False,1.5646813639496358,1.208857173821874,0.7184946355173985,2025,False,1.6052614893410364,-2.5698251807690626
additive,4,60547.182297780746,False,240,False,0.5173234227211938,-0.21861406718383491,1.5248832109899764,2025,False,3.1470250525049646,-2.2664695209140033
additive,5,60158.60699330227,True,211,True,-2.2600916085299807,-2.027272602874124,1.7921106330662329,2025,False,2.1447355330952194,-11.819094489078255
additive,6,60015.36053285182,False,240,False,-1.5322188533181678,-0.7354744669572322,1.8084734845718378,2025,False,2.355239860594333,-2.434213768262044
additive,7,59601.588982591784,False,240,True,1.1329466590132533,2.302585092994046,1.0724328677701815,2025,False,1.8020628403448693,-2.556169565375977
additive,8,60119.37976802041,False,240,False,-0.9809664287591973,-0.5676489964653576,1.797793021458736,2025,False,2.392525830254859,-2.3549038103587976
additive,9,63118.20088816339,False,240,False,2.1720601442608602,0.8059047825479166,-0.6858793821339244,2025,False,0.4202111134853218,-6.741064280594783
additive,10,59475.22821959052,False,240,False,1.565719613191565,1.0876905071707368,0.6408896043908534,2025,False,1.5822156871490514,-2.5698251807690626
additive,11,59560.566566394395,False,240,False,1.5338871918021422,1.842068074395237,0.9231472765608041,2025,False,1.724254411182229,-2.485792671331717
additive,12,59930.8757446862,False,240,True,0.8270445351163495,2.302585092994046,1.5894890473166834,2025,False,2.0355681555719642,-2.3901058856655912
additive,13,59491.501146182636,False,240,False,1.6167548164004393,1.103604742962347,0.5619712238157535,2025,False,1.5740475902369475,-2.5141884948168007
additive,14,60287.09598856031,False,240,False,-2.077369009155197,-1.894642570204449,1.9308481676679372,2025,False,2.2380302707837023,-7.082262064923442
additive,15,60179.18847445092,False,240,False,-2.2609753467877445,-1.971657709799866,1.827539428825445,2025,False,2.18378399157737,-5.199519395876582
additive,16,59979.26011232629,False,240,False,-1.5366653663803846,-0.7581473896515842,1.7755081060909161,2025,False,2.3061457567464916,-2.4847657662084766
additive,17,60426.155259495805,False,240,False,-2.0667569905599037,-1.886362499414187,2.082160491315461,2025,False,2.3238264202039463,-9.642795828299613
additive,18,59518.14653578975,False,240,False,1.4866238935509417,1.4966803104461301,0.9578270979173853,2025,False,1.718212225348735,-2.495123097627247
additive,19,59624.78720081506,False,240,False,1.204902443169316,2.245020465669195,1.2695212692356335,2025,False,1.866311728194697,-2.5698251807690626
